-- MySQL dump 10.13  Distrib 8.0.45, for Linux (aarch64)
--
-- Host: localhost    Database: bs001_psycare
-- ------------------------------------------------------
-- Server version	8.0.45

/*!40101 SET @OLD_CHARACTER_SET_CLIENT=@@CHARACTER_SET_CLIENT */;
/*!40101 SET @OLD_CHARACTER_SET_RESULTS=@@CHARACTER_SET_RESULTS */;
/*!40101 SET @OLD_COLLATION_CONNECTION=@@COLLATION_CONNECTION */;
/*!50503 SET NAMES utf8mb4 */;
/*!40103 SET @OLD_TIME_ZONE=@@TIME_ZONE */;
/*!40103 SET TIME_ZONE='+00:00' */;
/*!40014 SET @OLD_UNIQUE_CHECKS=@@UNIQUE_CHECKS, UNIQUE_CHECKS=0 */;
/*!40014 SET @OLD_FOREIGN_KEY_CHECKS=@@FOREIGN_KEY_CHECKS, FOREIGN_KEY_CHECKS=0 */;
/*!40101 SET @OLD_SQL_MODE=@@SQL_MODE, SQL_MODE='NO_AUTO_VALUE_ON_ZERO' */;
/*!40111 SET @OLD_SQL_NOTES=@@SQL_NOTES, SQL_NOTES=0 */;

--
-- Table structure for table `accounts_classgroup`
--

DROP TABLE IF EXISTS `accounts_classgroup`;
/*!40101 SET @saved_cs_client     = @@character_set_client */;
/*!50503 SET character_set_client = utf8mb4 */;
CREATE TABLE `accounts_classgroup` (
  `id` bigint NOT NULL AUTO_INCREMENT,
  `name` varchar(100) COLLATE utf8mb4_unicode_ci NOT NULL,
  `created_at` datetime(6) NOT NULL,
  `major_id` bigint NOT NULL,
  PRIMARY KEY (`id`),
  UNIQUE KEY `uniq_class_major_name` (`major_id`,`name`),
  CONSTRAINT `accounts_classgroup_major_id_5016d6b7_fk_accounts_major_id` FOREIGN KEY (`major_id`) REFERENCES `accounts_major` (`id`)
) ENGINE=InnoDB AUTO_INCREMENT=2 DEFAULT CHARSET=utf8mb4 COLLATE=utf8mb4_unicode_ci;
/*!40101 SET character_set_client = @saved_cs_client */;

--
-- Dumping data for table `accounts_classgroup`
--

LOCK TABLES `accounts_classgroup` WRITE;
/*!40000 ALTER TABLE `accounts_classgroup` DISABLE KEYS */;
INSERT INTO `accounts_classgroup` VALUES (1,'auto-class-073531','2026-02-24 23:35:31.661589',1);
/*!40000 ALTER TABLE `accounts_classgroup` ENABLE KEYS */;
UNLOCK TABLES;

--
-- Table structure for table `accounts_college`
--

DROP TABLE IF EXISTS `accounts_college`;
/*!40101 SET @saved_cs_client     = @@character_set_client */;
/*!50503 SET character_set_client = utf8mb4 */;
CREATE TABLE `accounts_college` (
  `id` bigint NOT NULL AUTO_INCREMENT,
  `name` varchar(100) CHARACTER SET utf8mb4 COLLATE utf8mb4_unicode_ci NOT NULL,
  `created_at` datetime(6) NOT NULL,
  PRIMARY KEY (`id`),
  UNIQUE KEY `name` (`name`)
) ENGINE=InnoDB AUTO_INCREMENT=5 DEFAULT CHARSET=utf8mb4 COLLATE=utf8mb4_unicode_ci;
/*!40101 SET character_set_client = @saved_cs_client */;

--
-- Dumping data for table `accounts_college`
--

LOCK TABLES `accounts_college` WRITE;
/*!40000 ALTER TABLE `accounts_college` DISABLE KEYS */;
INSERT INTO `accounts_college` VALUES (1,'计算机学院','2026-01-31 23:54:49.709543'),(2,'外国语学院','2026-01-31 23:54:49.721857'),(3,'机械工程学院','2026-02-06 11:12:29.549278'),(4,'经济管理学院','2026-02-06 11:12:29.553569');
/*!40000 ALTER TABLE `accounts_college` ENABLE KEYS */;
UNLOCK TABLES;

--
-- Table structure for table `accounts_counselorclassassignment`
--

DROP TABLE IF EXISTS `accounts_counselorclassassignment`;
/*!40101 SET @saved_cs_client     = @@character_set_client */;
/*!50503 SET character_set_client = utf8mb4 */;
CREATE TABLE `accounts_counselorclassassignment` (
  `id` bigint NOT NULL AUTO_INCREMENT,
  `created_at` datetime(6) NOT NULL,
  `class_group_id` bigint NOT NULL,
  `counselor_id` bigint NOT NULL,
  PRIMARY KEY (`id`),
  UNIQUE KEY `uniq_counselor_class` (`counselor_id`,`class_group_id`),
  UNIQUE KEY `uniq_class_one_counselor` (`class_group_id`),
  CONSTRAINT `accounts_counselorcl_class_group_id_d06d39c3_fk_accounts_` FOREIGN KEY (`class_group_id`) REFERENCES `accounts_classgroup` (`id`),
  CONSTRAINT `accounts_counselorcl_counselor_id_11610c5c_fk_accounts_` FOREIGN KEY (`counselor_id`) REFERENCES `accounts_user` (`id`)
) ENGINE=InnoDB AUTO_INCREMENT=2 DEFAULT CHARSET=utf8mb4 COLLATE=utf8mb4_unicode_ci;
/*!40101 SET character_set_client = @saved_cs_client */;

--
-- Dumping data for table `accounts_counselorclassassignment`
--

LOCK TABLES `accounts_counselorclassassignment` WRITE;
/*!40000 ALTER TABLE `accounts_counselorclassassignment` DISABLE KEYS */;
INSERT INTO `accounts_counselorclassassignment` VALUES (1,'2026-02-24 23:35:31.855943',1,3);
/*!40000 ALTER TABLE `accounts_counselorclassassignment` ENABLE KEYS */;
UNLOCK TABLES;

--
-- Table structure for table `accounts_counselorstudent`
--

DROP TABLE IF EXISTS `accounts_counselorstudent`;
/*!40101 SET @saved_cs_client     = @@character_set_client */;
/*!50503 SET character_set_client = utf8mb4 */;
CREATE TABLE `accounts_counselorstudent` (
  `id` bigint NOT NULL AUTO_INCREMENT,
  `created_at` datetime(6) NOT NULL,
  `counselor_id` bigint NOT NULL,
  `student_id` bigint NOT NULL,
  PRIMARY KEY (`id`),
  UNIQUE KEY `uniq_counselor_student` (`counselor_id`,`student_id`),
  KEY `accounts_counselorst_student_id_3e1b7063_fk_accounts_` (`student_id`),
  CONSTRAINT `accounts_counselorst_counselor_id_4aff6679_fk_accounts_` FOREIGN KEY (`counselor_id`) REFERENCES `accounts_user` (`id`),
  CONSTRAINT `accounts_counselorst_student_id_3e1b7063_fk_accounts_` FOREIGN KEY (`student_id`) REFERENCES `accounts_user` (`id`)
) ENGINE=InnoDB AUTO_INCREMENT=180 DEFAULT CHARSET=utf8mb4 COLLATE=utf8mb4_unicode_ci;
/*!40101 SET character_set_client = @saved_cs_client */;

--
-- Dumping data for table `accounts_counselorstudent`
--

LOCK TABLES `accounts_counselorstudent` WRITE;
/*!40000 ALTER TABLE `accounts_counselorstudent` DISABLE KEYS */;
INSERT INTO `accounts_counselorstudent` VALUES (1,'2026-01-31 23:54:50.702092',3,4),(2,'2026-01-31 23:54:50.708703',3,5),(3,'2026-02-06 11:12:39.330264',3,11),(4,'2026-02-06 11:12:39.335668',9,12),(5,'2026-02-06 11:12:39.338554',10,13),(6,'2026-02-06 11:12:39.341693',3,14),(7,'2026-02-06 11:12:39.344306',9,15),(8,'2026-02-06 11:12:39.346557',10,16),(9,'2026-02-06 11:12:39.349599',3,17),(10,'2026-02-06 11:12:39.351813',9,18),(11,'2026-02-06 11:12:39.353803',10,19),(12,'2026-02-06 11:12:39.355820',3,20),(13,'2026-02-06 11:12:39.358190',9,21),(14,'2026-02-06 11:12:39.361191',10,22),(15,'2026-02-06 11:12:39.363768',3,23),(16,'2026-02-06 11:12:39.366254',9,24),(17,'2026-02-06 11:12:39.368486',10,25),(18,'2026-02-06 11:12:39.370976',3,26),(19,'2026-02-06 11:12:39.373359',9,27),(20,'2026-02-06 11:12:39.375889',10,28),(21,'2026-02-06 11:12:39.377863',3,29),(22,'2026-02-06 11:12:39.380863',9,30),(23,'2026-02-06 11:12:39.383216',10,4),(24,'2026-02-06 11:12:39.386182',32,34),(25,'2026-02-06 11:12:39.388257',33,35),(26,'2026-02-06 11:12:39.391257',32,36),(27,'2026-02-06 11:12:39.393753',33,37),(28,'2026-02-06 11:12:39.396979',32,38),(29,'2026-02-06 11:12:39.399461',33,39),(30,'2026-02-06 11:12:39.401777',32,40),(31,'2026-02-06 11:12:39.403674',33,41),(32,'2026-02-06 11:12:39.406063',32,42),(33,'2026-02-06 11:12:39.407918',33,43),(34,'2026-02-06 11:12:39.409782',32,44),(35,'2026-02-06 11:12:39.412037',33,45),(36,'2026-02-06 11:12:39.414402',32,46),(37,'2026-02-06 11:12:39.417174',33,47),(38,'2026-02-06 11:12:39.418893',32,48),(39,'2026-02-06 11:12:39.420863',33,49),(40,'2026-02-06 11:12:39.422566',32,50),(41,'2026-02-06 11:12:39.425138',33,51),(42,'2026-02-06 11:12:39.426763',32,52),(43,'2026-02-06 11:12:39.429123',33,53),(44,'2026-02-06 11:12:39.431916',55,57),(45,'2026-02-06 11:12:39.433865',56,58),(46,'2026-02-06 11:12:39.435766',55,59),(47,'2026-02-06 11:12:39.437838',56,60),(48,'2026-02-06 11:12:39.439813',55,61),(49,'2026-02-06 11:12:39.441915',56,62),(50,'2026-02-06 11:12:39.444120',55,63),(51,'2026-02-06 11:12:39.446333',56,64),(52,'2026-02-06 11:12:39.448661',55,65),(53,'2026-02-06 11:12:39.450728',56,66),(54,'2026-02-06 11:12:39.452963',55,67),(55,'2026-02-06 11:12:39.455120',56,68),(56,'2026-02-06 11:12:39.457126',55,69),(57,'2026-02-06 11:12:39.459085',56,70),(58,'2026-02-06 11:12:39.462729',55,71),(59,'2026-02-06 11:12:39.466220',56,72),(60,'2026-02-06 11:12:39.469398',55,73),(61,'2026-02-06 11:12:39.471783',56,74),(62,'2026-02-06 11:12:39.473771',55,75),(63,'2026-02-06 11:12:39.475973',56,76),(64,'2026-02-06 11:12:39.478076',78,80),(65,'2026-02-06 11:12:39.481307',79,81),(66,'2026-02-06 11:12:39.483087',78,82),(67,'2026-02-06 11:12:39.485709',79,83),(68,'2026-02-06 11:12:39.488182',78,84),(69,'2026-02-06 11:12:39.490069',79,85),(70,'2026-02-06 11:12:39.492208',78,86),(71,'2026-02-06 11:12:39.494850',79,87),(72,'2026-02-06 11:12:39.498113',78,88),(73,'2026-02-06 11:12:39.500448',79,89),(74,'2026-02-06 11:12:39.503040',78,90),(75,'2026-02-06 11:12:39.504991',79,91),(76,'2026-02-06 11:12:39.507480',78,92),(77,'2026-02-06 11:12:39.509711',79,93),(78,'2026-02-06 11:12:39.511721',78,94),(79,'2026-02-06 11:12:39.514251',79,95),(80,'2026-02-06 11:12:39.515943',78,96),(81,'2026-02-06 11:12:39.519198',79,97),(82,'2026-02-06 11:12:39.522244',78,98),(83,'2026-02-06 11:12:39.524972',79,99),(84,'2026-02-06 11:14:43.834203',100,14),(85,'2026-02-06 11:14:43.840259',3,15),(86,'2026-02-06 11:14:43.843463',9,16),(87,'2026-02-06 11:14:43.846059',10,17),(88,'2026-02-06 11:14:43.848807',100,18),(89,'2026-02-06 11:14:43.852292',3,19),(90,'2026-02-06 11:14:43.855055',9,20),(91,'2026-02-06 11:14:43.857181',10,21),(92,'2026-02-06 11:14:43.859693',100,22),(93,'2026-02-06 11:14:43.863952',100,26),(94,'2026-02-06 11:14:43.867512',3,27),(95,'2026-02-06 11:14:43.870051',9,28),(96,'2026-02-06 11:14:43.872862',10,29),(97,'2026-02-06 11:14:43.875155',100,30),(98,'2026-02-06 11:14:43.878291',3,101),(99,'2026-02-06 11:14:43.880634',9,102),(100,'2026-02-06 11:14:43.886115',10,103),(101,'2026-02-06 11:14:43.889790',100,104),(102,'2026-02-06 11:14:43.892375',3,105),(103,'2026-02-06 11:14:43.896765',9,106),(104,'2026-02-06 11:14:43.898992',10,107),(105,'2026-02-06 11:14:43.901314',100,108),(106,'2026-02-06 11:14:43.903214',3,109),(107,'2026-02-06 11:14:43.906361',9,110),(108,'2026-02-06 11:14:43.911114',100,5),(109,'2026-02-06 11:14:43.915265',111,36),(110,'2026-02-06 11:14:43.917826',32,37),(111,'2026-02-06 11:14:43.920282',33,38),(112,'2026-02-06 11:14:43.922455',111,39),(113,'2026-02-06 11:14:43.926814',111,42),(114,'2026-02-06 11:14:43.930004',32,43),(115,'2026-02-06 11:14:43.932498',33,44),(116,'2026-02-06 11:14:43.934296',111,45),(117,'2026-02-06 11:14:43.937345',111,48),(118,'2026-02-06 11:14:43.939508',32,49),(119,'2026-02-06 11:14:43.941646',33,50),(120,'2026-02-06 11:14:43.945102',111,51),(121,'2026-02-06 11:14:43.948651',111,112),(122,'2026-02-06 11:14:43.950939',32,113),(123,'2026-02-06 11:14:43.953250',33,114),(124,'2026-02-06 11:14:43.955324',111,115),(125,'2026-02-06 11:14:43.957467',32,116),(126,'2026-02-06 11:14:43.960153',33,117),(127,'2026-02-06 11:14:43.963675',111,118),(128,'2026-02-06 11:14:43.966450',32,119),(129,'2026-02-06 11:14:43.968802',33,120),(130,'2026-02-06 11:14:43.971225',111,121),(131,'2026-02-06 11:14:43.974213',122,59),(132,'2026-02-06 11:14:43.977922',55,60),(133,'2026-02-06 11:14:43.980966',56,61),(134,'2026-02-06 11:14:43.983092',122,62),(135,'2026-02-06 11:14:43.986354',122,65),(136,'2026-02-06 11:14:43.988585',55,66),(137,'2026-02-06 11:14:43.990612',56,67),(138,'2026-02-06 11:14:43.993404',122,68),(139,'2026-02-06 11:14:43.997518',122,71),(140,'2026-02-06 11:14:43.999664',55,72),(141,'2026-02-06 11:14:44.001736',56,73),(142,'2026-02-06 11:14:44.003608',122,74),(143,'2026-02-06 11:14:44.007375',122,123),(144,'2026-02-06 11:14:44.011257',55,124),(145,'2026-02-06 11:14:44.014893',56,125),(146,'2026-02-06 11:14:44.017902',122,126),(147,'2026-02-06 11:14:44.020503',55,127),(148,'2026-02-06 11:14:44.023408',56,128),(149,'2026-02-06 11:14:44.026311',122,129),(150,'2026-02-06 11:14:44.029508',55,130),(151,'2026-02-06 11:14:44.031875',56,131),(152,'2026-02-06 11:14:44.034028',122,132),(153,'2026-02-06 11:14:44.037233',133,82),(154,'2026-02-06 11:14:44.039654',78,83),(155,'2026-02-06 11:14:44.041411',79,84),(156,'2026-02-06 11:14:44.045148',133,85),(157,'2026-02-06 11:14:44.048623',133,88),(158,'2026-02-06 11:14:44.050768',78,89),(159,'2026-02-06 11:14:44.052976',79,90),(160,'2026-02-06 11:14:44.055286',133,91),(161,'2026-02-06 11:14:44.058309',133,94),(162,'2026-02-06 11:14:44.062121',78,95),(163,'2026-02-06 11:14:44.064066',79,96),(164,'2026-02-06 11:14:44.066374',133,97),(165,'2026-02-06 11:14:44.069428',133,134),(166,'2026-02-06 11:14:44.071822',78,135),(167,'2026-02-06 11:14:44.074258',79,136),(168,'2026-02-06 11:14:44.077771',133,137),(169,'2026-02-06 11:14:44.080799',78,138),(170,'2026-02-06 11:14:44.083171',79,139),(171,'2026-02-06 11:14:44.085446',133,140),(172,'2026-02-06 11:14:44.087352',78,141),(173,'2026-02-06 11:14:44.089503',79,142),(174,'2026-02-06 11:14:44.091505',133,143),(175,'2026-02-24 21:37:34.763545',3,147),(176,'2026-02-24 21:38:43.614810',3,148),(177,'2026-02-24 21:38:58.504898',3,149);
/*!40000 ALTER TABLE `accounts_counselorstudent` ENABLE KEYS */;
UNLOCK TABLES;

--
-- Table structure for table `accounts_major`
--

DROP TABLE IF EXISTS `accounts_major`;
/*!40101 SET @saved_cs_client     = @@character_set_client */;
/*!50503 SET character_set_client = utf8mb4 */;
CREATE TABLE `accounts_major` (
  `id` bigint NOT NULL AUTO_INCREMENT,
  `name` varchar(100) COLLATE utf8mb4_unicode_ci NOT NULL,
  `created_at` datetime(6) NOT NULL,
  `college_id` bigint NOT NULL,
  PRIMARY KEY (`id`),
  UNIQUE KEY `uniq_major_college_name` (`college_id`,`name`),
  CONSTRAINT `accounts_major_college_id_b9b510a4_fk_accounts_college_id` FOREIGN KEY (`college_id`) REFERENCES `accounts_college` (`id`)
) ENGINE=InnoDB AUTO_INCREMENT=2 DEFAULT CHARSET=utf8mb4 COLLATE=utf8mb4_unicode_ci;
/*!40101 SET character_set_client = @saved_cs_client */;

--
-- Dumping data for table `accounts_major`
--

LOCK TABLES `accounts_major` WRITE;
/*!40000 ALTER TABLE `accounts_major` DISABLE KEYS */;
INSERT INTO `accounts_major` VALUES (1,'auto-major-073531','2026-02-24 23:35:31.624108',1);
/*!40000 ALTER TABLE `accounts_major` ENABLE KEYS */;
UNLOCK TABLES;

--
-- Table structure for table `accounts_user`
--

DROP TABLE IF EXISTS `accounts_user`;
/*!40101 SET @saved_cs_client     = @@character_set_client */;
/*!50503 SET character_set_client = utf8mb4 */;
CREATE TABLE `accounts_user` (
  `id` bigint NOT NULL AUTO_INCREMENT,
  `password` varchar(128) CHARACTER SET utf8mb4 COLLATE utf8mb4_unicode_ci NOT NULL,
  `last_login` datetime(6) DEFAULT NULL,
  `is_superuser` tinyint(1) NOT NULL,
  `username` varchar(150) CHARACTER SET utf8mb4 COLLATE utf8mb4_unicode_ci NOT NULL,
  `first_name` varchar(150) CHARACTER SET utf8mb4 COLLATE utf8mb4_unicode_ci NOT NULL,
  `last_name` varchar(150) CHARACTER SET utf8mb4 COLLATE utf8mb4_unicode_ci NOT NULL,
  `email` varchar(254) CHARACTER SET utf8mb4 COLLATE utf8mb4_unicode_ci NOT NULL,
  `is_staff` tinyint(1) NOT NULL,
  `is_active` tinyint(1) NOT NULL,
  `date_joined` datetime(6) NOT NULL,
  `role` varchar(32) CHARACTER SET utf8mb4 COLLATE utf8mb4_unicode_ci NOT NULL,
  `real_name` varchar(64) CHARACTER SET utf8mb4 COLLATE utf8mb4_unicode_ci NOT NULL,
  `student_no` varchar(32) CHARACTER SET utf8mb4 COLLATE utf8mb4_unicode_ci NOT NULL,
  `phone` varchar(32) CHARACTER SET utf8mb4 COLLATE utf8mb4_unicode_ci NOT NULL,
  `college_id` bigint DEFAULT NULL,
  `major_id` bigint DEFAULT NULL,
  `class_group_id` bigint DEFAULT NULL,
  PRIMARY KEY (`id`),
  UNIQUE KEY `username` (`username`),
  KEY `accounts_user_college_id_74466373_fk_accounts_college_id` (`college_id`),
  KEY `accounts_user_major_id_5fa50948_fk_accounts_major_id` (`major_id`),
  KEY `accounts_user_class_group_id_abb58977_fk_accounts_classgroup_id` (`class_group_id`),
  CONSTRAINT `accounts_user_class_group_id_abb58977_fk_accounts_classgroup_id` FOREIGN KEY (`class_group_id`) REFERENCES `accounts_classgroup` (`id`),
  CONSTRAINT `accounts_user_college_id_74466373_fk_accounts_college_id` FOREIGN KEY (`college_id`) REFERENCES `accounts_college` (`id`),
  CONSTRAINT `accounts_user_major_id_5fa50948_fk_accounts_major_id` FOREIGN KEY (`major_id`) REFERENCES `accounts_major` (`id`)
) ENGINE=InnoDB AUTO_INCREMENT=155 DEFAULT CHARSET=utf8mb4 COLLATE=utf8mb4_unicode_ci;
/*!40101 SET character_set_client = @saved_cs_client */;

--
-- Dumping data for table `accounts_user`
--

LOCK TABLES `accounts_user` WRITE;
/*!40000 ALTER TABLE `accounts_user` DISABLE KEYS */;
INSERT INTO `accounts_user` VALUES (1,'pbkdf2_sha256$720000$m8aeYG7tGiZ31kxeSIojIJ$GiB7rjNZRc/9uUMh+ujCXbLXuZ2V/OGf0s530dnAv+o=',NULL,1,'admin','','','',1,1,'2026-01-31 23:54:49.736606','sys_admin','系统管理员','','',NULL,NULL,NULL),(2,'pbkdf2_sha256$720000$vNfm21grYXr54HD927JPuj$T4zzyh2GkJBrQeCIA7Oge7s+akU4MkQdQi/nB6k7Ckw=',NULL,0,'college_admin','','','',0,1,'2026-01-31 23:54:49.940239','college_admin','二级学院管理员','','',1,NULL,NULL),(3,'pbkdf2_sha256$720000$ic7gnofNuGNsW26nHIvj8O$pkjbqL/ymab8n8wO5xFOzQ6KjAve2/mbjHIu6SaE6gk=',NULL,0,'counselor1','','','',0,1,'2026-01-31 23:54:50.133804','counselor','咨询教师1','','',1,NULL,NULL),(4,'pbkdf2_sha256$720000$Bd83K9HDdhFsD48qbInEc1$1vjBtItgBX4UOCxRi20YxMmpSS6BGLByqq8RX9iTB/0=',NULL,0,'student1','','','',0,1,'2026-01-31 23:54:50.324561','student','学生甲','S20260001','',1,NULL,NULL),(5,'pbkdf2_sha256$720000$tQhP8qgbKWRdIiKRQF9sUT$grF0xCUpdXz+pBTUIR+I6kTZBQddRaToqnys31Ch1ZM=',NULL,0,'student2','','','',0,1,'2026-01-31 23:54:50.525574','student','学生乙','S20260002','',1,NULL,NULL),(6,'pbkdf2_sha256$720000$4hm1bgKfp46SzIKRajQ4Ar$5neAvCRIwFn2DN2DQJQnQ9IsjttdBnknVMuwrW/AsaI=',NULL,0,'student_new_1769903934','','','',0,1,'2026-01-31 23:58:54.790309','student','新同学','','',1,NULL,NULL),(7,'pbkdf2_sha256$720000$nv4tJgvBizIZxyJtZ7qFIU$RWu2Z7fVx6g++W9EH0xaAsG56NsUV5n1i7kY4zatMJk=',NULL,0,'student_new2_1769903967','','','',0,1,'2026-01-31 23:59:27.784480','student','新同学2','','',1,NULL,NULL),(8,'pbkdf2_sha256$720000$a76Pjwyh1Al7C9ORa3BTyl$NZnI5vmmkUUERZsg6NmHaYP5NN1ZQ/voueB6kk13Mes=',NULL,0,'cs_admin','','','',0,1,'2026-02-06 11:12:29.560812','college_admin','计算机学院管理员','','',1,NULL,NULL),(9,'pbkdf2_sha256$720000$8m4jWhBSuIv6NQDchG4Zz0$WZ33NHVNpa2qiY6bxsWa7muxsK4yyKxRnvFrYhWFWYk=',NULL,0,'cs_counselor_01','','','',0,1,'2026-02-06 11:12:29.673842','counselor','计算机学院咨询教师1','','',1,NULL,NULL),(10,'pbkdf2_sha256$720000$s3G3UKDMUG2EWhhH5xBgzv$7iivxYNuqTQwU1xznbVuxI3JlVf0wGS1IAZghZiO4n4=',NULL,0,'cs_counselor_02','','','',0,1,'2026-02-06 11:12:29.788004','counselor','计算机学院咨询教师2','','',1,NULL,NULL),(11,'pbkdf2_sha256$720000$CAtbrZSOrRdTlT9MHrUxOx$nk1AcwyFZHIoP+16zc0hP3c3/QQ6R2doomvGsWrWjNU=',NULL,0,'cs_student_001','','','',0,1,'2026-02-06 11:12:29.898678','student','计算机学院学生001','S202601001','',1,NULL,NULL),(12,'pbkdf2_sha256$720000$HdPFZcmVvmXqUWqOyKYTeG$YBQ4CR/Uays6UkmJy8ul4UGaJqS21DVuUu2t7nOEIaA=',NULL,0,'cs_student_002','','','',0,1,'2026-02-06 11:12:30.004122','student','计算机学院学生002','S202601002','',1,NULL,NULL),(13,'pbkdf2_sha256$720000$og82ysYezXEerWidlFI0IB$IlhTbBSXWArW6zhUrOiZNvUAOBisedsAxvBA8xBbi7A=',NULL,0,'cs_student_003','','','',0,1,'2026-02-06 11:12:30.117693','student','计算机学院学生003','S202601003','',1,NULL,NULL),(14,'pbkdf2_sha256$720000$0pLrzq6TEzwWrONoFE734M$gfdbzaF33V4ttbxii2FNpulMUqrxXE9nqSkgyqeE/f8=',NULL,0,'cs_student_004','','','',0,1,'2026-02-06 11:12:30.224736','student','计算机学院学生004','S202601004','',1,NULL,NULL),(15,'pbkdf2_sha256$720000$DJl9R5FJBGd1ndRJjlvwep$Ts74Jx6ZsKoh5AdjbTWy2wnsbY/xZJNaqXnu8PvZpnY=',NULL,0,'cs_student_005','','','',0,1,'2026-02-06 11:12:30.329483','student','计算机学院学生005','S202601005','',1,NULL,NULL),(16,'pbkdf2_sha256$720000$q76t0o8gDC07iXRQjhHuPz$QDhCfGFkMVqLPDawKSSGagRUQ+5nWbQPSVJ0Ip2JmV4=',NULL,0,'cs_student_006','','','',0,1,'2026-02-06 11:12:30.435723','student','计算机学院学生006','S202601006','',1,NULL,NULL),(17,'pbkdf2_sha256$720000$2GFTZOgYNpVFjL2jLHr6Ez$MKJHSfaRId6fRBCQPA+8t1JRlddrN9K5X0IBt9FCBBo=',NULL,0,'cs_student_007','','','',0,1,'2026-02-06 11:12:30.565754','student','计算机学院学生007','S202601007','',1,NULL,NULL),(18,'pbkdf2_sha256$720000$PUxK1lg4LSXA8P6QV3orTN$u1firwZHk4PyMoOmCHAQo08phAzVTN05iwRRKLBob8g=',NULL,0,'cs_student_008','','','',0,1,'2026-02-06 11:12:30.671365','student','计算机学院学生008','S202601008','',1,NULL,NULL),(19,'pbkdf2_sha256$720000$sazRP9dHBpwjkWX5qe6w4I$jrbsUipevqu349UUId6Bsa+fI9/jacDqY/3cwukcFo0=',NULL,0,'cs_student_009','','','',0,1,'2026-02-06 11:12:30.779343','student','计算机学院学生009','S202601009','',1,NULL,NULL),(20,'pbkdf2_sha256$720000$GfzWmd1YKx77FOzTelNExg$pBR4d2sSCA7nN81PY8fKCscmrjDsynWF2wNatCEgwWY=',NULL,0,'cs_student_010','','','',0,1,'2026-02-06 11:12:30.912068','student','计算机学院学生010','S202601010','',1,NULL,NULL),(21,'pbkdf2_sha256$720000$xKK20ofXegm1QKqsLTuam9$vHlyjsSmEhoJ7k0yNqCgvd2oFfsQS8gJVXmsARh0r8c=',NULL,0,'cs_student_011','','','',0,1,'2026-02-06 11:12:31.019876','student','计算机学院学生011','S202601011','',1,NULL,NULL),(22,'pbkdf2_sha256$720000$Y3KLZ4GbGUhMKSuhbO7fTe$UTd1jU8gdPaoPzaqfqxaAdtE7P8XwtFB8Hwn8F62DLM=',NULL,0,'cs_student_012','','','',0,1,'2026-02-06 11:12:31.128315','student','计算机学院学生012','S202601012','',1,NULL,NULL),(23,'pbkdf2_sha256$720000$DdksdQqQZjtLkResR3VfMV$OpCgXKrA8MvxLOQAhwUK8KR2n3PCfCu1/mmRkIn52IA=',NULL,0,'cs_student_013','','','',0,1,'2026-02-06 11:12:31.232187','student','计算机学院学生013','S202601013','',1,NULL,NULL),(24,'pbkdf2_sha256$720000$PeTgSLSDYzICyVq0DAqA5m$PJ72lsAWdn8vE0G7FQjwfy6HYuxmKTJoXo/BFOULclc=',NULL,0,'cs_student_014','','','',0,1,'2026-02-06 11:12:31.347806','student','计算机学院学生014','S202601014','',1,NULL,NULL),(25,'pbkdf2_sha256$720000$7FsDPkn0AmGMOtw2XN2zMW$y63LleONuzoxItpc3yU3aO0FRxSuFXclpW+NnPBTJhk=',NULL,0,'cs_student_015','','','',0,1,'2026-02-06 11:12:31.449719','student','计算机学院学生015','S202601015','',1,NULL,NULL),(26,'pbkdf2_sha256$720000$TSI2tSXxerOHAJkW1WPNje$8fglaZzn5WKw+wkKWySot2Xo9+qsaadh1E+x1FutBaY=',NULL,0,'cs_student_016','','','',0,1,'2026-02-06 11:12:31.551927','student','计算机学院学生016','S202601016','',1,NULL,NULL),(27,'pbkdf2_sha256$720000$JIE4uor7V4WOvNZvQmouxf$Nq1erQzRER9YNIfFjsI3/pNncqt9e6uWcbSB3Q+iLEw=',NULL,0,'cs_student_017','','','',0,1,'2026-02-06 11:12:31.659905','student','计算机学院学生017','S202601017','',1,NULL,NULL),(28,'pbkdf2_sha256$720000$ZkO1JWjEJWzTjHMKGnD50O$oW2MAiUCrRvF1URuv4htt28iuqDGRZIrD3kgKJqy2ys=',NULL,0,'cs_student_018','','','',0,1,'2026-02-06 11:12:31.767460','student','计算机学院学生018','S202601018','',1,NULL,NULL),(29,'pbkdf2_sha256$720000$LW0HPKowd89AtmYbq5RvLG$nFXd/h6RjPfMl4obCFGN9ucXlcCAqZ0qv29P5o4cBTg=',NULL,0,'cs_student_019','','','',0,1,'2026-02-06 11:12:31.876163','student','计算机学院学生019','S202601019','',1,NULL,NULL),(30,'pbkdf2_sha256$720000$bPRxFdEOwwlKtKEBLM8UTL$AWHvlGeHDau1StfZ/Y7C3vLGAJO5b3HxR+JVir3bBtY=',NULL,0,'cs_student_020','','','',0,1,'2026-02-06 11:12:31.984392','student','计算机学院学生020','S202601020','',1,NULL,NULL),(31,'pbkdf2_sha256$720000$LggASbgcIDA2SH1JjgNtBz$2U7upizRniRPGLGyBdE23c+a/EEa9eYfyG7X75YbP8A=',NULL,0,'fl_admin','','','',0,1,'2026-02-06 11:12:32.087759','college_admin','外国语学院管理员','','',2,NULL,NULL),(32,'pbkdf2_sha256$720000$ebrDzpOEUlPEjxcUxg4J6v$iSY79nK/2zQV1rHDfQp0IprSvh3ms3w6/mLNOGshp8E=',NULL,0,'fl_counselor_01','','','',0,1,'2026-02-06 11:12:32.197060','counselor','外国语学院咨询教师1','','',2,NULL,NULL),(33,'pbkdf2_sha256$720000$x5bJvJMLTiwzlCXTqeerOF$h2khLs2eCn34JqEUZDE3cerUXjlDZc1ptoI9cZlZwR0=',NULL,0,'fl_counselor_02','','','',0,1,'2026-02-06 11:12:32.302114','counselor','外国语学院咨询教师2','','',2,NULL,NULL),(34,'pbkdf2_sha256$720000$EMAbZ6lt7R3kFnIyMawCKh$4tgbqVAw9/BLdgXqrADkORGlHMIiYAJMJhTNEzCvbRU=',NULL,0,'fl_student_001','','','',0,1,'2026-02-06 11:12:32.405505','student','外国语学院学生001','S202602001','',2,NULL,NULL),(35,'pbkdf2_sha256$720000$T2jrHsQXAZ3pFhM9vk6rur$TFQkj6qE2TrgJCi5JMLqdrCqalOzxuiXl+AwjfmBK8M=',NULL,0,'fl_student_002','','','',0,1,'2026-02-06 11:12:32.507980','student','外国语学院学生002','S202602002','',2,NULL,NULL),(36,'pbkdf2_sha256$720000$4256txpDc0KkTnruAge6pq$Hkn0D97ockz1hUihNFoZ1yPR16/U0BLMSzZhDfgeeRc=',NULL,0,'fl_student_003','','','',0,1,'2026-02-06 11:12:32.612083','student','外国语学院学生003','S202602003','',2,NULL,NULL),(37,'pbkdf2_sha256$720000$fr8wyoG4H4pvwLr6xzFH1o$+K9rfzZ5BPSmDhA5LwRvN7lKPpnL34Me1k073FycWvU=',NULL,0,'fl_student_004','','','',0,1,'2026-02-06 11:12:32.723700','student','外国语学院学生004','S202602004','',2,NULL,NULL),(38,'pbkdf2_sha256$720000$rCydZHLcJaRYCOyBVDr10O$uJfpzh6aujaRRkf8hrHFZvQZWqB4v3qPzSH6DpctB6s=',NULL,0,'fl_student_005','','','',0,1,'2026-02-06 11:12:32.828788','student','外国语学院学生005','S202602005','',2,NULL,NULL),(39,'pbkdf2_sha256$720000$A1nLSDkZfI6JhOWDRx0rtK$GXs0ysrtoxcmzlmfllRg+C25uXiRx726cxHKoOnQzFc=',NULL,0,'fl_student_006','','','',0,1,'2026-02-06 11:12:32.933760','student','外国语学院学生006','S202602006','',2,NULL,NULL),(40,'pbkdf2_sha256$720000$0WzdHxpn4o9YOiroH3epD3$OrlBxBYBbM3t4Kx+OxdCxeKCHs6zwK63qC3U+s8pm1s=',NULL,0,'fl_student_007','','','',0,1,'2026-02-06 11:12:33.100871','student','外国语学院学生007','S202602007','',2,NULL,NULL),(41,'pbkdf2_sha256$720000$N2FzlhrTALEJ0YV1Iitq1t$WkM6AB3SAz35W+AqkKzEKgf1EZoAMvsb92jin6WjYM4=',NULL,0,'fl_student_008','','','',0,1,'2026-02-06 11:12:33.201656','student','外国语学院学生008','S202602008','',2,NULL,NULL),(42,'pbkdf2_sha256$720000$vgmdfdLBUEp9rY2UnhVd1Y$Akz9FXXPra0RUyOHONUqay0G/YPHRsQFGT403PkDkWo=',NULL,0,'fl_student_009','','','',0,1,'2026-02-06 11:12:33.303669','student','外国语学院学生009','S202602009','',2,NULL,NULL),(43,'pbkdf2_sha256$720000$HKM80ha8Lf6425lQ5VkvrZ$NRooZGdaRVTjEVt1zLcPUO7KMxGJd4AAiMsg9D5hOg0=',NULL,0,'fl_student_010','','','',0,1,'2026-02-06 11:12:33.423512','student','外国语学院学生010','S202602010','',2,NULL,NULL),(44,'pbkdf2_sha256$720000$DzLP37B2p1gd1c5cwTd4XO$LP/t6wgeyVzN+mbO+q75IB7c7Zxnef89k9hofuLzNCU=',NULL,0,'fl_student_011','','','',0,1,'2026-02-06 11:12:33.526618','student','外国语学院学生011','S202602011','',2,NULL,NULL),(45,'pbkdf2_sha256$720000$z3GQ4LciCszavPDoCBdlCZ$g409+hd00GmN9GX2CtneiHujKeS37SEF51ede/cJi1Y=',NULL,0,'fl_student_012','','','',0,1,'2026-02-06 11:12:33.678935','student','外国语学院学生012','S202602012','',2,NULL,NULL),(46,'pbkdf2_sha256$720000$12w0AXtEJpFMrWNDXuDHio$8hNuU3H95idLgN7B9wEA63kat/m47NufTiqT+O0bHvs=',NULL,0,'fl_student_013','','','',0,1,'2026-02-06 11:12:33.777463','student','外国语学院学生013','S202602013','',2,NULL,NULL),(47,'pbkdf2_sha256$720000$eiaehNGEBnv6THcRHbSmnF$/F7pV+IqbGH0CXACq2sjejZQGJSWAHwQmro1uJ5t9zk=',NULL,0,'fl_student_014','','','',0,1,'2026-02-06 11:12:33.875137','student','外国语学院学生014','S202602014','',2,NULL,NULL),(48,'pbkdf2_sha256$720000$yYgZsE12YwDdLkj5jgbsUH$sz8UipxXYQf4/ajdPT8nW3vWIDLzfcXxVA2jCLTrhMA=',NULL,0,'fl_student_015','','','',0,1,'2026-02-06 11:12:33.990545','student','外国语学院学生015','S202602015','',2,NULL,NULL),(49,'pbkdf2_sha256$720000$Xrhz48XqjLQgD26gpl2b61$PbukPZa9ST6GqhbPtE7D3i2FIsQoRDNLKsH65EQqVOc=',NULL,0,'fl_student_016','','','',0,1,'2026-02-06 11:12:34.092509','student','外国语学院学生016','S202602016','',2,NULL,NULL),(50,'pbkdf2_sha256$720000$BaI6xqo0tgVY0n5RMdiKC9$lR+cl2JoKafS0MHz5ZOzu0gS3SWuiMA0eS60oN8oKUQ=',NULL,0,'fl_student_017','','','',0,1,'2026-02-06 11:12:34.191373','student','外国语学院学生017','S202602017','',2,NULL,NULL),(51,'pbkdf2_sha256$720000$pdVVJRT64GjGe1QyVzaors$NNzZssr5e6FcsrWl97L+OGDpqe8q61talxHMIVAoqFQ=',NULL,0,'fl_student_018','','','',0,1,'2026-02-06 11:12:34.293780','student','外国语学院学生018','S202602018','',2,NULL,NULL),(52,'pbkdf2_sha256$720000$dRdR66byeYDrzaG0PhzC9j$S5kVybIu+YFAxMV960VF9pqfN2t1jkb1IJvEvCPKxsE=',NULL,0,'fl_student_019','','','',0,1,'2026-02-06 11:12:34.392385','student','外国语学院学生019','S202602019','',2,NULL,NULL),(53,'pbkdf2_sha256$720000$KaLAo5YyZFe6CPuYnQBbnr$OuFGmMwIZDCAGH96KWoaV4vdw0TjQEExlOYrARCBOBQ=',NULL,0,'fl_student_020','','','',0,1,'2026-02-06 11:12:34.495512','student','外国语学院学生020','S202602020','',2,NULL,NULL),(54,'pbkdf2_sha256$720000$hEgpsvOJkHDnTYnuMeqmwF$JWEetpAqM2W16bCYaW/+Vvc+AJy+pS7R5fQDAolVG7Y=',NULL,0,'me_admin','','','',0,1,'2026-02-06 11:12:34.597667','college_admin','机械工程学院管理员','','',3,NULL,NULL),(55,'pbkdf2_sha256$720000$GWG8XjLiwdhN3YiHV7jSjC$J64zf4HBdBJhF64G2gkI42XFvXKLZC6BfiZG0UY900o=',NULL,0,'me_counselor_01','','','',0,1,'2026-02-06 11:12:34.699006','counselor','机械工程学院咨询教师1','','',3,NULL,NULL),(56,'pbkdf2_sha256$720000$sSwEJfc3iTB7Mws96s286I$Ys6PYKa4wyTfMgoGJH6SGpgHFYe2I/eF4L2xcEvBHPM=',NULL,0,'me_counselor_02','','','',0,1,'2026-02-06 11:12:34.800541','counselor','机械工程学院咨询教师2','','',3,NULL,NULL),(57,'pbkdf2_sha256$720000$4j83CWMt0pJUYBgMQHskxy$CtsC6XXIm4jItBtbl0B0mpQtr3Jn9STuDY84RSQALkg=',NULL,0,'me_student_001','','','',0,1,'2026-02-06 11:12:34.900865','student','机械工程学院学生001','S202603001','',3,NULL,NULL),(58,'pbkdf2_sha256$720000$bjloICP8N2dGPbmXT0lPFZ$d+0HgSV41zI28TaaqsN/8ykTz50JiVsXvhqRnlqdXrc=',NULL,0,'me_student_002','','','',0,1,'2026-02-06 11:12:35.001355','student','机械工程学院学生002','S202603002','',3,NULL,NULL),(59,'pbkdf2_sha256$720000$9cTUkr7ea8RAdTNumovZxb$VW4E5Lt5qmWNKUzQDFxiwKrgy3yvmM1BVaQIAElnmqU=',NULL,0,'me_student_003','','','',0,1,'2026-02-06 11:12:35.103099','student','机械工程学院学生003','S202603003','',3,NULL,NULL),(60,'pbkdf2_sha256$720000$0XpeIE2V2EOPSWxlREIOEo$X0jsCK4tccRfbk8vXZHcV8fEpfzDl1OeJ+gsMzOjyhg=',NULL,0,'me_student_004','','','',0,1,'2026-02-06 11:12:35.203123','student','机械工程学院学生004','S202603004','',3,NULL,NULL),(61,'pbkdf2_sha256$720000$Pd8HrfDRidqifcy9MAW7jM$JiH7T3mgOKXf+MJ00wTxDUqA4LGE1ghQt1ek9wzKwSY=',NULL,0,'me_student_005','','','',0,1,'2026-02-06 11:12:35.301627','student','机械工程学院学生005','S202603005','',3,NULL,NULL),(62,'pbkdf2_sha256$720000$RacWMxYje2w6e9vLUHpHu3$0ERbnoXm0zwV3qw/Oc2jRD59+lWfmLu5Nx3IbSFhH3Q=',NULL,0,'me_student_006','','','',0,1,'2026-02-06 11:12:35.402726','student','机械工程学院学生006','S202603006','',3,NULL,NULL),(63,'pbkdf2_sha256$720000$axbBFSsLtchaHiC9TRA52P$dX/4vgcI4nP7WWDNoQlg6DM9SJeg4Ec8C4V50AELx0Y=',NULL,0,'me_student_007','','','',0,1,'2026-02-06 11:12:35.502360','student','机械工程学院学生007','S202603007','',3,NULL,NULL),(64,'pbkdf2_sha256$720000$eMldP3BKuuEjnmAcoo3mtK$PoAkrMddpXI8VR+/DwxBPFfCZrncGZ+N7Fjpg4HskW0=',NULL,0,'me_student_008','','','',0,1,'2026-02-06 11:12:35.602795','student','机械工程学院学生008','S202603008','',3,NULL,NULL),(65,'pbkdf2_sha256$720000$zOFXIqtFHXkSYPDHls5ZMl$4JVyYqoM4MSC9UNPscMohUVwf+Mzm98fdu0idD4UIXM=',NULL,0,'me_student_009','','','',0,1,'2026-02-06 11:12:35.704732','student','机械工程学院学生009','S202603009','',3,NULL,NULL),(66,'pbkdf2_sha256$720000$2EnwvC8eccVoEb0iGwO7GX$9ykfnrmqosFbokMptPRJhssQOdeM2mpChYxdNIbm8t8=',NULL,0,'me_student_010','','','',0,1,'2026-02-06 11:12:35.806566','student','机械工程学院学生010','S202603010','',3,NULL,NULL),(67,'pbkdf2_sha256$720000$iqzMqg880cv94pmEzRcLzE$0AuWfj1Mvj65lFIoZWzeW2dzdt3POmVYfXiIAuYrM8o=',NULL,0,'me_student_011','','','',0,1,'2026-02-06 11:12:35.907895','student','机械工程学院学生011','S202603011','',3,NULL,NULL),(68,'pbkdf2_sha256$720000$GQ9iCfF9N6YUNSJ7NYC2mg$VC3MFdoa03AT5JhvgqEnFhf6wSKIBIk5VvRjz9KrMAI=',NULL,0,'me_student_012','','','',0,1,'2026-02-06 11:12:36.010005','student','机械工程学院学生012','S202603012','',3,NULL,NULL),(69,'pbkdf2_sha256$720000$zPeu9UMnMlI2zWLYqO2eyQ$VHKJUTYOJ7Vmo6X2Gpe/rkqokXk+u4gBzihkchb9lPk=',NULL,0,'me_student_013','','','',0,1,'2026-02-06 11:12:36.112907','student','机械工程学院学生013','S202603013','',3,NULL,NULL),(70,'pbkdf2_sha256$720000$Sl5PvZ6jN88AjK27Tya9at$u/rFaNe093xZUlzIgENtYlGPu8TXncHTyRCQ1Y1dfn4=',NULL,0,'me_student_014','','','',0,1,'2026-02-06 11:12:36.217530','student','机械工程学院学生014','S202603014','',3,NULL,NULL),(71,'pbkdf2_sha256$720000$rWEnXtfKMoiJuDvytBQznw$SeJmbw5452xKmt9+N38tE3v44eTwdgYAJDQqIieczoQ=',NULL,0,'me_student_015','','','',0,1,'2026-02-06 11:12:36.330515','student','机械工程学院学生015','S202603015','',3,NULL,NULL),(72,'pbkdf2_sha256$720000$3VQ62P7vSQGOq36auzbyiP$91g1pIwyBxEf3Kb0sCKi5idu9IhnCii85ZZ3hVaCR1Q=',NULL,0,'me_student_016','','','',0,1,'2026-02-06 11:12:36.436569','student','机械工程学院学生016','S202603016','',3,NULL,NULL),(73,'pbkdf2_sha256$720000$xVipk7CYMHGMjuSA4shyDK$7qIWdkWYkREv1ygBgoRlcamVZ/e9ng9PjYh7Sna2hHQ=',NULL,0,'me_student_017','','','',0,1,'2026-02-06 11:12:36.545064','student','机械工程学院学生017','S202603017','',3,NULL,NULL),(74,'pbkdf2_sha256$720000$sA6ueyDoOpzFvsiZNmwGE4$61cU9x34gagRKCngm0FYPSVjw6MFDnPH/Bu8rxULGsQ=',NULL,0,'me_student_018','','','',0,1,'2026-02-06 11:12:36.647836','student','机械工程学院学生018','S202603018','',3,NULL,NULL),(75,'pbkdf2_sha256$720000$Ikd1XKKS1HdCL1Ui6TMiQm$pe5bia2Kf3wJo7JvigTcrN3eVzRKCsC0SbeGAeMELOU=',NULL,0,'me_student_019','','','',0,1,'2026-02-06 11:12:36.747607','student','机械工程学院学生019','S202603019','',3,NULL,NULL),(76,'pbkdf2_sha256$720000$vZSUvwww5J6IzHKHTCwOTb$EHJ7pbEdt1jdIRuMiXPwpsim2KYylN9uqSqGVubu28Q=',NULL,0,'me_student_020','','','',0,1,'2026-02-06 11:12:36.850408','student','机械工程学院学生020','S202603020','',3,NULL,NULL),(77,'pbkdf2_sha256$720000$DkEsGfUw5SPzGWLpMTeedJ$0ElyAdhCRa2LongfYPN669GIA6beb140bQprlzcyPNo=',NULL,0,'biz_admin','','','',0,1,'2026-02-06 11:12:36.954109','college_admin','经济管理学院管理员','','',4,NULL,NULL),(78,'pbkdf2_sha256$720000$3K9xFHBe1gpz780chsXpKO$5KgqBNhQ6Tk1O5xo5YF6ByamLk+lF4CPfGLEx+eic6s=',NULL,0,'biz_counselor_01','','','',0,1,'2026-02-06 11:12:37.061425','counselor','经济管理学院咨询教师1','','',4,NULL,NULL),(79,'pbkdf2_sha256$720000$3oklGYG1PcK4pcVW6Jk6Lr$IDOf7rWJvAzz9EPn9Wc5s0S/JDcJkgY4AXEaMBgb0lk=',NULL,0,'biz_counselor_02','','','',0,1,'2026-02-06 11:12:37.167328','counselor','经济管理学院咨询教师2','','',4,NULL,NULL),(80,'pbkdf2_sha256$720000$od7ZgCj14sQrCrS1BGN5ka$r4hAZcPUd6wN30JSTQQcdjyCMhoZKa5yEfguSCaGeiM=',NULL,0,'biz_student_001','','','',0,1,'2026-02-06 11:12:37.267922','student','经济管理学院学生001','S202604001','',4,NULL,NULL),(81,'pbkdf2_sha256$720000$GoarV85sDq9UVeAhOUgXHh$V82aE2t3NPi3FG8fzktxmG/hfi65meeyzBfBpNtBJgU=',NULL,0,'biz_student_002','','','',0,1,'2026-02-06 11:12:37.369220','student','经济管理学院学生002','S202604002','',4,NULL,NULL),(82,'pbkdf2_sha256$720000$5xOEjtROQpY71TG7jHvuK4$0/xkbsAPdW3+Gx4b8peAXGXaOkFUknj+K/Kyl7Gn3JQ=',NULL,0,'biz_student_003','','','',0,1,'2026-02-06 11:12:37.472779','student','经济管理学院学生003','S202604003','',4,NULL,NULL),(83,'pbkdf2_sha256$720000$f4eHCKv5zQTc3rGAUVbiIj$VAxW0d6Nqbx4sc/eTFM02EsOm0Psz6pzoi5wrzhc0Ho=',NULL,0,'biz_student_004','','','',0,1,'2026-02-06 11:12:37.578777','student','经济管理学院学生004','S202604004','',4,NULL,NULL),(84,'pbkdf2_sha256$720000$ISEPsiAZqDooh5U9H3Vohl$VCSwLpldvilTjc6hLRTRvztelvzNCI/PeOQBOt+X7R8=',NULL,0,'biz_student_005','','','',0,1,'2026-02-06 11:12:37.690491','student','经济管理学院学生005','S202604005','',4,NULL,NULL),(85,'pbkdf2_sha256$720000$yE0uyc2pKoItc2B6tgdC3Z$36m+tSdedX4Dqfh5Lmk/ASmeHk3TB6iiwOR5YamLsKU=',NULL,0,'biz_student_006','','','',0,1,'2026-02-06 11:12:37.795523','student','经济管理学院学生006','S202604006','',4,NULL,NULL),(86,'pbkdf2_sha256$720000$GIUNxOul2YBzXlS9um5srl$n05MONkCOlBJaXrcOeOzkO274cdxxCKe297QUIG0LKo=',NULL,0,'biz_student_007','','','',0,1,'2026-02-06 11:12:37.898732','student','经济管理学院学生007','S202604007','',4,NULL,NULL),(87,'pbkdf2_sha256$720000$oBQMY0Okb5oeBWsCbnHNgg$tVPz3uo1rxhHeQ1l/8hIcxTGArVmblXFC6rT8RnKMgg=',NULL,0,'biz_student_008','','','',0,1,'2026-02-06 11:12:38.005216','student','经济管理学院学生008','S202604008','',4,NULL,NULL),(88,'pbkdf2_sha256$720000$GP46S4DuymQPmYuRJXV4dz$KoHUo+mt8DbQ4TBKBieL9xgoGBWtLYxzOdsq0I15Yow=',NULL,0,'biz_student_009','','','',0,1,'2026-02-06 11:12:38.107110','student','经济管理学院学生009','S202604009','',4,NULL,NULL),(89,'pbkdf2_sha256$720000$HyO8eEIU18y2YgN7JfmVY8$6OCKFHA/QO7+U3nAjjzhJwXu2AJ3UNBWu5bxaD+tNx0=',NULL,0,'biz_student_010','','','',0,1,'2026-02-06 11:12:38.208294','student','经济管理学院学生010','S202604010','',4,NULL,NULL),(90,'pbkdf2_sha256$720000$HkNideXNM82aHHGngFgEvn$Y8D0I+fnhVqa1W520GhfqD4rwXjfb3BLuInQ+t1OK0Q=',NULL,0,'biz_student_011','','','',0,1,'2026-02-06 11:12:38.311763','student','经济管理学院学生011','S202604011','',4,NULL,NULL),(91,'pbkdf2_sha256$720000$igwSjodAEhmHs3EgCyKtGC$2iA8mSJ4q+U54scYlv5GWS/zgi9Tli32Zl1dkmt5IIw=',NULL,0,'biz_student_012','','','',0,1,'2026-02-06 11:12:38.413476','student','经济管理学院学生012','S202604012','',4,NULL,NULL),(92,'pbkdf2_sha256$720000$mhzLlUCV09ZN2kXL7Y6TT3$/Qr75qKc7k9+x33whTG66BDQRv1+vG6XHxacckvTIw0=',NULL,0,'biz_student_013','','','',0,1,'2026-02-06 11:12:38.515078','student','经济管理学院学生013','S202604013','',4,NULL,NULL),(93,'pbkdf2_sha256$720000$pURaOJPOJPu7I9TINKqqW3$iF78RVvyHX8mDYYGhNR9msLMVSae/ly0OUwlkEDLS2k=',NULL,0,'biz_student_014','','','',0,1,'2026-02-06 11:12:38.621101','student','经济管理学院学生014','S202604014','',4,NULL,NULL),(94,'pbkdf2_sha256$720000$0ZMZZUVfKBLlEdMrAY2dqk$vy13heYuqnRbAnZ2S1y+C5alXJeb8j5Hj76M3ZwJMec=',NULL,0,'biz_student_015','','','',0,1,'2026-02-06 11:12:38.725728','student','经济管理学院学生015','S202604015','',4,NULL,NULL),(95,'pbkdf2_sha256$720000$b5QKhcJoL7fe2hO5ymQ569$AiPmNZVvq1bbNiRoeR7zTl9X2ftHlfBrPiRx2reg7Vg=',NULL,0,'biz_student_016','','','',0,1,'2026-02-06 11:12:38.822130','student','经济管理学院学生016','S202604016','',4,NULL,NULL),(96,'pbkdf2_sha256$720000$eLeo8Z7UG4kwUOkK1nnkrP$oAbdRW9a2oquC25xubOPiMDnu9hYHqPf77dhQGO3UKo=',NULL,0,'biz_student_017','','','',0,1,'2026-02-06 11:12:38.920915','student','经济管理学院学生017','S202604017','',4,NULL,NULL),(97,'pbkdf2_sha256$720000$uQC5MgCV9ak5QkyzlaE0UG$1JOgoLZhIqP2bRdCssXmpPdMvyDOpsTc7ed/vtwXeII=',NULL,0,'biz_student_018','','','',0,1,'2026-02-06 11:12:39.024861','student','经济管理学院学生018','S202604018','',4,NULL,NULL),(98,'pbkdf2_sha256$720000$bCO8OoH4cBqqPBV9MfrvS4$vcZpEvewM/x7xLGVk1D3WKGatLOwFbt4Q9TY1RjmBiA=',NULL,0,'biz_student_019','','','',0,1,'2026-02-06 11:12:39.127642','student','经济管理学院学生019','S202604019','',4,NULL,NULL),(99,'pbkdf2_sha256$720000$tspgodFMCB8j9vSTdIZRam$+gL/P5I/KkC4804omCoPyzLpH/UpRgrQ3h0RzdgGQG0=',NULL,0,'biz_student_020','','','',0,1,'2026-02-06 11:12:39.230294','student','经济管理学院学生020','S202604020','',4,NULL,NULL),(100,'pbkdf2_sha256$720000$a7oBeDk5GabVpF2n1aEHIK$jCVPpheBCMPeZ35bbhKh/Tc7dYW53ZJQra+DhkAg6SA=',NULL,0,'cs_counselor_03','','','',0,1,'2026-02-06 11:14:38.899570','counselor','计算机学院咨询教师3','','',1,NULL,NULL),(101,'pbkdf2_sha256$720000$aEnYlyzsnG0dVfa3UUnX4y$OqeWhgIGP+n2CR0dFFr7hAxTB1gkPJGjnkcNM4vU+NA=',NULL,0,'cs_student_021','','','',0,1,'2026-02-06 11:14:39.065252','student','计算机学院学生021','S202601021','',1,NULL,NULL),(102,'pbkdf2_sha256$720000$V7lS1b0klb1bsVDZz7FJJo$MvUmDXFiu3KQbAGL/RQMgRqtAIx87quxpViHlJav/KI=',NULL,0,'cs_student_022','','','',0,1,'2026-02-06 11:14:39.174792','student','计算机学院学生022','S202601022','',1,NULL,NULL),(103,'pbkdf2_sha256$720000$HRuxVWYkq3WOWfZAHgygZg$GNqb8QaCjbYv4sR0vwVLHU4uZsbCZ5ESOmKiFV5sYGU=',NULL,0,'cs_student_023','','','',0,1,'2026-02-06 11:14:39.280556','student','计算机学院学生023','S202601023','',1,NULL,NULL),(104,'pbkdf2_sha256$720000$SV2NBFi75K0ONEgKcWJbHA$YrtMi4YWhvMDkUAt6CAY7jyvxx4d88R+ETfKINBGsyw=',NULL,0,'cs_student_024','','','',0,1,'2026-02-06 11:14:39.384630','student','计算机学院学生024','S202601024','',1,NULL,NULL),(105,'pbkdf2_sha256$720000$ZiEq2tA1WAteYVgiRp9uU0$7oJwO/1tG/MzF0u7KkXVfEHC+pfKW1wf5BhljjJ9xuw=',NULL,0,'cs_student_025','','','',0,1,'2026-02-06 11:14:39.488310','student','计算机学院学生025','S202601025','',1,NULL,NULL),(106,'pbkdf2_sha256$720000$L8NPxSNbSdcZ5AnNkIfjCK$B21FtQlg1U941PlmPkRXh6Vr8oEiopl7Dpp06q+cz14=',NULL,0,'cs_student_026','','','',0,1,'2026-02-06 11:14:39.595856','student','计算机学院学生026','S202601026','',1,NULL,NULL),(107,'pbkdf2_sha256$720000$uFE9rQ5WkGpO95P0q8kHTV$rNu3CedhBr098ndMfV/lJd5kSCrt+8YJOfbk6+hhgXc=',NULL,0,'cs_student_027','','','',0,1,'2026-02-06 11:14:39.726277','student','计算机学院学生027','S202601027','',1,NULL,NULL),(108,'pbkdf2_sha256$720000$BPDczbHCoAM4vxQARyXbeU$kHyYwwKr3s8qqbXoXLT6mpZV5RiVFN3jVVbc8YSvlpY=',NULL,0,'cs_student_028','','','',0,1,'2026-02-06 11:14:39.830022','student','计算机学院学生028','S202601028','',1,NULL,NULL),(109,'pbkdf2_sha256$720000$KeuhI4hO76rSgw0IjbvBov$pjXrQFY4VqfxJQ1TdIZtzErZ/KD7sjJ3xNVmf0FVIqg=',NULL,0,'cs_student_029','','','',0,1,'2026-02-06 11:14:39.933199','student','计算机学院学生029','S202601029','',1,NULL,NULL),(110,'pbkdf2_sha256$720000$hfbH4pkRLb2ifClui3gmjk$Obt/uJ//Mp/isYplcfSlcVB9b1kOx/3IX3SLKTy9GFI=',NULL,0,'cs_student_030','','','',0,1,'2026-02-06 11:14:40.085646','student','计算机学院学生030','S202601030','',1,NULL,NULL),(111,'pbkdf2_sha256$720000$KHRlsfzFXtZLVMIE1O8oL0$OmeN+ZJIZ+OEfpG4EALkYJtpt/FBxV6UfHXvbwvuVyw=',NULL,0,'fl_counselor_03','','','',0,1,'2026-02-06 11:14:40.230793','counselor','外国语学院咨询教师3','','',2,NULL,NULL),(112,'pbkdf2_sha256$720000$X0RGYvL2q1tIU1S4blXD5U$DK6BZbCswkG5KAWeNQprIvGNP4AKb4vfOY/N/GD65cw=',NULL,0,'fl_student_021','','','',0,1,'2026-02-06 11:14:40.354500','student','外国语学院学生021','S202602021','',2,NULL,NULL),(113,'pbkdf2_sha256$720000$PDH1Ryda9Bpakp0027PnzO$BdNptnCsubVkYmYE+SLEuQ8ajaMyswN/zfETE0noNYs=',NULL,0,'fl_student_022','','','',0,1,'2026-02-06 11:14:40.463022','student','外国语学院学生022','S202602022','',2,NULL,NULL),(114,'pbkdf2_sha256$720000$pPoAwR8IB62TUwHJXJbDte$w3+AMPjUwNsrHUiOMuSR1Umvjz1J7PygsXTN7wLtq5g=',NULL,0,'fl_student_023','','','',0,1,'2026-02-06 11:14:40.569081','student','外国语学院学生023','S202602023','',2,NULL,NULL),(115,'pbkdf2_sha256$720000$gYPk5d4Lgu1bk5wdbr2gWh$zo0lVfzlm0IKO2HHOTWoy7eQPaq/JiBA/JokaeNTr0s=',NULL,0,'fl_student_024','','','',0,1,'2026-02-06 11:14:40.677283','student','外国语学院学生024','S202602024','',2,NULL,NULL),(116,'pbkdf2_sha256$720000$Rj3gXJzDlNEJWQd3oxmPOg$h/1iRICOnlzATxG/ryukVsULWEDqxPzfjJQHO1ZxHJ0=',NULL,0,'fl_student_025','','','',0,1,'2026-02-06 11:14:40.780810','student','外国语学院学生025','S202602025','',2,NULL,NULL),(117,'pbkdf2_sha256$720000$j9IDv3QlAXCUAik8tS7vyS$CpxYhb/ZMLEZgZ9I5FQEZt0eA+fUgT/reexuN3V/PQI=',NULL,0,'fl_student_026','','','',0,1,'2026-02-06 11:14:40.901828','student','外国语学院学生026','S202602026','',2,NULL,NULL),(118,'pbkdf2_sha256$720000$uDyIuKheEc68tHVfdV2Lqs$njRWWnnI2Q9Kds9SxVBels/WG3PuzAeZnQvmR4SP2EE=',NULL,0,'fl_student_027','','','',0,1,'2026-02-06 11:14:41.033152','student','外国语学院学生027','S202602027','',2,NULL,NULL),(119,'pbkdf2_sha256$720000$pw5TgvGQdPOWf397f6UKN4$+xe79anQfWfKYVIaPD/j5pbi2ASL2TyY1/LOlOSah90=',NULL,0,'fl_student_028','','','',0,1,'2026-02-06 11:14:41.146100','student','外国语学院学生028','S202602028','',2,NULL,NULL),(120,'pbkdf2_sha256$720000$DI3AfB7gEpj9XioiS0z2sD$GG/rn/TyEdHjqfn7/WHBJrXiRxIPy7Jabvdf4k3/MKY=',NULL,0,'fl_student_029','','','',0,1,'2026-02-06 11:14:41.251597','student','外国语学院学生029','S202602029','',2,NULL,NULL),(121,'pbkdf2_sha256$720000$xS2Xfxf07V9nufC8GbF8lB$rDAlS/M9zRHHRvgtJuFAqaLcDscsr5tJSLfohl7z+NY=',NULL,0,'fl_student_030','','','',0,1,'2026-02-06 11:14:41.361519','student','外国语学院学生030','S202602030','',2,NULL,NULL),(122,'pbkdf2_sha256$720000$BKUM1CTEwf7K2opRPEBLGA$m0pd0JOYWw7OTmnNAgXh110Btiqtkzx1NCsoAB6Tbmc=',NULL,0,'me_counselor_03','','','',0,1,'2026-02-06 11:14:41.467516','counselor','机械工程学院咨询教师3','','',3,NULL,NULL),(123,'pbkdf2_sha256$720000$mtZfmirsDsjGQQWtWaoGrh$Wr14sXC8hvHCD9bA7PKkodTuezr0F/rfyimic4uoQxg=',NULL,0,'me_student_021','','','',0,1,'2026-02-06 11:14:41.600140','student','机械工程学院学生021','S202603021','',3,NULL,NULL),(124,'pbkdf2_sha256$720000$KtRrOR4DsHRBlfgZdxOous$dDGhYaIX0Ww+l8U/8qQOSnX9CRf0jYZlNI5rgZzZhFE=',NULL,0,'me_student_022','','','',0,1,'2026-02-06 11:14:41.712308','student','机械工程学院学生022','S202603022','',3,NULL,NULL),(125,'pbkdf2_sha256$720000$m4pi680kn2r6Iox4HIWRPT$sv6aIFkNadfDhdF1yMLTJ2hPAqfF17u+RDfewV9p1N0=',NULL,0,'me_student_023','','','',0,1,'2026-02-06 11:14:41.816141','student','机械工程学院学生023','S202603023','',3,NULL,NULL),(126,'pbkdf2_sha256$720000$0JVLeHy5vLWNYNoXjyQRRS$pl8hAECJ8JNy9UMw4BQdkmAOAupFZzlbB6KegOOOYZk=',NULL,0,'me_student_024','','','',0,1,'2026-02-06 11:14:41.924208','student','机械工程学院学生024','S202603024','',3,NULL,NULL),(127,'pbkdf2_sha256$720000$zbrL9cgKTKMAnfgy2O253c$CViMhAK4qTl2rSWrlmz67TrQL7lspXgJZlLVmyzHxXo=',NULL,0,'me_student_025','','','',0,1,'2026-02-06 11:14:42.029649','student','机械工程学院学生025','S202603025','',3,NULL,NULL),(128,'pbkdf2_sha256$720000$maxB004ZOHxDNy97T0zv1K$Z3q2/5+Q6w1J4EjJdIC+R/wcv3YutlgKl90C8PeLw5o=',NULL,0,'me_student_026','','','',0,1,'2026-02-06 11:14:42.129945','student','机械工程学院学生026','S202603026','',3,NULL,NULL),(129,'pbkdf2_sha256$720000$30OSIRJdJtgNYYIUbDFd7M$zoSJTLBVMxoDB2BboTdXWxJgf/n7ujPvYk2zyz1e3Yo=',NULL,0,'me_student_027','','','',0,1,'2026-02-06 11:14:42.232386','student','机械工程学院学生027','S202603027','',3,NULL,NULL),(130,'pbkdf2_sha256$720000$zMweegLe14WWp8eUjCP3HD$JDPR67VPUViwTZPQ//DFUNfYfVqVXAZQBsWtpBhfmak=',NULL,0,'me_student_028','','','',0,1,'2026-02-06 11:14:42.341378','student','机械工程学院学生028','S202603028','',3,NULL,NULL),(131,'pbkdf2_sha256$720000$8qQso4qPQx6u3EtfnGaFql$z60P0gwOuWWuGIcp2WjhLdwpJBTHaiAir2XdTj41NBk=',NULL,0,'me_student_029','','','',0,1,'2026-02-06 11:14:42.445023','student','机械工程学院学生029','S202603029','',3,NULL,NULL),(132,'pbkdf2_sha256$720000$Ja466FbYMoXB2VeEaq55h1$kODdgiuF+k2G+ksgy594Sbw149c1WwGHAg7EfD2KJL8=',NULL,0,'me_student_030','','','',0,1,'2026-02-06 11:14:42.547356','student','机械工程学院学生030','S202603030','',3,NULL,NULL),(133,'pbkdf2_sha256$720000$no9LyEoXyXQbZ65dXymuVe$oI8KPvfosldGM6y4nEeRkTDfC5fUiowGhLHU6D7lTLE=',NULL,0,'biz_counselor_03','','','',0,1,'2026-02-06 11:14:42.653131','counselor','经济管理学院咨询教师3','','',4,NULL,NULL),(134,'pbkdf2_sha256$720000$HchNUo4kCAeFGUIEwG7nOw$cAi4TEhQ2biX9ueHa8uTW0ICcSP1u596AsONlXJQPcc=',NULL,0,'biz_student_021','','','',0,1,'2026-02-06 11:14:42.784403','student','经济管理学院学生021','S202604021','',4,NULL,NULL),(135,'pbkdf2_sha256$720000$sluJZf63yPqZWFcZSCYSjs$GC4wP5E+ALnboj/h7n65gEr5hdjD0L/yw9ryhXhjqw4=',NULL,0,'biz_student_022','','','',0,1,'2026-02-06 11:14:42.886090','student','经济管理学院学生022','S202604022','',4,NULL,NULL),(136,'pbkdf2_sha256$720000$N1pPQ2YC6Z7rOO8t2zfqHR$8YoV6diopOwbU2D+/L5ot+5x2oPoaZqb9fMmUvM4Z84=',NULL,0,'biz_student_023','','','',0,1,'2026-02-06 11:14:42.990071','student','经济管理学院学生023','S202604023','',4,NULL,NULL),(137,'pbkdf2_sha256$720000$I7WScPlrP6SsYHyFk2ipWf$aQ96a8nSc/nCZjPLzkdOWlELr+8K8GzkuV9tNTeSyhk=',NULL,0,'biz_student_024','','','',0,1,'2026-02-06 11:14:43.095272','student','经济管理学院学生024','S202604024','',4,NULL,NULL),(138,'pbkdf2_sha256$720000$d6PPA2AZAzQ48KcAoxtMUB$K5eA1m+OVU4xHZfqSWdsoRmz+2TwnsNrCS8ZZ9zs6SU=',NULL,0,'biz_student_025','','','',0,1,'2026-02-06 11:14:43.198091','student','经济管理学院学生025','S202604025','',4,NULL,NULL),(139,'pbkdf2_sha256$720000$HRmcEQpOxXGvm2h4P2m4oV$cKHQVnpytuM6KGqljHRkyv4MFNN4UQe8ZwiPxJqYFY8=',NULL,0,'biz_student_026','','','',0,1,'2026-02-06 11:14:43.299542','student','经济管理学院学生026','S202604026','',4,NULL,NULL),(140,'pbkdf2_sha256$720000$JbCAhK4Fh1BOaRAetXq6GR$y8DYtJJU0tnwat4ZMOa6nqgrDdIWhjJll7IwJi9E4AI=',NULL,0,'biz_student_027','','','',0,1,'2026-02-06 11:14:43.404333','student','经济管理学院学生027','S202604027','',4,NULL,NULL),(141,'pbkdf2_sha256$720000$fALBdncxvkh19f1meySjBK$sOyCpLTXSpW/SIfumdDkDJaFAyBJqZjd/xhtBqo4M3g=',NULL,0,'biz_student_028','','','',0,1,'2026-02-06 11:14:43.506770','student','经济管理学院学生028','S202604028','',4,NULL,NULL),(142,'pbkdf2_sha256$720000$S7hx1Ls30iyRU94zSkGioK$9nxnhtjwUpT6gxc5qzLlrcE3S5Ve4DdHEIEUeruHQbU=',NULL,0,'biz_student_029','','','',0,1,'2026-02-06 11:14:43.612463','student','经济管理学院学生029','S202604029','',4,NULL,NULL),(143,'pbkdf2_sha256$720000$GKnUrRXoxsVCRTO8y2xnQo$m9ks6dVZcCX+EeWsEZBbYSgRfo/5NmexHIy0jsDnq/M=',NULL,0,'biz_student_030','','','',0,1,'2026-02-06 11:14:43.725376','student','经济管理学院学生030','S202604030','',4,NULL,NULL),(145,'pbkdf2_sha256$720000$RLiL0vCBpCmXEFnl2iCewk$l/5rqTEYI7FuhFkfunoO09kRj54JxA9ym2k5d2O/7xE=',NULL,0,'e2e_student_1771961817','','','',0,1,'2026-02-24 19:36:57.045645','student','E2E验证学生','','',1,NULL,NULL),(147,'pbkdf2_sha256$720000$KevR9yS37e359sQgfdlXs6$FxGZ6karnJnYMqAtVpZLTpOKj2BP0pJ7RCjrZnIczww=',NULL,0,'e2e_bugcheck_1771969053','','','',0,1,'2026-02-24 21:37:34.000618','student','E2E排查学生','E2E1771969053','',1,NULL,NULL),(148,'pbkdf2_sha256$720000$ryrEehnZ1X11q7bozQ23ty$EcLVF8EnmPwOaD4Xr4JmixNMB0nbvlyx4Sq/lv+1Hms=',NULL,0,'e2e_fullans_1771969123','','','',0,1,'2026-02-24 21:38:43.183092','student','全量答题学生','','',1,NULL,NULL),(149,'pbkdf2_sha256$720000$JMdqfKs9T3QKDVfseFLcMp$CZaQtYCE/c3EqTa9KbzeBup89D6nDanJRG8Zf+Zf/DI=',NULL,0,'e2e_oor_1771969138','','','',0,1,'2026-02-24 21:38:58.093735','student','越界答题学生','','',1,NULL,NULL),(150,'pbkdf2_sha256$720000$G3crNVBmDXheUTFGphEEzJ$h/PlJ+fEqZUH9VtLwHpF26+MMnjrqaItbKcoFUsCkk8=',NULL,0,'bug_missing_ans_1771969252','','','',0,1,'2026-02-24 21:40:52.900155','student','缺失答案复现','','',1,NULL,NULL),(151,'pbkdf2_sha256$720000$dCnFgmniqmcoS4fV0a7w3K$k0F6dpkDu+f2Mqf6tSbjF2llcAmUMCrO1kB65o7TLes=',NULL,0,'bug_oor_1771969263','','','',0,1,'2026-02-24 21:41:03.873656','student','越界答案复现','','',1,NULL,NULL),(152,'pbkdf2_sha256$720000$4HuWQRk2G3cppzUlSW6JBl$+pBp0PwH5pl45DC99BXsG3+6p6vH3GhViUCKb4YiPXc=',NULL,0,'fixcheck_1771969517','','','',0,1,'2026-02-24 21:45:17.323647','student','越界检查','','',1,NULL,NULL),(153,'pbkdf2_sha256$720000$lwW2xXuVbRADOPdzABboNI$o4hSS5mz8S2Cgj29MBPp6R7mxPBLbvkBNw4gjI3hLFw=',NULL,0,'stu_auto_073531','','','',0,1,'2026-02-24 23:35:31.697996','student','Auto Student 073531','073531','',1,1,1),(154,'pbkdf2_sha256$720000$wfNNF3Zq5kSmU2LAOraOQp$qIelbb7xKyMCr2pMnxQ95aobaALLFaz9lk2XHm7bvyc=',NULL,0,'reg_stu_073543','','','',0,1,'2026-02-24 23:35:43.509498','student','注册测试','R073543','',1,NULL,NULL);
/*!40000 ALTER TABLE `accounts_user` ENABLE KEYS */;
UNLOCK TABLES;

--
-- Table structure for table `accounts_user_groups`
--

DROP TABLE IF EXISTS `accounts_user_groups`;
/*!40101 SET @saved_cs_client     = @@character_set_client */;
/*!50503 SET character_set_client = utf8mb4 */;
CREATE TABLE `accounts_user_groups` (
  `id` bigint NOT NULL AUTO_INCREMENT,
  `user_id` bigint NOT NULL,
  `group_id` int NOT NULL,
  PRIMARY KEY (`id`),
  UNIQUE KEY `accounts_user_groups_user_id_group_id_59c0b32f_uniq` (`user_id`,`group_id`),
  KEY `accounts_user_groups_group_id_bd11a704_fk_auth_group_id` (`group_id`),
  CONSTRAINT `accounts_user_groups_group_id_bd11a704_fk_auth_group_id` FOREIGN KEY (`group_id`) REFERENCES `auth_group` (`id`),
  CONSTRAINT `accounts_user_groups_user_id_52b62117_fk_accounts_user_id` FOREIGN KEY (`user_id`) REFERENCES `accounts_user` (`id`)
) ENGINE=InnoDB DEFAULT CHARSET=utf8mb4 COLLATE=utf8mb4_unicode_ci;
/*!40101 SET character_set_client = @saved_cs_client */;

--
-- Dumping data for table `accounts_user_groups`
--

LOCK TABLES `accounts_user_groups` WRITE;
/*!40000 ALTER TABLE `accounts_user_groups` DISABLE KEYS */;
/*!40000 ALTER TABLE `accounts_user_groups` ENABLE KEYS */;
UNLOCK TABLES;

--
-- Table structure for table `accounts_user_user_permissions`
--

DROP TABLE IF EXISTS `accounts_user_user_permissions`;
/*!40101 SET @saved_cs_client     = @@character_set_client */;
/*!50503 SET character_set_client = utf8mb4 */;
CREATE TABLE `accounts_user_user_permissions` (
  `id` bigint NOT NULL AUTO_INCREMENT,
  `user_id` bigint NOT NULL,
  `permission_id` int NOT NULL,
  PRIMARY KEY (`id`),
  UNIQUE KEY `accounts_user_user_permi_user_id_permission_id_2ab516c2_uniq` (`user_id`,`permission_id`),
  KEY `accounts_user_user_p_permission_id_113bb443_fk_auth_perm` (`permission_id`),
  CONSTRAINT `accounts_user_user_p_permission_id_113bb443_fk_auth_perm` FOREIGN KEY (`permission_id`) REFERENCES `auth_permission` (`id`),
  CONSTRAINT `accounts_user_user_p_user_id_e4f0a161_fk_accounts_` FOREIGN KEY (`user_id`) REFERENCES `accounts_user` (`id`)
) ENGINE=InnoDB DEFAULT CHARSET=utf8mb4 COLLATE=utf8mb4_unicode_ci;
/*!40101 SET character_set_client = @saved_cs_client */;

--
-- Dumping data for table `accounts_user_user_permissions`
--

LOCK TABLES `accounts_user_user_permissions` WRITE;
/*!40000 ALTER TABLE `accounts_user_user_permissions` DISABLE KEYS */;
/*!40000 ALTER TABLE `accounts_user_user_permissions` ENABLE KEYS */;
UNLOCK TABLES;

--
-- Table structure for table `assessments_assessmentresult`
--

DROP TABLE IF EXISTS `assessments_assessmentresult`;
/*!40101 SET @saved_cs_client     = @@character_set_client */;
/*!50503 SET character_set_client = utf8mb4 */;
CREATE TABLE `assessments_assessmentresult` (
  `id` bigint NOT NULL AUTO_INCREMENT,
  `total_score` double NOT NULL,
  `avg_score` double NOT NULL,
  `dimension_scores` json NOT NULL,
  `risk_level` varchar(16) CHARACTER SET utf8mb4 COLLATE utf8mb4_unicode_ci NOT NULL,
  `predicted_risk_level` varchar(16) CHARACTER SET utf8mb4 COLLATE utf8mb4_unicode_ci NOT NULL,
  `created_at` datetime(6) NOT NULL,
  `response_id` bigint NOT NULL,
  `model_meta` json NOT NULL DEFAULT (_utf8mb4'{}'),
  PRIMARY KEY (`id`),
  UNIQUE KEY `response_id` (`response_id`),
  CONSTRAINT `assessments_assessme_response_id_3a6175db_fk_surveys_q` FOREIGN KEY (`response_id`) REFERENCES `surveys_questionnaireresponse` (`id`)
) ENGINE=InnoDB AUTO_INCREMENT=293 DEFAULT CHARSET=utf8mb4 COLLATE=utf8mb4_unicode_ci;
/*!40101 SET character_set_client = @saved_cs_client */;

--
-- Dumping data for table `assessments_assessmentresult`
--

LOCK TABLES `assessments_assessmentresult` WRITE;
/*!40000 ALTER TABLE `assessments_assessmentresult` DISABLE KEYS */;
INSERT INTO `assessments_assessmentresult` VALUES (1,32,3.2,'{\"sleep\": 4.0, \"social\": 3.0, \"anxiety\": 4.0, \"somatic\": 2.0, \"depression\": 3.0}','high','high','2026-01-31 23:55:33.585767',1,'{\"confidence\": 0.9999999903803616, \"model_version\": \"mlp_baseline_20260224_180433\"}'),(2,19,1.9,'{\"sleep\": 2.5, \"social\": 2.0, \"anxiety\": 2.0, \"somatic\": 1.5, \"depression\": 1.5}','low','low','2026-02-24 23:37:41.068971',2,'{\"confidence\": 1.0, \"model_version\": \"mlp_baseline_20260224_180433\"}'),(3,20,2,'{\"sleep\": 2.0, \"social\": 1.5, \"anxiety\": 1.5, \"somatic\": 2.5, \"depression\": 2.5}','low','low','2026-02-23 23:37:41.068971',3,'{\"confidence\": 1.0, \"model_version\": \"mlp_baseline_20260224_180433\"}'),(4,21,2.1,'{\"sleep\": 1.5, \"social\": 2.5, \"anxiety\": 2.5, \"somatic\": 2.0, \"depression\": 2.0}','low','low','2026-02-22 23:37:41.068971',4,'{\"confidence\": 1.0, \"model_version\": \"mlp_baseline_20260224_180433\"}'),(5,19,1.9,'{\"sleep\": 2.5, \"social\": 2.0, \"anxiety\": 2.0, \"somatic\": 1.5, \"depression\": 1.5}','low','low','2026-02-21 23:37:41.068971',5,'{\"confidence\": 1.0, \"model_version\": \"mlp_baseline_20260224_180433\"}'),(6,20,2,'{\"sleep\": 2.0, \"social\": 1.5, \"anxiety\": 1.5, \"somatic\": 2.5, \"depression\": 2.5}','low','low','2026-02-20 23:37:41.068971',6,'{\"confidence\": 1.0, \"model_version\": \"mlp_baseline_20260224_180433\"}'),(7,21,2.1,'{\"sleep\": 1.5, \"social\": 2.5, \"anxiety\": 2.5, \"somatic\": 2.0, \"depression\": 2.0}','low','low','2026-02-19 23:37:41.068971',7,'{\"confidence\": 1.0, \"model_version\": \"mlp_baseline_20260224_180433\"}'),(8,29,2.9,'{\"sleep\": 3.5, \"social\": 3.0, \"anxiety\": 3.0, \"somatic\": 2.5, \"depression\": 2.5}','medium','low','2026-02-18 23:37:41.068971',8,'{\"confidence\": 1.0, \"model_version\": \"mlp_baseline_20260224_180433\"}'),(9,30,3,'{\"sleep\": 3.0, \"social\": 2.5, \"anxiety\": 2.5, \"somatic\": 3.5, \"depression\": 3.5}','medium','high','2026-02-17 23:37:41.068971',9,'{\"confidence\": 0.9999943612658172, \"model_version\": \"mlp_baseline_20260224_180433\"}'),(10,31,3.1,'{\"sleep\": 2.5, \"social\": 3.5, \"anxiety\": 3.5, \"somatic\": 3.0, \"depression\": 3.0}','medium','high','2026-02-16 23:37:41.068971',10,'{\"confidence\": 0.9999999825583586, \"model_version\": \"mlp_baseline_20260224_180433\"}'),(11,39,3.9,'{\"sleep\": 4.5, \"social\": 4.0, \"anxiety\": 4.0, \"somatic\": 3.5, \"depression\": 3.5}','high','high','2026-02-15 23:37:41.068971',11,'{\"confidence\": 0.999999999994869, \"model_version\": \"mlp_baseline_20260224_180433\"}'),(12,20,2,'{\"sleep\": 2.0, \"social\": 1.5, \"anxiety\": 1.5, \"somatic\": 2.5, \"depression\": 2.5}','low','low','2026-02-14 23:37:41.068971',12,'{\"confidence\": 1.0, \"model_version\": \"mlp_baseline_20260224_180433\"}'),(13,21,2.1,'{\"sleep\": 1.5, \"social\": 2.5, \"anxiety\": 2.5, \"somatic\": 2.0, \"depression\": 2.0}','low','low','2026-02-13 23:37:41.068971',13,'{\"confidence\": 1.0, \"model_version\": \"mlp_baseline_20260224_180433\"}'),(14,180,2,'{\"phobic\": 2.0, \"anxiety\": 2.0, \"paranoid\": 2.0, \"hostility\": 2.0, \"additional\": 2.0, \"compulsive\": 2.0, \"depression\": 2.0, \"psychoticism\": 2.0, \"somatization\": 2.0, \"interpersonal\": 2.0}','low','low','2026-02-23 22:37:41.068971',14,'{\"confidence\": 1.0, \"model_version\": \"mlp_baseline_20260224_180433\"}'),(15,180,2,'{\"phobic\": 2.0, \"anxiety\": 2.0, \"paranoid\": 2.0, \"hostility\": 2.0, \"additional\": 2.0, \"compulsive\": 2.0, \"depression\": 2.0, \"psychoticism\": 2.0, \"somatization\": 2.0, \"interpersonal\": 2.0}','low','low','2026-02-22 22:37:41.068971',15,'{\"confidence\": 1.0, \"model_version\": \"mlp_baseline_20260224_180433\"}'),(16,180,2,'{\"phobic\": 2.0, \"anxiety\": 2.0, \"paranoid\": 2.0, \"hostility\": 2.0, \"additional\": 2.0, \"compulsive\": 2.0, \"depression\": 2.0, \"psychoticism\": 2.0, \"somatization\": 2.0, \"interpersonal\": 2.0}','low','low','2026-02-21 22:37:41.068971',16,'{\"confidence\": 1.0, \"model_version\": \"mlp_baseline_20260224_180433\"}'),(17,180,2,'{\"phobic\": 2.0, \"anxiety\": 2.0, \"paranoid\": 2.0, \"hostility\": 2.0, \"additional\": 2.0, \"compulsive\": 2.0, \"depression\": 2.0, \"psychoticism\": 2.0, \"somatization\": 2.0, \"interpersonal\": 2.0}','low','low','2026-02-20 22:37:41.068971',17,'{\"confidence\": 1.0, \"model_version\": \"mlp_baseline_20260224_180433\"}'),(18,180,2,'{\"phobic\": 2.0, \"anxiety\": 2.0, \"paranoid\": 2.0, \"hostility\": 2.0, \"additional\": 2.0, \"compulsive\": 2.0, \"depression\": 2.0, \"psychoticism\": 2.0, \"somatization\": 2.0, \"interpersonal\": 2.0}','low','low','2026-02-19 22:37:41.068971',18,'{\"confidence\": 1.0, \"model_version\": \"mlp_baseline_20260224_180433\"}'),(19,270,3,'{\"phobic\": 3.0, \"anxiety\": 3.0, \"paranoid\": 3.0, \"hostility\": 3.0, \"additional\": 3.0, \"compulsive\": 3.0, \"depression\": 3.0, \"psychoticism\": 3.0, \"somatization\": 3.0, \"interpersonal\": 3.0}','medium','high','2026-02-18 22:37:41.068971',19,'{\"confidence\": 0.9999998824069212, \"model_version\": \"mlp_baseline_20260224_180433\"}'),(20,270,3,'{\"phobic\": 3.0, \"anxiety\": 3.0, \"paranoid\": 3.0, \"hostility\": 3.0, \"additional\": 3.0, \"compulsive\": 3.0, \"depression\": 3.0, \"psychoticism\": 3.0, \"somatization\": 3.0, \"interpersonal\": 3.0}','medium','high','2026-02-17 22:37:41.068971',20,'{\"confidence\": 0.9999998824069212, \"model_version\": \"mlp_baseline_20260224_180433\"}'),(21,270,3,'{\"phobic\": 3.0, \"anxiety\": 3.0, \"paranoid\": 3.0, \"hostility\": 3.0, \"additional\": 3.0, \"compulsive\": 3.0, \"depression\": 3.0, \"psychoticism\": 3.0, \"somatization\": 3.0, \"interpersonal\": 3.0}','medium','high','2026-02-16 22:37:41.068971',21,'{\"confidence\": 0.9999998824069212, \"model_version\": \"mlp_baseline_20260224_180433\"}'),(22,360,4,'{\"phobic\": 4.0, \"anxiety\": 4.0, \"paranoid\": 4.0, \"hostility\": 4.0, \"additional\": 4.0, \"compulsive\": 4.0, \"depression\": 4.0, \"psychoticism\": 4.0, \"somatization\": 4.0, \"interpersonal\": 4.0}','high','high','2026-02-15 22:37:41.068971',22,'{\"confidence\": 0.9999999998627932, \"model_version\": \"mlp_baseline_20260224_180433\"}'),(23,180,2,'{\"phobic\": 2.0, \"anxiety\": 2.0, \"paranoid\": 2.0, \"hostility\": 2.0, \"additional\": 2.0, \"compulsive\": 2.0, \"depression\": 2.0, \"psychoticism\": 2.0, \"somatization\": 2.0, \"interpersonal\": 2.0}','low','low','2026-02-14 22:37:41.068971',23,'{\"confidence\": 1.0, \"model_version\": \"mlp_baseline_20260224_180433\"}'),(24,180,2,'{\"phobic\": 2.0, \"anxiety\": 2.0, \"paranoid\": 2.0, \"hostility\": 2.0, \"additional\": 2.0, \"compulsive\": 2.0, \"depression\": 2.0, \"psychoticism\": 2.0, \"somatization\": 2.0, \"interpersonal\": 2.0}','low','low','2026-02-13 22:37:41.068971',24,'{\"confidence\": 1.0, \"model_version\": \"mlp_baseline_20260224_180433\"}'),(25,180,2,'{\"phobic\": 2.0, \"anxiety\": 2.0, \"paranoid\": 2.0, \"hostility\": 2.0, \"additional\": 2.0, \"compulsive\": 2.0, \"depression\": 2.0, \"psychoticism\": 2.0, \"somatization\": 2.0, \"interpersonal\": 2.0}','low','low','2026-02-12 22:37:41.068971',25,'{\"confidence\": 1.0, \"model_version\": \"mlp_baseline_20260224_180433\"}'),(26,30,1.5,'{\"anxiety\": 1.5}','low','low','2026-02-22 21:37:41.068971',26,'{\"confidence\": 0.9873864599775176, \"model_version\": \"mlp_baseline_20260224_180433\"}'),(27,30,1.5,'{\"anxiety\": 1.5}','low','low','2026-02-21 21:37:41.068971',27,'{\"confidence\": 0.9873864599775176, \"model_version\": \"mlp_baseline_20260224_180433\"}'),(28,30,1.5,'{\"anxiety\": 1.5}','low','low','2026-02-20 21:37:41.068971',28,'{\"confidence\": 0.9873864599775176, \"model_version\": \"mlp_baseline_20260224_180433\"}'),(29,30,1.5,'{\"anxiety\": 1.5}','low','low','2026-02-19 21:37:41.068971',29,'{\"confidence\": 0.9873864599775176, \"model_version\": \"mlp_baseline_20260224_180433\"}'),(30,50,2.5,'{\"anxiety\": 2.5}','medium','low','2026-02-18 21:37:41.068971',30,'{\"confidence\": 0.9852994836034948, \"model_version\": \"mlp_baseline_20260224_180433\"}'),(31,50,2.5,'{\"anxiety\": 2.5}','medium','low','2026-02-17 21:37:41.068971',31,'{\"confidence\": 0.9852994836034948, \"model_version\": \"mlp_baseline_20260224_180433\"}'),(32,50,2.5,'{\"anxiety\": 2.5}','medium','low','2026-02-16 21:37:41.068971',32,'{\"confidence\": 0.9852994836034948, \"model_version\": \"mlp_baseline_20260224_180433\"}'),(33,70,3.5,'{\"anxiety\": 3.5}','high','high','2026-02-15 21:37:41.068971',33,'{\"confidence\": 0.9999999911786238, \"model_version\": \"mlp_baseline_20260224_180433\"}'),(34,30,1.5,'{\"anxiety\": 1.5}','low','low','2026-02-14 21:37:41.068971',34,'{\"confidence\": 0.9873864599775176, \"model_version\": \"mlp_baseline_20260224_180433\"}'),(35,30,1.5,'{\"anxiety\": 1.5}','low','low','2026-02-13 21:37:41.068971',35,'{\"confidence\": 0.9873864599775176, \"model_version\": \"mlp_baseline_20260224_180433\"}'),(36,30,1.5,'{\"anxiety\": 1.5}','low','low','2026-02-12 21:37:41.068971',36,'{\"confidence\": 0.9873864599775176, \"model_version\": \"mlp_baseline_20260224_180433\"}'),(37,30,1.5,'{\"anxiety\": 1.5}','low','low','2026-02-11 21:37:41.068971',37,'{\"confidence\": 0.9873864599775176, \"model_version\": \"mlp_baseline_20260224_180433\"}'),(38,30,1.5,'{\"depression\": 1.5}','low','low','2026-02-21 20:37:41.068971',38,'{\"confidence\": 0.9999956384568536, \"model_version\": \"mlp_baseline_20260224_180433\"}'),(39,30,1.5,'{\"depression\": 1.5}','low','low','2026-02-20 20:37:41.068971',39,'{\"confidence\": 0.9999956384568536, \"model_version\": \"mlp_baseline_20260224_180433\"}'),(40,30,1.5,'{\"depression\": 1.5}','low','low','2026-02-19 20:37:41.068971',40,'{\"confidence\": 0.9999956384568536, \"model_version\": \"mlp_baseline_20260224_180433\"}'),(41,50,2.5,'{\"depression\": 2.5}','medium','low','2026-02-18 20:37:41.068971',41,'{\"confidence\": 0.9999984894790752, \"model_version\": \"mlp_baseline_20260224_180433\"}'),(42,50,2.5,'{\"depression\": 2.5}','medium','low','2026-02-17 20:37:41.068971',42,'{\"confidence\": 0.9999984894790752, \"model_version\": \"mlp_baseline_20260224_180433\"}'),(43,50,2.5,'{\"depression\": 2.5}','medium','low','2026-02-16 20:37:41.068971',43,'{\"confidence\": 0.9999984894790752, \"model_version\": \"mlp_baseline_20260224_180433\"}'),(44,70,3.5,'{\"depression\": 3.5}','high','high','2026-02-15 20:37:41.068971',44,'{\"confidence\": 0.9999999965745444, \"model_version\": \"mlp_baseline_20260224_180433\"}'),(45,30,1.5,'{\"depression\": 1.5}','low','low','2026-02-14 20:37:41.068971',45,'{\"confidence\": 0.9999956384568536, \"model_version\": \"mlp_baseline_20260224_180433\"}'),(46,30,1.5,'{\"depression\": 1.5}','low','low','2026-02-13 20:37:41.068971',46,'{\"confidence\": 0.9999956384568536, \"model_version\": \"mlp_baseline_20260224_180433\"}'),(47,30,1.5,'{\"depression\": 1.5}','low','low','2026-02-12 20:37:41.068971',47,'{\"confidence\": 0.9999956384568536, \"model_version\": \"mlp_baseline_20260224_180433\"}'),(48,30,1.5,'{\"depression\": 1.5}','low','low','2026-02-11 20:37:41.068971',48,'{\"confidence\": 0.9999956384568536, \"model_version\": \"mlp_baseline_20260224_180433\"}'),(49,30,1.5,'{\"depression\": 1.5}','low','low','2026-02-10 20:37:41.068971',49,'{\"confidence\": 0.9999956384568536, \"model_version\": \"mlp_baseline_20260224_180433\"}'),(50,180,2,'{\"phobic\": 2.0, \"anxiety\": 2.0, \"paranoid\": 2.0, \"hostility\": 2.0, \"additional\": 2.0, \"compulsive\": 2.0, \"depression\": 2.0, \"psychoticism\": 2.0, \"somatization\": 2.0, \"interpersonal\": 2.0}','low','low','2026-02-20 19:37:41.068971',50,'{\"confidence\": 1.0, \"model_version\": \"mlp_baseline_20260224_180433\"}'),(51,180,2,'{\"phobic\": 2.0, \"anxiety\": 2.0, \"paranoid\": 2.0, \"hostility\": 2.0, \"additional\": 2.0, \"compulsive\": 2.0, \"depression\": 2.0, \"psychoticism\": 2.0, \"somatization\": 2.0, \"interpersonal\": 2.0}','low','low','2026-02-19 19:37:41.068971',51,'{\"confidence\": 1.0, \"model_version\": \"mlp_baseline_20260224_180433\"}'),(52,270,3,'{\"phobic\": 3.0, \"anxiety\": 3.0, \"paranoid\": 3.0, \"hostility\": 3.0, \"additional\": 3.0, \"compulsive\": 3.0, \"depression\": 3.0, \"psychoticism\": 3.0, \"somatization\": 3.0, \"interpersonal\": 3.0}','medium','high','2026-02-18 19:37:41.068971',52,'{\"confidence\": 0.9999998824069212, \"model_version\": \"mlp_baseline_20260224_180433\"}'),(53,270,3,'{\"phobic\": 3.0, \"anxiety\": 3.0, \"paranoid\": 3.0, \"hostility\": 3.0, \"additional\": 3.0, \"compulsive\": 3.0, \"depression\": 3.0, \"psychoticism\": 3.0, \"somatization\": 3.0, \"interpersonal\": 3.0}','medium','high','2026-02-17 19:37:41.068971',53,'{\"confidence\": 0.9999998824069212, \"model_version\": \"mlp_baseline_20260224_180433\"}'),(54,270,3,'{\"phobic\": 3.0, \"anxiety\": 3.0, \"paranoid\": 3.0, \"hostility\": 3.0, \"additional\": 3.0, \"compulsive\": 3.0, \"depression\": 3.0, \"psychoticism\": 3.0, \"somatization\": 3.0, \"interpersonal\": 3.0}','medium','high','2026-02-16 19:37:41.068971',54,'{\"confidence\": 0.9999998824069212, \"model_version\": \"mlp_baseline_20260224_180433\"}'),(55,360,4,'{\"phobic\": 4.0, \"anxiety\": 4.0, \"paranoid\": 4.0, \"hostility\": 4.0, \"additional\": 4.0, \"compulsive\": 4.0, \"depression\": 4.0, \"psychoticism\": 4.0, \"somatization\": 4.0, \"interpersonal\": 4.0}','high','high','2026-02-15 19:37:41.068971',55,'{\"confidence\": 0.9999999998627932, \"model_version\": \"mlp_baseline_20260224_180433\"}'),(56,180,2,'{\"phobic\": 2.0, \"anxiety\": 2.0, \"paranoid\": 2.0, \"hostility\": 2.0, \"additional\": 2.0, \"compulsive\": 2.0, \"depression\": 2.0, \"psychoticism\": 2.0, \"somatization\": 2.0, \"interpersonal\": 2.0}','low','low','2026-02-14 19:37:41.068971',56,'{\"confidence\": 1.0, \"model_version\": \"mlp_baseline_20260224_180433\"}'),(57,180,2,'{\"phobic\": 2.0, \"anxiety\": 2.0, \"paranoid\": 2.0, \"hostility\": 2.0, \"additional\": 2.0, \"compulsive\": 2.0, \"depression\": 2.0, \"psychoticism\": 2.0, \"somatization\": 2.0, \"interpersonal\": 2.0}','low','low','2026-02-13 19:37:41.068971',57,'{\"confidence\": 1.0, \"model_version\": \"mlp_baseline_20260224_180433\"}'),(58,180,2,'{\"phobic\": 2.0, \"anxiety\": 2.0, \"paranoid\": 2.0, \"hostility\": 2.0, \"additional\": 2.0, \"compulsive\": 2.0, \"depression\": 2.0, \"psychoticism\": 2.0, \"somatization\": 2.0, \"interpersonal\": 2.0}','low','low','2026-02-12 19:37:41.068971',58,'{\"confidence\": 1.0, \"model_version\": \"mlp_baseline_20260224_180433\"}'),(59,180,2,'{\"phobic\": 2.0, \"anxiety\": 2.0, \"paranoid\": 2.0, \"hostility\": 2.0, \"additional\": 2.0, \"compulsive\": 2.0, \"depression\": 2.0, \"psychoticism\": 2.0, \"somatization\": 2.0, \"interpersonal\": 2.0}','low','low','2026-02-11 19:37:41.068971',59,'{\"confidence\": 1.0, \"model_version\": \"mlp_baseline_20260224_180433\"}'),(60,180,2,'{\"phobic\": 2.0, \"anxiety\": 2.0, \"paranoid\": 2.0, \"hostility\": 2.0, \"additional\": 2.0, \"compulsive\": 2.0, \"depression\": 2.0, \"psychoticism\": 2.0, \"somatization\": 2.0, \"interpersonal\": 2.0}','low','low','2026-02-10 19:37:41.068971',60,'{\"confidence\": 1.0, \"model_version\": \"mlp_baseline_20260224_180433\"}'),(61,180,2,'{\"phobic\": 2.0, \"anxiety\": 2.0, \"paranoid\": 2.0, \"hostility\": 2.0, \"additional\": 2.0, \"compulsive\": 2.0, \"depression\": 2.0, \"psychoticism\": 2.0, \"somatization\": 2.0, \"interpersonal\": 2.0}','low','low','2026-02-09 19:37:41.068971',61,'{\"confidence\": 1.0, \"model_version\": \"mlp_baseline_20260224_180433\"}'),(62,30,1.5,'{\"anxiety\": 1.5}','low','low','2026-02-19 18:37:41.068971',62,'{\"confidence\": 0.9873864599775176, \"model_version\": \"mlp_baseline_20260224_180433\"}'),(63,50,2.5,'{\"anxiety\": 2.5}','medium','low','2026-02-18 18:37:41.068971',63,'{\"confidence\": 0.9852994836034948, \"model_version\": \"mlp_baseline_20260224_180433\"}'),(64,50,2.5,'{\"anxiety\": 2.5}','medium','low','2026-02-17 18:37:41.068971',64,'{\"confidence\": 0.9852994836034948, \"model_version\": \"mlp_baseline_20260224_180433\"}'),(65,50,2.5,'{\"anxiety\": 2.5}','medium','low','2026-02-16 18:37:41.068971',65,'{\"confidence\": 0.9852994836034948, \"model_version\": \"mlp_baseline_20260224_180433\"}'),(66,70,3.5,'{\"anxiety\": 3.5}','high','high','2026-02-15 18:37:41.068971',66,'{\"confidence\": 0.9999999911786238, \"model_version\": \"mlp_baseline_20260224_180433\"}'),(67,30,1.5,'{\"anxiety\": 1.5}','low','low','2026-02-14 18:37:41.068971',67,'{\"confidence\": 0.9873864599775176, \"model_version\": \"mlp_baseline_20260224_180433\"}'),(68,30,1.5,'{\"anxiety\": 1.5}','low','low','2026-02-13 18:37:41.068971',68,'{\"confidence\": 0.9873864599775176, \"model_version\": \"mlp_baseline_20260224_180433\"}'),(69,30,1.5,'{\"anxiety\": 1.5}','low','low','2026-02-12 18:37:41.068971',69,'{\"confidence\": 0.9873864599775176, \"model_version\": \"mlp_baseline_20260224_180433\"}'),(70,30,1.5,'{\"anxiety\": 1.5}','low','low','2026-02-11 18:37:41.068971',70,'{\"confidence\": 0.9873864599775176, \"model_version\": \"mlp_baseline_20260224_180433\"}'),(71,30,1.5,'{\"anxiety\": 1.5}','low','low','2026-02-10 18:37:41.068971',71,'{\"confidence\": 0.9873864599775176, \"model_version\": \"mlp_baseline_20260224_180433\"}'),(72,30,1.5,'{\"anxiety\": 1.5}','low','low','2026-02-09 18:37:41.068971',72,'{\"confidence\": 0.9873864599775176, \"model_version\": \"mlp_baseline_20260224_180433\"}'),(73,50,2.5,'{\"anxiety\": 2.5}','medium','low','2026-02-08 18:37:41.068971',73,'{\"confidence\": 0.9852994836034948, \"model_version\": \"mlp_baseline_20260224_180433\"}'),(74,50,2.5,'{\"depression\": 2.5}','medium','low','2026-02-18 23:37:41.068971',74,'{\"confidence\": 0.9999984894790752, \"model_version\": \"mlp_baseline_20260224_180433\"}'),(75,50,2.5,'{\"depression\": 2.5}','medium','low','2026-02-17 23:37:41.068971',75,'{\"confidence\": 0.9999984894790752, \"model_version\": \"mlp_baseline_20260224_180433\"}'),(76,50,2.5,'{\"depression\": 2.5}','medium','low','2026-02-16 23:37:41.068971',76,'{\"confidence\": 0.9999984894790752, \"model_version\": \"mlp_baseline_20260224_180433\"}'),(77,70,3.5,'{\"depression\": 3.5}','high','high','2026-02-15 23:37:41.068971',77,'{\"confidence\": 0.9999999965745444, \"model_version\": \"mlp_baseline_20260224_180433\"}'),(78,30,1.5,'{\"depression\": 1.5}','low','low','2026-02-14 23:37:41.068971',78,'{\"confidence\": 0.9999956384568536, \"model_version\": \"mlp_baseline_20260224_180433\"}'),(79,30,1.5,'{\"depression\": 1.5}','low','low','2026-02-13 23:37:41.068971',79,'{\"confidence\": 0.9999956384568536, \"model_version\": \"mlp_baseline_20260224_180433\"}'),(80,30,1.5,'{\"depression\": 1.5}','low','low','2026-02-12 23:37:41.068971',80,'{\"confidence\": 0.9999956384568536, \"model_version\": \"mlp_baseline_20260224_180433\"}'),(81,30,1.5,'{\"depression\": 1.5}','low','low','2026-02-11 23:37:41.068971',81,'{\"confidence\": 0.9999956384568536, \"model_version\": \"mlp_baseline_20260224_180433\"}'),(82,30,1.5,'{\"depression\": 1.5}','low','low','2026-02-10 23:37:41.068971',82,'{\"confidence\": 0.9999956384568536, \"model_version\": \"mlp_baseline_20260224_180433\"}'),(83,30,1.5,'{\"depression\": 1.5}','low','low','2026-02-09 23:37:41.068971',83,'{\"confidence\": 0.9999956384568536, \"model_version\": \"mlp_baseline_20260224_180433\"}'),(84,50,2.5,'{\"depression\": 2.5}','medium','low','2026-02-08 23:37:41.068971',84,'{\"confidence\": 0.9999984894790752, \"model_version\": \"mlp_baseline_20260224_180433\"}'),(85,50,2.5,'{\"depression\": 2.5}','medium','low','2026-02-07 23:37:41.068971',85,'{\"confidence\": 0.9999984894790752, \"model_version\": \"mlp_baseline_20260224_180433\"}'),(86,270,3,'{\"phobic\": 3.0, \"anxiety\": 3.0, \"paranoid\": 3.0, \"hostility\": 3.0, \"additional\": 3.0, \"compulsive\": 3.0, \"depression\": 3.0, \"psychoticism\": 3.0, \"somatization\": 3.0, \"interpersonal\": 3.0}','medium','high','2026-02-17 22:37:41.068971',86,'{\"confidence\": 0.9999998824069212, \"model_version\": \"mlp_baseline_20260224_180433\"}'),(87,270,3,'{\"phobic\": 3.0, \"anxiety\": 3.0, \"paranoid\": 3.0, \"hostility\": 3.0, \"additional\": 3.0, \"compulsive\": 3.0, \"depression\": 3.0, \"psychoticism\": 3.0, \"somatization\": 3.0, \"interpersonal\": 3.0}','medium','high','2026-02-16 22:37:41.068971',87,'{\"confidence\": 0.9999998824069212, \"model_version\": \"mlp_baseline_20260224_180433\"}'),(88,360,4,'{\"phobic\": 4.0, \"anxiety\": 4.0, \"paranoid\": 4.0, \"hostility\": 4.0, \"additional\": 4.0, \"compulsive\": 4.0, \"depression\": 4.0, \"psychoticism\": 4.0, \"somatization\": 4.0, \"interpersonal\": 4.0}','high','high','2026-02-15 22:37:41.068971',88,'{\"confidence\": 0.9999999998627932, \"model_version\": \"mlp_baseline_20260224_180433\"}'),(89,180,2,'{\"phobic\": 2.0, \"anxiety\": 2.0, \"paranoid\": 2.0, \"hostility\": 2.0, \"additional\": 2.0, \"compulsive\": 2.0, \"depression\": 2.0, \"psychoticism\": 2.0, \"somatization\": 2.0, \"interpersonal\": 2.0}','low','low','2026-02-14 22:37:41.068971',89,'{\"confidence\": 1.0, \"model_version\": \"mlp_baseline_20260224_180433\"}'),(90,180,2,'{\"phobic\": 2.0, \"anxiety\": 2.0, \"paranoid\": 2.0, \"hostility\": 2.0, \"additional\": 2.0, \"compulsive\": 2.0, \"depression\": 2.0, \"psychoticism\": 2.0, \"somatization\": 2.0, \"interpersonal\": 2.0}','low','low','2026-02-13 22:37:41.068971',90,'{\"confidence\": 1.0, \"model_version\": \"mlp_baseline_20260224_180433\"}'),(91,180,2,'{\"phobic\": 2.0, \"anxiety\": 2.0, \"paranoid\": 2.0, \"hostility\": 2.0, \"additional\": 2.0, \"compulsive\": 2.0, \"depression\": 2.0, \"psychoticism\": 2.0, \"somatization\": 2.0, \"interpersonal\": 2.0}','low','low','2026-02-12 22:37:41.068971',91,'{\"confidence\": 1.0, \"model_version\": \"mlp_baseline_20260224_180433\"}'),(92,180,2,'{\"phobic\": 2.0, \"anxiety\": 2.0, \"paranoid\": 2.0, \"hostility\": 2.0, \"additional\": 2.0, \"compulsive\": 2.0, \"depression\": 2.0, \"psychoticism\": 2.0, \"somatization\": 2.0, \"interpersonal\": 2.0}','low','low','2026-02-11 22:37:41.068971',92,'{\"confidence\": 1.0, \"model_version\": \"mlp_baseline_20260224_180433\"}'),(93,180,2,'{\"phobic\": 2.0, \"anxiety\": 2.0, \"paranoid\": 2.0, \"hostility\": 2.0, \"additional\": 2.0, \"compulsive\": 2.0, \"depression\": 2.0, \"psychoticism\": 2.0, \"somatization\": 2.0, \"interpersonal\": 2.0}','low','low','2026-02-10 22:37:41.068971',93,'{\"confidence\": 1.0, \"model_version\": \"mlp_baseline_20260224_180433\"}'),(94,180,2,'{\"phobic\": 2.0, \"anxiety\": 2.0, \"paranoid\": 2.0, \"hostility\": 2.0, \"additional\": 2.0, \"compulsive\": 2.0, \"depression\": 2.0, \"psychoticism\": 2.0, \"somatization\": 2.0, \"interpersonal\": 2.0}','low','low','2026-02-09 22:37:41.068971',94,'{\"confidence\": 1.0, \"model_version\": \"mlp_baseline_20260224_180433\"}'),(95,270,3,'{\"phobic\": 3.0, \"anxiety\": 3.0, \"paranoid\": 3.0, \"hostility\": 3.0, \"additional\": 3.0, \"compulsive\": 3.0, \"depression\": 3.0, \"psychoticism\": 3.0, \"somatization\": 3.0, \"interpersonal\": 3.0}','medium','high','2026-02-08 22:37:41.068971',95,'{\"confidence\": 0.9999998824069212, \"model_version\": \"mlp_baseline_20260224_180433\"}'),(96,270,3,'{\"phobic\": 3.0, \"anxiety\": 3.0, \"paranoid\": 3.0, \"hostility\": 3.0, \"additional\": 3.0, \"compulsive\": 3.0, \"depression\": 3.0, \"psychoticism\": 3.0, \"somatization\": 3.0, \"interpersonal\": 3.0}','medium','high','2026-02-07 22:37:41.068971',96,'{\"confidence\": 0.9999998824069212, \"model_version\": \"mlp_baseline_20260224_180433\"}'),(97,270,3,'{\"phobic\": 3.0, \"anxiety\": 3.0, \"paranoid\": 3.0, \"hostility\": 3.0, \"additional\": 3.0, \"compulsive\": 3.0, \"depression\": 3.0, \"psychoticism\": 3.0, \"somatization\": 3.0, \"interpersonal\": 3.0}','medium','high','2026-02-06 22:37:41.068971',97,'{\"confidence\": 0.9999998824069212, \"model_version\": \"mlp_baseline_20260224_180433\"}'),(98,50,2.5,'{\"anxiety\": 2.5}','medium','low','2026-02-16 21:37:41.068971',98,'{\"confidence\": 0.9852994836034948, \"model_version\": \"mlp_baseline_20260224_180433\"}'),(99,70,3.5,'{\"anxiety\": 3.5}','high','high','2026-02-15 21:37:41.068971',99,'{\"confidence\": 0.9999999911786238, \"model_version\": \"mlp_baseline_20260224_180433\"}'),(100,30,1.5,'{\"anxiety\": 1.5}','low','low','2026-02-14 21:37:41.068971',100,'{\"confidence\": 0.9873864599775176, \"model_version\": \"mlp_baseline_20260224_180433\"}'),(101,30,1.5,'{\"anxiety\": 1.5}','low','low','2026-02-13 21:37:41.068971',101,'{\"confidence\": 0.9873864599775176, \"model_version\": \"mlp_baseline_20260224_180433\"}'),(102,30,1.5,'{\"anxiety\": 1.5}','low','low','2026-02-12 21:37:41.068971',102,'{\"confidence\": 0.9873864599775176, \"model_version\": \"mlp_baseline_20260224_180433\"}'),(103,30,1.5,'{\"anxiety\": 1.5}','low','low','2026-02-11 21:37:41.068971',103,'{\"confidence\": 0.9873864599775176, \"model_version\": \"mlp_baseline_20260224_180433\"}'),(104,30,1.5,'{\"anxiety\": 1.5}','low','low','2026-02-10 21:37:41.068971',104,'{\"confidence\": 0.9873864599775176, \"model_version\": \"mlp_baseline_20260224_180433\"}'),(105,30,1.5,'{\"anxiety\": 1.5}','low','low','2026-02-09 21:37:41.068971',105,'{\"confidence\": 0.9873864599775176, \"model_version\": \"mlp_baseline_20260224_180433\"}'),(106,50,2.5,'{\"anxiety\": 2.5}','medium','low','2026-02-08 21:37:41.068971',106,'{\"confidence\": 0.9852994836034948, \"model_version\": \"mlp_baseline_20260224_180433\"}'),(107,50,2.5,'{\"anxiety\": 2.5}','medium','low','2026-02-07 21:37:41.068971',107,'{\"confidence\": 0.9852994836034948, \"model_version\": \"mlp_baseline_20260224_180433\"}'),(108,50,2.5,'{\"anxiety\": 2.5}','medium','low','2026-02-06 21:37:41.068971',108,'{\"confidence\": 0.9852994836034948, \"model_version\": \"mlp_baseline_20260224_180433\"}'),(109,70,3.5,'{\"anxiety\": 3.5}','high','high','2026-02-05 21:37:41.068971',109,'{\"confidence\": 0.9999999911786238, \"model_version\": \"mlp_baseline_20260224_180433\"}'),(110,70,3.5,'{\"depression\": 3.5}','high','high','2026-02-15 20:37:41.068971',110,'{\"confidence\": 0.9999999965745444, \"model_version\": \"mlp_baseline_20260224_180433\"}'),(111,30,1.5,'{\"depression\": 1.5}','low','low','2026-02-14 20:37:41.068971',111,'{\"confidence\": 0.9999956384568536, \"model_version\": \"mlp_baseline_20260224_180433\"}'),(112,30,1.5,'{\"depression\": 1.5}','low','low','2026-02-13 20:37:41.068971',112,'{\"confidence\": 0.9999956384568536, \"model_version\": \"mlp_baseline_20260224_180433\"}'),(113,30,1.5,'{\"depression\": 1.5}','low','low','2026-02-12 20:37:41.068971',113,'{\"confidence\": 0.9999956384568536, \"model_version\": \"mlp_baseline_20260224_180433\"}'),(114,30,1.5,'{\"depression\": 1.5}','low','low','2026-02-11 20:37:41.068971',114,'{\"confidence\": 0.9999956384568536, \"model_version\": \"mlp_baseline_20260224_180433\"}'),(115,30,1.5,'{\"depression\": 1.5}','low','low','2026-02-10 20:37:41.068971',115,'{\"confidence\": 0.9999956384568536, \"model_version\": \"mlp_baseline_20260224_180433\"}'),(116,30,1.5,'{\"depression\": 1.5}','low','low','2026-02-09 20:37:41.068971',116,'{\"confidence\": 0.9999956384568536, \"model_version\": \"mlp_baseline_20260224_180433\"}'),(117,50,2.5,'{\"depression\": 2.5}','medium','low','2026-02-08 20:37:41.068971',117,'{\"confidence\": 0.9999984894790752, \"model_version\": \"mlp_baseline_20260224_180433\"}'),(118,50,2.5,'{\"depression\": 2.5}','medium','low','2026-02-07 20:37:41.068971',118,'{\"confidence\": 0.9999984894790752, \"model_version\": \"mlp_baseline_20260224_180433\"}'),(119,50,2.5,'{\"depression\": 2.5}','medium','low','2026-02-06 20:37:41.068971',119,'{\"confidence\": 0.9999984894790752, \"model_version\": \"mlp_baseline_20260224_180433\"}'),(120,70,3.5,'{\"depression\": 3.5}','high','high','2026-02-05 20:37:41.068971',120,'{\"confidence\": 0.9999999965745444, \"model_version\": \"mlp_baseline_20260224_180433\"}'),(121,30,1.5,'{\"depression\": 1.5}','low','low','2026-02-04 20:37:41.068971',121,'{\"confidence\": 0.9999956384568536, \"model_version\": \"mlp_baseline_20260224_180433\"}'),(122,180,2,'{\"phobic\": 2.0, \"anxiety\": 2.0, \"paranoid\": 2.0, \"hostility\": 2.0, \"additional\": 2.0, \"compulsive\": 2.0, \"depression\": 2.0, \"psychoticism\": 2.0, \"somatization\": 2.0, \"interpersonal\": 2.0}','low','low','2026-02-14 19:37:41.068971',122,'{\"confidence\": 1.0, \"model_version\": \"mlp_baseline_20260224_180433\"}'),(123,180,2,'{\"phobic\": 2.0, \"anxiety\": 2.0, \"paranoid\": 2.0, \"hostility\": 2.0, \"additional\": 2.0, \"compulsive\": 2.0, \"depression\": 2.0, \"psychoticism\": 2.0, \"somatization\": 2.0, \"interpersonal\": 2.0}','low','low','2026-02-13 19:37:41.068971',123,'{\"confidence\": 1.0, \"model_version\": \"mlp_baseline_20260224_180433\"}'),(124,180,2,'{\"phobic\": 2.0, \"anxiety\": 2.0, \"paranoid\": 2.0, \"hostility\": 2.0, \"additional\": 2.0, \"compulsive\": 2.0, \"depression\": 2.0, \"psychoticism\": 2.0, \"somatization\": 2.0, \"interpersonal\": 2.0}','low','low','2026-02-12 19:37:41.068971',124,'{\"confidence\": 1.0, \"model_version\": \"mlp_baseline_20260224_180433\"}'),(125,180,2,'{\"phobic\": 2.0, \"anxiety\": 2.0, \"paranoid\": 2.0, \"hostility\": 2.0, \"additional\": 2.0, \"compulsive\": 2.0, \"depression\": 2.0, \"psychoticism\": 2.0, \"somatization\": 2.0, \"interpersonal\": 2.0}','low','low','2026-02-11 19:37:41.068971',125,'{\"confidence\": 1.0, \"model_version\": \"mlp_baseline_20260224_180433\"}'),(126,180,2,'{\"phobic\": 2.0, \"anxiety\": 2.0, \"paranoid\": 2.0, \"hostility\": 2.0, \"additional\": 2.0, \"compulsive\": 2.0, \"depression\": 2.0, \"psychoticism\": 2.0, \"somatization\": 2.0, \"interpersonal\": 2.0}','low','low','2026-02-10 19:37:41.068971',126,'{\"confidence\": 1.0, \"model_version\": \"mlp_baseline_20260224_180433\"}'),(127,180,2,'{\"phobic\": 2.0, \"anxiety\": 2.0, \"paranoid\": 2.0, \"hostility\": 2.0, \"additional\": 2.0, \"compulsive\": 2.0, \"depression\": 2.0, \"psychoticism\": 2.0, \"somatization\": 2.0, \"interpersonal\": 2.0}','low','low','2026-02-09 19:37:41.068971',127,'{\"confidence\": 1.0, \"model_version\": \"mlp_baseline_20260224_180433\"}'),(128,270,3,'{\"phobic\": 3.0, \"anxiety\": 3.0, \"paranoid\": 3.0, \"hostility\": 3.0, \"additional\": 3.0, \"compulsive\": 3.0, \"depression\": 3.0, \"psychoticism\": 3.0, \"somatization\": 3.0, \"interpersonal\": 3.0}','medium','high','2026-02-08 19:37:41.068971',128,'{\"confidence\": 0.9999998824069212, \"model_version\": \"mlp_baseline_20260224_180433\"}'),(129,270,3,'{\"phobic\": 3.0, \"anxiety\": 3.0, \"paranoid\": 3.0, \"hostility\": 3.0, \"additional\": 3.0, \"compulsive\": 3.0, \"depression\": 3.0, \"psychoticism\": 3.0, \"somatization\": 3.0, \"interpersonal\": 3.0}','medium','high','2026-02-07 19:37:41.068971',129,'{\"confidence\": 0.9999998824069212, \"model_version\": \"mlp_baseline_20260224_180433\"}'),(130,270,3,'{\"phobic\": 3.0, \"anxiety\": 3.0, \"paranoid\": 3.0, \"hostility\": 3.0, \"additional\": 3.0, \"compulsive\": 3.0, \"depression\": 3.0, \"psychoticism\": 3.0, \"somatization\": 3.0, \"interpersonal\": 3.0}','medium','high','2026-02-06 19:37:41.068971',130,'{\"confidence\": 0.9999998824069212, \"model_version\": \"mlp_baseline_20260224_180433\"}'),(131,360,4,'{\"phobic\": 4.0, \"anxiety\": 4.0, \"paranoid\": 4.0, \"hostility\": 4.0, \"additional\": 4.0, \"compulsive\": 4.0, \"depression\": 4.0, \"psychoticism\": 4.0, \"somatization\": 4.0, \"interpersonal\": 4.0}','high','high','2026-02-05 19:37:41.068971',131,'{\"confidence\": 0.9999999998627932, \"model_version\": \"mlp_baseline_20260224_180433\"}'),(132,180,2,'{\"phobic\": 2.0, \"anxiety\": 2.0, \"paranoid\": 2.0, \"hostility\": 2.0, \"additional\": 2.0, \"compulsive\": 2.0, \"depression\": 2.0, \"psychoticism\": 2.0, \"somatization\": 2.0, \"interpersonal\": 2.0}','low','low','2026-02-04 19:37:41.068971',132,'{\"confidence\": 1.0, \"model_version\": \"mlp_baseline_20260224_180433\"}'),(133,180,2,'{\"phobic\": 2.0, \"anxiety\": 2.0, \"paranoid\": 2.0, \"hostility\": 2.0, \"additional\": 2.0, \"compulsive\": 2.0, \"depression\": 2.0, \"psychoticism\": 2.0, \"somatization\": 2.0, \"interpersonal\": 2.0}','low','low','2026-02-03 19:37:41.068971',133,'{\"confidence\": 1.0, \"model_version\": \"mlp_baseline_20260224_180433\"}'),(134,30,1.5,'{\"anxiety\": 1.5}','low','low','2026-02-13 18:37:41.068971',134,'{\"confidence\": 0.9873864599775176, \"model_version\": \"mlp_baseline_20260224_180433\"}'),(135,30,1.5,'{\"anxiety\": 1.5}','low','low','2026-02-12 18:37:41.068971',135,'{\"confidence\": 0.9873864599775176, \"model_version\": \"mlp_baseline_20260224_180433\"}'),(136,30,1.5,'{\"anxiety\": 1.5}','low','low','2026-02-11 18:37:41.068971',136,'{\"confidence\": 0.9873864599775176, \"model_version\": \"mlp_baseline_20260224_180433\"}'),(137,30,1.5,'{\"anxiety\": 1.5}','low','low','2026-02-10 18:37:41.068971',137,'{\"confidence\": 0.9873864599775176, \"model_version\": \"mlp_baseline_20260224_180433\"}'),(138,30,1.5,'{\"anxiety\": 1.5}','low','low','2026-02-09 18:37:41.068971',138,'{\"confidence\": 0.9873864599775176, \"model_version\": \"mlp_baseline_20260224_180433\"}'),(139,50,2.5,'{\"anxiety\": 2.5}','medium','low','2026-02-08 18:37:41.068971',139,'{\"confidence\": 0.9852994836034948, \"model_version\": \"mlp_baseline_20260224_180433\"}'),(140,50,2.5,'{\"anxiety\": 2.5}','medium','low','2026-02-07 18:37:41.068971',140,'{\"confidence\": 0.9852994836034948, \"model_version\": \"mlp_baseline_20260224_180433\"}'),(141,50,2.5,'{\"anxiety\": 2.5}','medium','low','2026-02-06 18:37:41.068971',141,'{\"confidence\": 0.9852994836034948, \"model_version\": \"mlp_baseline_20260224_180433\"}'),(142,70,3.5,'{\"anxiety\": 3.5}','high','high','2026-02-05 18:37:41.068971',142,'{\"confidence\": 0.9999999911786238, \"model_version\": \"mlp_baseline_20260224_180433\"}'),(143,30,1.5,'{\"anxiety\": 1.5}','low','low','2026-02-04 18:37:41.068971',143,'{\"confidence\": 0.9873864599775176, \"model_version\": \"mlp_baseline_20260224_180433\"}'),(144,30,1.5,'{\"anxiety\": 1.5}','low','low','2026-02-03 18:37:41.068971',144,'{\"confidence\": 0.9873864599775176, \"model_version\": \"mlp_baseline_20260224_180433\"}'),(145,30,1.5,'{\"anxiety\": 1.5}','low','low','2026-02-02 18:37:41.068971',145,'{\"confidence\": 0.9873864599775176, \"model_version\": \"mlp_baseline_20260224_180433\"}'),(146,30,1.5,'{\"depression\": 1.5}','low','low','2026-02-12 23:37:41.068971',146,'{\"confidence\": 0.9999956384568536, \"model_version\": \"mlp_baseline_20260224_180433\"}'),(147,30,1.5,'{\"depression\": 1.5}','low','low','2026-02-11 23:37:41.068971',147,'{\"confidence\": 0.9999956384568536, \"model_version\": \"mlp_baseline_20260224_180433\"}'),(148,30,1.5,'{\"depression\": 1.5}','low','low','2026-02-10 23:37:41.068971',148,'{\"confidence\": 0.9999956384568536, \"model_version\": \"mlp_baseline_20260224_180433\"}'),(149,30,1.5,'{\"depression\": 1.5}','low','low','2026-02-09 23:37:41.068971',149,'{\"confidence\": 0.9999956384568536, \"model_version\": \"mlp_baseline_20260224_180433\"}'),(150,50,2.5,'{\"depression\": 2.5}','medium','low','2026-02-08 23:37:41.068971',150,'{\"confidence\": 0.9999984894790752, \"model_version\": \"mlp_baseline_20260224_180433\"}'),(151,50,2.5,'{\"depression\": 2.5}','medium','low','2026-02-07 23:37:41.068971',151,'{\"confidence\": 0.9999984894790752, \"model_version\": \"mlp_baseline_20260224_180433\"}'),(152,50,2.5,'{\"depression\": 2.5}','medium','low','2026-02-06 23:37:41.068971',152,'{\"confidence\": 0.9999984894790752, \"model_version\": \"mlp_baseline_20260224_180433\"}'),(153,70,3.5,'{\"depression\": 3.5}','high','high','2026-02-05 23:37:41.068971',153,'{\"confidence\": 0.9999999965745444, \"model_version\": \"mlp_baseline_20260224_180433\"}'),(154,30,1.5,'{\"depression\": 1.5}','low','low','2026-02-04 23:37:41.068971',154,'{\"confidence\": 0.9999956384568536, \"model_version\": \"mlp_baseline_20260224_180433\"}'),(155,30,1.5,'{\"depression\": 1.5}','low','low','2026-02-03 23:37:41.068971',155,'{\"confidence\": 0.9999956384568536, \"model_version\": \"mlp_baseline_20260224_180433\"}'),(156,30,1.5,'{\"depression\": 1.5}','low','low','2026-02-02 23:37:41.068971',156,'{\"confidence\": 0.9999956384568536, \"model_version\": \"mlp_baseline_20260224_180433\"}'),(157,30,1.5,'{\"depression\": 1.5}','low','low','2026-02-01 23:37:41.068971',157,'{\"confidence\": 0.9999956384568536, \"model_version\": \"mlp_baseline_20260224_180433\"}'),(158,180,2,'{\"phobic\": 2.0, \"anxiety\": 2.0, \"paranoid\": 2.0, \"hostility\": 2.0, \"additional\": 2.0, \"compulsive\": 2.0, \"depression\": 2.0, \"psychoticism\": 2.0, \"somatization\": 2.0, \"interpersonal\": 2.0}','low','low','2026-02-11 22:37:41.068971',158,'{\"confidence\": 1.0, \"model_version\": \"mlp_baseline_20260224_180433\"}'),(159,180,2,'{\"phobic\": 2.0, \"anxiety\": 2.0, \"paranoid\": 2.0, \"hostility\": 2.0, \"additional\": 2.0, \"compulsive\": 2.0, \"depression\": 2.0, \"psychoticism\": 2.0, \"somatization\": 2.0, \"interpersonal\": 2.0}','low','low','2026-02-10 22:37:41.068971',159,'{\"confidence\": 1.0, \"model_version\": \"mlp_baseline_20260224_180433\"}'),(160,180,2,'{\"phobic\": 2.0, \"anxiety\": 2.0, \"paranoid\": 2.0, \"hostility\": 2.0, \"additional\": 2.0, \"compulsive\": 2.0, \"depression\": 2.0, \"psychoticism\": 2.0, \"somatization\": 2.0, \"interpersonal\": 2.0}','low','low','2026-02-09 22:37:41.068971',160,'{\"confidence\": 1.0, \"model_version\": \"mlp_baseline_20260224_180433\"}'),(161,270,3,'{\"phobic\": 3.0, \"anxiety\": 3.0, \"paranoid\": 3.0, \"hostility\": 3.0, \"additional\": 3.0, \"compulsive\": 3.0, \"depression\": 3.0, \"psychoticism\": 3.0, \"somatization\": 3.0, \"interpersonal\": 3.0}','medium','high','2026-02-08 22:37:41.068971',161,'{\"confidence\": 0.9999998824069212, \"model_version\": \"mlp_baseline_20260224_180433\"}'),(162,270,3,'{\"phobic\": 3.0, \"anxiety\": 3.0, \"paranoid\": 3.0, \"hostility\": 3.0, \"additional\": 3.0, \"compulsive\": 3.0, \"depression\": 3.0, \"psychoticism\": 3.0, \"somatization\": 3.0, \"interpersonal\": 3.0}','medium','high','2026-02-07 22:37:41.068971',162,'{\"confidence\": 0.9999998824069212, \"model_version\": \"mlp_baseline_20260224_180433\"}'),(163,270,3,'{\"phobic\": 3.0, \"anxiety\": 3.0, \"paranoid\": 3.0, \"hostility\": 3.0, \"additional\": 3.0, \"compulsive\": 3.0, \"depression\": 3.0, \"psychoticism\": 3.0, \"somatization\": 3.0, \"interpersonal\": 3.0}','medium','high','2026-02-06 22:37:41.068971',163,'{\"confidence\": 0.9999998824069212, \"model_version\": \"mlp_baseline_20260224_180433\"}'),(164,360,4,'{\"phobic\": 4.0, \"anxiety\": 4.0, \"paranoid\": 4.0, \"hostility\": 4.0, \"additional\": 4.0, \"compulsive\": 4.0, \"depression\": 4.0, \"psychoticism\": 4.0, \"somatization\": 4.0, \"interpersonal\": 4.0}','high','high','2026-02-05 22:37:41.068971',164,'{\"confidence\": 0.9999999998627932, \"model_version\": \"mlp_baseline_20260224_180433\"}'),(165,180,2,'{\"phobic\": 2.0, \"anxiety\": 2.0, \"paranoid\": 2.0, \"hostility\": 2.0, \"additional\": 2.0, \"compulsive\": 2.0, \"depression\": 2.0, \"psychoticism\": 2.0, \"somatization\": 2.0, \"interpersonal\": 2.0}','low','low','2026-02-04 22:37:41.068971',165,'{\"confidence\": 1.0, \"model_version\": \"mlp_baseline_20260224_180433\"}'),(166,180,2,'{\"phobic\": 2.0, \"anxiety\": 2.0, \"paranoid\": 2.0, \"hostility\": 2.0, \"additional\": 2.0, \"compulsive\": 2.0, \"depression\": 2.0, \"psychoticism\": 2.0, \"somatization\": 2.0, \"interpersonal\": 2.0}','low','low','2026-02-03 22:37:41.068971',166,'{\"confidence\": 1.0, \"model_version\": \"mlp_baseline_20260224_180433\"}'),(167,180,2,'{\"phobic\": 2.0, \"anxiety\": 2.0, \"paranoid\": 2.0, \"hostility\": 2.0, \"additional\": 2.0, \"compulsive\": 2.0, \"depression\": 2.0, \"psychoticism\": 2.0, \"somatization\": 2.0, \"interpersonal\": 2.0}','low','low','2026-02-02 22:37:41.068971',167,'{\"confidence\": 1.0, \"model_version\": \"mlp_baseline_20260224_180433\"}'),(168,180,2,'{\"phobic\": 2.0, \"anxiety\": 2.0, \"paranoid\": 2.0, \"hostility\": 2.0, \"additional\": 2.0, \"compulsive\": 2.0, \"depression\": 2.0, \"psychoticism\": 2.0, \"somatization\": 2.0, \"interpersonal\": 2.0}','low','low','2026-02-01 22:37:41.068971',168,'{\"confidence\": 1.0, \"model_version\": \"mlp_baseline_20260224_180433\"}'),(169,180,2,'{\"phobic\": 2.0, \"anxiety\": 2.0, \"paranoid\": 2.0, \"hostility\": 2.0, \"additional\": 2.0, \"compulsive\": 2.0, \"depression\": 2.0, \"psychoticism\": 2.0, \"somatization\": 2.0, \"interpersonal\": 2.0}','low','low','2026-01-31 22:37:41.068971',169,'{\"confidence\": 1.0, \"model_version\": \"mlp_baseline_20260224_180433\"}'),(170,19,1.9,'{\"sleep\": 2.5, \"social\": 2.0, \"anxiety\": 2.0, \"somatic\": 1.5, \"depression\": 1.5}','low','low','2026-01-25 11:19:44.111758',170,'{\"confidence\": 1.0, \"model_version\": \"mlp_baseline_20260224_180433\"}'),(171,20,2,'{\"sleep\": 2.0, \"social\": 1.5, \"anxiety\": 1.5, \"somatic\": 2.5, \"depression\": 2.5}','low','low','2026-01-24 11:19:44.111758',171,'{\"confidence\": 1.0, \"model_version\": \"mlp_baseline_20260224_180433\"}'),(172,21,2.1,'{\"sleep\": 1.5, \"social\": 2.5, \"anxiety\": 2.5, \"somatic\": 2.0, \"depression\": 2.0}','low','low','2026-01-23 11:19:44.111758',172,'{\"confidence\": 1.0, \"model_version\": \"mlp_baseline_20260224_180433\"}'),(173,19,1.9,'{\"sleep\": 2.5, \"social\": 2.0, \"anxiety\": 2.0, \"somatic\": 1.5, \"depression\": 1.5}','low','low','2026-01-22 11:19:44.111758',173,'{\"confidence\": 1.0, \"model_version\": \"mlp_baseline_20260224_180433\"}'),(174,30,3,'{\"sleep\": 3.0, \"social\": 2.5, \"anxiety\": 2.5, \"somatic\": 3.5, \"depression\": 3.5}','medium','high','2026-01-21 11:19:44.111758',174,'{\"confidence\": 0.9999943612658172, \"model_version\": \"mlp_baseline_20260224_180433\"}'),(175,31,3.1,'{\"sleep\": 2.5, \"social\": 3.5, \"anxiety\": 3.5, \"somatic\": 3.0, \"depression\": 3.0}','medium','high','2026-01-20 11:19:44.111758',175,'{\"confidence\": 0.9999999825583586, \"model_version\": \"mlp_baseline_20260224_180433\"}'),(176,29,2.9,'{\"sleep\": 3.5, \"social\": 3.0, \"anxiety\": 3.0, \"somatic\": 2.5, \"depression\": 2.5}','medium','low','2026-01-19 11:19:44.111758',176,'{\"confidence\": 1.0, \"model_version\": \"mlp_baseline_20260224_180433\"}'),(177,40,4,'{\"sleep\": 4.0, \"social\": 3.5, \"anxiety\": 3.5, \"somatic\": 4.5, \"depression\": 4.5}','high','high','2026-01-18 11:19:44.111758',177,'{\"confidence\": 0.9999999998662924, \"model_version\": \"mlp_baseline_20260224_180433\"}'),(178,180,2,'{\"phobic\": 2.0, \"anxiety\": 2.0, \"paranoid\": 2.0, \"hostility\": 2.0, \"additional\": 2.0, \"compulsive\": 2.0, \"depression\": 2.0, \"psychoticism\": 2.0, \"somatization\": 2.0, \"interpersonal\": 2.0}','low','low','2026-01-24 10:19:44.111758',178,'{\"confidence\": 1.0, \"model_version\": \"mlp_baseline_20260224_180433\"}'),(179,180,2,'{\"phobic\": 2.0, \"anxiety\": 2.0, \"paranoid\": 2.0, \"hostility\": 2.0, \"additional\": 2.0, \"compulsive\": 2.0, \"depression\": 2.0, \"psychoticism\": 2.0, \"somatization\": 2.0, \"interpersonal\": 2.0}','low','low','2026-01-23 10:19:44.111758',179,'{\"confidence\": 1.0, \"model_version\": \"mlp_baseline_20260224_180433\"}'),(180,180,2,'{\"phobic\": 2.0, \"anxiety\": 2.0, \"paranoid\": 2.0, \"hostility\": 2.0, \"additional\": 2.0, \"compulsive\": 2.0, \"depression\": 2.0, \"psychoticism\": 2.0, \"somatization\": 2.0, \"interpersonal\": 2.0}','low','low','2026-01-22 10:19:44.111758',180,'{\"confidence\": 1.0, \"model_version\": \"mlp_baseline_20260224_180433\"}'),(181,270,3,'{\"phobic\": 3.0, \"anxiety\": 3.0, \"paranoid\": 3.0, \"hostility\": 3.0, \"additional\": 3.0, \"compulsive\": 3.0, \"depression\": 3.0, \"psychoticism\": 3.0, \"somatization\": 3.0, \"interpersonal\": 3.0}','medium','high','2026-01-21 10:19:44.111758',181,'{\"confidence\": 0.9999998824069212, \"model_version\": \"mlp_baseline_20260224_180433\"}'),(182,270,3,'{\"phobic\": 3.0, \"anxiety\": 3.0, \"paranoid\": 3.0, \"hostility\": 3.0, \"additional\": 3.0, \"compulsive\": 3.0, \"depression\": 3.0, \"psychoticism\": 3.0, \"somatization\": 3.0, \"interpersonal\": 3.0}','medium','high','2026-01-20 10:19:44.111758',182,'{\"confidence\": 0.9999998824069212, \"model_version\": \"mlp_baseline_20260224_180433\"}'),(183,270,3,'{\"phobic\": 3.0, \"anxiety\": 3.0, \"paranoid\": 3.0, \"hostility\": 3.0, \"additional\": 3.0, \"compulsive\": 3.0, \"depression\": 3.0, \"psychoticism\": 3.0, \"somatization\": 3.0, \"interpersonal\": 3.0}','medium','high','2026-01-19 10:19:44.111758',183,'{\"confidence\": 0.9999998824069212, \"model_version\": \"mlp_baseline_20260224_180433\"}'),(184,360,4,'{\"phobic\": 4.0, \"anxiety\": 4.0, \"paranoid\": 4.0, \"hostility\": 4.0, \"additional\": 4.0, \"compulsive\": 4.0, \"depression\": 4.0, \"psychoticism\": 4.0, \"somatization\": 4.0, \"interpersonal\": 4.0}','high','high','2026-01-18 10:19:44.111758',184,'{\"confidence\": 0.9999999998627932, \"model_version\": \"mlp_baseline_20260224_180433\"}'),(185,180,2,'{\"phobic\": 2.0, \"anxiety\": 2.0, \"paranoid\": 2.0, \"hostility\": 2.0, \"additional\": 2.0, \"compulsive\": 2.0, \"depression\": 2.0, \"psychoticism\": 2.0, \"somatization\": 2.0, \"interpersonal\": 2.0}','low','low','2026-01-17 10:19:44.111758',185,'{\"confidence\": 1.0, \"model_version\": \"mlp_baseline_20260224_180433\"}'),(186,30,1.5,'{\"anxiety\": 1.5}','low','low','2026-01-23 09:19:44.111758',186,'{\"confidence\": 0.9873864599775176, \"model_version\": \"mlp_baseline_20260224_180433\"}'),(187,30,1.5,'{\"anxiety\": 1.5}','low','low','2026-01-22 09:19:44.111758',187,'{\"confidence\": 0.9873864599775176, \"model_version\": \"mlp_baseline_20260224_180433\"}'),(188,50,2.5,'{\"anxiety\": 2.5}','medium','low','2026-01-21 09:19:44.111758',188,'{\"confidence\": 0.9852994836034948, \"model_version\": \"mlp_baseline_20260224_180433\"}'),(189,50,2.5,'{\"anxiety\": 2.5}','medium','low','2026-01-20 09:19:44.111758',189,'{\"confidence\": 0.9852994836034948, \"model_version\": \"mlp_baseline_20260224_180433\"}'),(190,50,2.5,'{\"anxiety\": 2.5}','medium','low','2026-01-19 09:19:44.111758',190,'{\"confidence\": 0.9852994836034948, \"model_version\": \"mlp_baseline_20260224_180433\"}'),(191,70,3.5,'{\"anxiety\": 3.5}','high','high','2026-01-18 09:19:44.111758',191,'{\"confidence\": 0.9999999911786238, \"model_version\": \"mlp_baseline_20260224_180433\"}'),(192,30,1.5,'{\"anxiety\": 1.5}','low','low','2026-01-17 09:19:44.111758',192,'{\"confidence\": 0.9873864599775176, \"model_version\": \"mlp_baseline_20260224_180433\"}'),(193,30,1.5,'{\"anxiety\": 1.5}','low','low','2026-01-16 09:19:44.111758',193,'{\"confidence\": 0.9873864599775176, \"model_version\": \"mlp_baseline_20260224_180433\"}'),(194,30,1.5,'{\"depression\": 1.5}','low','low','2026-01-22 08:19:44.111758',194,'{\"confidence\": 0.9999956384568536, \"model_version\": \"mlp_baseline_20260224_180433\"}'),(195,50,2.5,'{\"depression\": 2.5}','medium','low','2026-01-21 08:19:44.111758',195,'{\"confidence\": 0.9999984894790752, \"model_version\": \"mlp_baseline_20260224_180433\"}'),(196,50,2.5,'{\"depression\": 2.5}','medium','low','2026-01-20 08:19:44.111758',196,'{\"confidence\": 0.9999984894790752, \"model_version\": \"mlp_baseline_20260224_180433\"}'),(197,50,2.5,'{\"depression\": 2.5}','medium','low','2026-01-19 08:19:44.111758',197,'{\"confidence\": 0.9999984894790752, \"model_version\": \"mlp_baseline_20260224_180433\"}'),(198,70,3.5,'{\"depression\": 3.5}','high','high','2026-01-18 08:19:44.111758',198,'{\"confidence\": 0.9999999965745444, \"model_version\": \"mlp_baseline_20260224_180433\"}'),(199,30,1.5,'{\"depression\": 1.5}','low','low','2026-01-17 08:19:44.111758',199,'{\"confidence\": 0.9999956384568536, \"model_version\": \"mlp_baseline_20260224_180433\"}'),(200,30,1.5,'{\"depression\": 1.5}','low','low','2026-01-16 08:19:44.111758',200,'{\"confidence\": 0.9999956384568536, \"model_version\": \"mlp_baseline_20260224_180433\"}'),(201,30,1.5,'{\"depression\": 1.5}','low','low','2026-01-15 08:19:44.111758',201,'{\"confidence\": 0.9999956384568536, \"model_version\": \"mlp_baseline_20260224_180433\"}'),(202,270,3,'{\"phobic\": 3.0, \"anxiety\": 3.0, \"paranoid\": 3.0, \"hostility\": 3.0, \"additional\": 3.0, \"compulsive\": 3.0, \"depression\": 3.0, \"psychoticism\": 3.0, \"somatization\": 3.0, \"interpersonal\": 3.0}','medium','high','2026-01-21 07:19:44.111758',202,'{\"confidence\": 0.9999998824069212, \"model_version\": \"mlp_baseline_20260224_180433\"}'),(203,270,3,'{\"phobic\": 3.0, \"anxiety\": 3.0, \"paranoid\": 3.0, \"hostility\": 3.0, \"additional\": 3.0, \"compulsive\": 3.0, \"depression\": 3.0, \"psychoticism\": 3.0, \"somatization\": 3.0, \"interpersonal\": 3.0}','medium','high','2026-01-20 07:19:44.111758',203,'{\"confidence\": 0.9999998824069212, \"model_version\": \"mlp_baseline_20260224_180433\"}'),(204,270,3,'{\"phobic\": 3.0, \"anxiety\": 3.0, \"paranoid\": 3.0, \"hostility\": 3.0, \"additional\": 3.0, \"compulsive\": 3.0, \"depression\": 3.0, \"psychoticism\": 3.0, \"somatization\": 3.0, \"interpersonal\": 3.0}','medium','high','2026-01-19 07:19:44.111758',204,'{\"confidence\": 0.9999998824069212, \"model_version\": \"mlp_baseline_20260224_180433\"}'),(205,360,4,'{\"phobic\": 4.0, \"anxiety\": 4.0, \"paranoid\": 4.0, \"hostility\": 4.0, \"additional\": 4.0, \"compulsive\": 4.0, \"depression\": 4.0, \"psychoticism\": 4.0, \"somatization\": 4.0, \"interpersonal\": 4.0}','high','high','2026-01-18 07:19:44.111758',205,'{\"confidence\": 0.9999999998627932, \"model_version\": \"mlp_baseline_20260224_180433\"}'),(206,180,2,'{\"phobic\": 2.0, \"anxiety\": 2.0, \"paranoid\": 2.0, \"hostility\": 2.0, \"additional\": 2.0, \"compulsive\": 2.0, \"depression\": 2.0, \"psychoticism\": 2.0, \"somatization\": 2.0, \"interpersonal\": 2.0}','low','low','2026-01-17 07:19:44.111758',206,'{\"confidence\": 1.0, \"model_version\": \"mlp_baseline_20260224_180433\"}'),(207,180,2,'{\"phobic\": 2.0, \"anxiety\": 2.0, \"paranoid\": 2.0, \"hostility\": 2.0, \"additional\": 2.0, \"compulsive\": 2.0, \"depression\": 2.0, \"psychoticism\": 2.0, \"somatization\": 2.0, \"interpersonal\": 2.0}','low','low','2026-01-16 07:19:44.111758',207,'{\"confidence\": 1.0, \"model_version\": \"mlp_baseline_20260224_180433\"}'),(208,180,2,'{\"phobic\": 2.0, \"anxiety\": 2.0, \"paranoid\": 2.0, \"hostility\": 2.0, \"additional\": 2.0, \"compulsive\": 2.0, \"depression\": 2.0, \"psychoticism\": 2.0, \"somatization\": 2.0, \"interpersonal\": 2.0}','low','low','2026-01-15 07:19:44.111758',208,'{\"confidence\": 1.0, \"model_version\": \"mlp_baseline_20260224_180433\"}'),(209,180,2,'{\"phobic\": 2.0, \"anxiety\": 2.0, \"paranoid\": 2.0, \"hostility\": 2.0, \"additional\": 2.0, \"compulsive\": 2.0, \"depression\": 2.0, \"psychoticism\": 2.0, \"somatization\": 2.0, \"interpersonal\": 2.0}','low','low','2026-01-14 07:19:44.111758',209,'{\"confidence\": 1.0, \"model_version\": \"mlp_baseline_20260224_180433\"}'),(210,50,2.5,'{\"anxiety\": 2.5}','medium','low','2026-01-20 06:19:44.111758',210,'{\"confidence\": 0.9852994836034948, \"model_version\": \"mlp_baseline_20260224_180433\"}'),(211,50,2.5,'{\"anxiety\": 2.5}','medium','low','2026-01-19 06:19:44.111758',211,'{\"confidence\": 0.9852994836034948, \"model_version\": \"mlp_baseline_20260224_180433\"}'),(212,70,3.5,'{\"anxiety\": 3.5}','high','high','2026-01-18 06:19:44.111758',212,'{\"confidence\": 0.9999999911786238, \"model_version\": \"mlp_baseline_20260224_180433\"}'),(213,30,1.5,'{\"anxiety\": 1.5}','low','low','2026-01-17 06:19:44.111758',213,'{\"confidence\": 0.9873864599775176, \"model_version\": \"mlp_baseline_20260224_180433\"}'),(214,30,1.5,'{\"anxiety\": 1.5}','low','low','2026-01-16 06:19:44.111758',214,'{\"confidence\": 0.9873864599775176, \"model_version\": \"mlp_baseline_20260224_180433\"}'),(215,30,1.5,'{\"anxiety\": 1.5}','low','low','2026-01-15 06:19:44.111758',215,'{\"confidence\": 0.9873864599775176, \"model_version\": \"mlp_baseline_20260224_180433\"}'),(216,30,1.5,'{\"anxiety\": 1.5}','low','low','2026-01-14 06:19:44.111758',216,'{\"confidence\": 0.9873864599775176, \"model_version\": \"mlp_baseline_20260224_180433\"}'),(217,30,1.5,'{\"anxiety\": 1.5}','low','low','2026-01-13 06:19:44.111758',217,'{\"confidence\": 0.9873864599775176, \"model_version\": \"mlp_baseline_20260224_180433\"}'),(218,50,2.5,'{\"depression\": 2.5}','medium','low','2026-01-19 11:19:44.111758',218,'{\"confidence\": 0.9999984894790752, \"model_version\": \"mlp_baseline_20260224_180433\"}'),(219,70,3.5,'{\"depression\": 3.5}','high','high','2026-01-18 11:19:44.111758',219,'{\"confidence\": 0.9999999965745444, \"model_version\": \"mlp_baseline_20260224_180433\"}'),(220,30,1.5,'{\"depression\": 1.5}','low','low','2026-01-17 11:19:44.111758',220,'{\"confidence\": 0.9999956384568536, \"model_version\": \"mlp_baseline_20260224_180433\"}'),(221,30,1.5,'{\"depression\": 1.5}','low','low','2026-01-16 11:19:44.111758',221,'{\"confidence\": 0.9999956384568536, \"model_version\": \"mlp_baseline_20260224_180433\"}'),(222,30,1.5,'{\"depression\": 1.5}','low','low','2026-01-15 11:19:44.111758',222,'{\"confidence\": 0.9999956384568536, \"model_version\": \"mlp_baseline_20260224_180433\"}'),(223,30,1.5,'{\"depression\": 1.5}','low','low','2026-01-14 11:19:44.111758',223,'{\"confidence\": 0.9999956384568536, \"model_version\": \"mlp_baseline_20260224_180433\"}'),(224,30,1.5,'{\"depression\": 1.5}','low','low','2026-01-13 11:19:44.111758',224,'{\"confidence\": 0.9999956384568536, \"model_version\": \"mlp_baseline_20260224_180433\"}'),(225,30,1.5,'{\"depression\": 1.5}','low','low','2026-01-12 11:19:44.111758',225,'{\"confidence\": 0.9999956384568536, \"model_version\": \"mlp_baseline_20260224_180433\"}'),(226,360,4,'{\"phobic\": 4.0, \"anxiety\": 4.0, \"paranoid\": 4.0, \"hostility\": 4.0, \"additional\": 4.0, \"compulsive\": 4.0, \"depression\": 4.0, \"psychoticism\": 4.0, \"somatization\": 4.0, \"interpersonal\": 4.0}','high','high','2026-01-18 10:19:44.111758',226,'{\"confidence\": 0.9999999998627932, \"model_version\": \"mlp_baseline_20260224_180433\"}'),(227,180,2,'{\"phobic\": 2.0, \"anxiety\": 2.0, \"paranoid\": 2.0, \"hostility\": 2.0, \"additional\": 2.0, \"compulsive\": 2.0, \"depression\": 2.0, \"psychoticism\": 2.0, \"somatization\": 2.0, \"interpersonal\": 2.0}','low','low','2026-01-17 10:19:44.111758',227,'{\"confidence\": 1.0, \"model_version\": \"mlp_baseline_20260224_180433\"}'),(228,180,2,'{\"phobic\": 2.0, \"anxiety\": 2.0, \"paranoid\": 2.0, \"hostility\": 2.0, \"additional\": 2.0, \"compulsive\": 2.0, \"depression\": 2.0, \"psychoticism\": 2.0, \"somatization\": 2.0, \"interpersonal\": 2.0}','low','low','2026-01-16 10:19:44.111758',228,'{\"confidence\": 1.0, \"model_version\": \"mlp_baseline_20260224_180433\"}'),(229,180,2,'{\"phobic\": 2.0, \"anxiety\": 2.0, \"paranoid\": 2.0, \"hostility\": 2.0, \"additional\": 2.0, \"compulsive\": 2.0, \"depression\": 2.0, \"psychoticism\": 2.0, \"somatization\": 2.0, \"interpersonal\": 2.0}','low','low','2026-01-15 10:19:44.111758',229,'{\"confidence\": 1.0, \"model_version\": \"mlp_baseline_20260224_180433\"}'),(230,180,2,'{\"phobic\": 2.0, \"anxiety\": 2.0, \"paranoid\": 2.0, \"hostility\": 2.0, \"additional\": 2.0, \"compulsive\": 2.0, \"depression\": 2.0, \"psychoticism\": 2.0, \"somatization\": 2.0, \"interpersonal\": 2.0}','low','low','2026-01-14 10:19:44.111758',230,'{\"confidence\": 1.0, \"model_version\": \"mlp_baseline_20260224_180433\"}'),(231,180,2,'{\"phobic\": 2.0, \"anxiety\": 2.0, \"paranoid\": 2.0, \"hostility\": 2.0, \"additional\": 2.0, \"compulsive\": 2.0, \"depression\": 2.0, \"psychoticism\": 2.0, \"somatization\": 2.0, \"interpersonal\": 2.0}','low','low','2026-01-13 10:19:44.111758',231,'{\"confidence\": 1.0, \"model_version\": \"mlp_baseline_20260224_180433\"}'),(232,180,2,'{\"phobic\": 2.0, \"anxiety\": 2.0, \"paranoid\": 2.0, \"hostility\": 2.0, \"additional\": 2.0, \"compulsive\": 2.0, \"depression\": 2.0, \"psychoticism\": 2.0, \"somatization\": 2.0, \"interpersonal\": 2.0}','low','low','2026-01-12 10:19:44.111758',232,'{\"confidence\": 1.0, \"model_version\": \"mlp_baseline_20260224_180433\"}'),(233,270,3,'{\"phobic\": 3.0, \"anxiety\": 3.0, \"paranoid\": 3.0, \"hostility\": 3.0, \"additional\": 3.0, \"compulsive\": 3.0, \"depression\": 3.0, \"psychoticism\": 3.0, \"somatization\": 3.0, \"interpersonal\": 3.0}','medium','high','2026-01-11 10:19:44.111758',233,'{\"confidence\": 0.9999998824069212, \"model_version\": \"mlp_baseline_20260224_180433\"}'),(234,30,1.5,'{\"anxiety\": 1.5}','low','low','2026-01-17 09:19:44.111758',234,'{\"confidence\": 0.9873864599775176, \"model_version\": \"mlp_baseline_20260224_180433\"}'),(235,30,1.5,'{\"anxiety\": 1.5}','low','low','2026-01-16 09:19:44.111758',235,'{\"confidence\": 0.9873864599775176, \"model_version\": \"mlp_baseline_20260224_180433\"}'),(236,30,1.5,'{\"anxiety\": 1.5}','low','low','2026-01-15 09:19:44.111758',236,'{\"confidence\": 0.9873864599775176, \"model_version\": \"mlp_baseline_20260224_180433\"}'),(237,30,1.5,'{\"anxiety\": 1.5}','low','low','2026-01-14 09:19:44.111758',237,'{\"confidence\": 0.9873864599775176, \"model_version\": \"mlp_baseline_20260224_180433\"}'),(238,30,1.5,'{\"anxiety\": 1.5}','low','low','2026-01-13 09:19:44.111758',238,'{\"confidence\": 0.9873864599775176, \"model_version\": \"mlp_baseline_20260224_180433\"}'),(239,30,1.5,'{\"anxiety\": 1.5}','low','low','2026-01-12 09:19:44.111758',239,'{\"confidence\": 0.9873864599775176, \"model_version\": \"mlp_baseline_20260224_180433\"}'),(240,50,2.5,'{\"anxiety\": 2.5}','medium','low','2026-01-11 09:19:44.111758',240,'{\"confidence\": 0.9852994836034948, \"model_version\": \"mlp_baseline_20260224_180433\"}'),(241,50,2.5,'{\"anxiety\": 2.5}','medium','low','2026-01-10 09:19:44.111758',241,'{\"confidence\": 0.9852994836034948, \"model_version\": \"mlp_baseline_20260224_180433\"}'),(242,30,1.5,'{\"depression\": 1.5}','low','low','2026-01-16 08:19:44.111758',242,'{\"confidence\": 0.9999956384568536, \"model_version\": \"mlp_baseline_20260224_180433\"}'),(243,30,1.5,'{\"depression\": 1.5}','low','low','2026-01-15 08:19:44.111758',243,'{\"confidence\": 0.9999956384568536, \"model_version\": \"mlp_baseline_20260224_180433\"}'),(244,30,1.5,'{\"depression\": 1.5}','low','low','2026-01-14 08:19:44.111758',244,'{\"confidence\": 0.9999956384568536, \"model_version\": \"mlp_baseline_20260224_180433\"}'),(245,30,1.5,'{\"depression\": 1.5}','low','low','2026-01-13 08:19:44.111758',245,'{\"confidence\": 0.9999956384568536, \"model_version\": \"mlp_baseline_20260224_180433\"}'),(246,30,1.5,'{\"depression\": 1.5}','low','low','2026-01-12 08:19:44.111758',246,'{\"confidence\": 0.9999956384568536, \"model_version\": \"mlp_baseline_20260224_180433\"}'),(247,50,2.5,'{\"depression\": 2.5}','medium','low','2026-01-11 08:19:44.111758',247,'{\"confidence\": 0.9999984894790752, \"model_version\": \"mlp_baseline_20260224_180433\"}'),(248,50,2.5,'{\"depression\": 2.5}','medium','low','2026-01-10 08:19:44.111758',248,'{\"confidence\": 0.9999984894790752, \"model_version\": \"mlp_baseline_20260224_180433\"}'),(249,50,2.5,'{\"depression\": 2.5}','medium','low','2026-01-09 08:19:44.111758',249,'{\"confidence\": 0.9999984894790752, \"model_version\": \"mlp_baseline_20260224_180433\"}'),(250,180,2,'{\"phobic\": 2.0, \"anxiety\": 2.0, \"paranoid\": 2.0, \"hostility\": 2.0, \"additional\": 2.0, \"compulsive\": 2.0, \"depression\": 2.0, \"psychoticism\": 2.0, \"somatization\": 2.0, \"interpersonal\": 2.0}','low','low','2026-01-15 07:19:44.111758',250,'{\"confidence\": 1.0, \"model_version\": \"mlp_baseline_20260224_180433\"}'),(251,180,2,'{\"phobic\": 2.0, \"anxiety\": 2.0, \"paranoid\": 2.0, \"hostility\": 2.0, \"additional\": 2.0, \"compulsive\": 2.0, \"depression\": 2.0, \"psychoticism\": 2.0, \"somatization\": 2.0, \"interpersonal\": 2.0}','low','low','2026-01-14 07:19:44.111758',251,'{\"confidence\": 1.0, \"model_version\": \"mlp_baseline_20260224_180433\"}'),(252,180,2,'{\"phobic\": 2.0, \"anxiety\": 2.0, \"paranoid\": 2.0, \"hostility\": 2.0, \"additional\": 2.0, \"compulsive\": 2.0, \"depression\": 2.0, \"psychoticism\": 2.0, \"somatization\": 2.0, \"interpersonal\": 2.0}','low','low','2026-01-13 07:19:44.111758',252,'{\"confidence\": 1.0, \"model_version\": \"mlp_baseline_20260224_180433\"}'),(253,180,2,'{\"phobic\": 2.0, \"anxiety\": 2.0, \"paranoid\": 2.0, \"hostility\": 2.0, \"additional\": 2.0, \"compulsive\": 2.0, \"depression\": 2.0, \"psychoticism\": 2.0, \"somatization\": 2.0, \"interpersonal\": 2.0}','low','low','2026-01-12 07:19:44.111758',253,'{\"confidence\": 1.0, \"model_version\": \"mlp_baseline_20260224_180433\"}'),(254,270,3,'{\"phobic\": 3.0, \"anxiety\": 3.0, \"paranoid\": 3.0, \"hostility\": 3.0, \"additional\": 3.0, \"compulsive\": 3.0, \"depression\": 3.0, \"psychoticism\": 3.0, \"somatization\": 3.0, \"interpersonal\": 3.0}','medium','high','2026-01-11 07:19:44.111758',254,'{\"confidence\": 0.9999998824069212, \"model_version\": \"mlp_baseline_20260224_180433\"}'),(255,270,3,'{\"phobic\": 3.0, \"anxiety\": 3.0, \"paranoid\": 3.0, \"hostility\": 3.0, \"additional\": 3.0, \"compulsive\": 3.0, \"depression\": 3.0, \"psychoticism\": 3.0, \"somatization\": 3.0, \"interpersonal\": 3.0}','medium','high','2026-01-10 07:19:44.111758',255,'{\"confidence\": 0.9999998824069212, \"model_version\": \"mlp_baseline_20260224_180433\"}'),(256,270,3,'{\"phobic\": 3.0, \"anxiety\": 3.0, \"paranoid\": 3.0, \"hostility\": 3.0, \"additional\": 3.0, \"compulsive\": 3.0, \"depression\": 3.0, \"psychoticism\": 3.0, \"somatization\": 3.0, \"interpersonal\": 3.0}','medium','high','2026-01-09 07:19:44.111758',256,'{\"confidence\": 0.9999998824069212, \"model_version\": \"mlp_baseline_20260224_180433\"}'),(257,360,4,'{\"phobic\": 4.0, \"anxiety\": 4.0, \"paranoid\": 4.0, \"hostility\": 4.0, \"additional\": 4.0, \"compulsive\": 4.0, \"depression\": 4.0, \"psychoticism\": 4.0, \"somatization\": 4.0, \"interpersonal\": 4.0}','high','high','2026-01-08 07:19:44.111758',257,'{\"confidence\": 0.9999999998627932, \"model_version\": \"mlp_baseline_20260224_180433\"}'),(258,30,1.5,'{\"anxiety\": 1.5}','low','low','2026-01-14 06:19:44.111758',258,'{\"confidence\": 0.9873864599775176, \"model_version\": \"mlp_baseline_20260224_180433\"}'),(259,30,1.5,'{\"anxiety\": 1.5}','low','low','2026-01-13 06:19:44.111758',259,'{\"confidence\": 0.9873864599775176, \"model_version\": \"mlp_baseline_20260224_180433\"}'),(260,30,1.5,'{\"anxiety\": 1.5}','low','low','2026-01-12 06:19:44.111758',260,'{\"confidence\": 0.9873864599775176, \"model_version\": \"mlp_baseline_20260224_180433\"}'),(261,50,2.5,'{\"anxiety\": 2.5}','medium','low','2026-01-11 06:19:44.111758',261,'{\"confidence\": 0.9852994836034948, \"model_version\": \"mlp_baseline_20260224_180433\"}'),(262,50,2.5,'{\"anxiety\": 2.5}','medium','low','2026-01-10 06:19:44.111758',262,'{\"confidence\": 0.9852994836034948, \"model_version\": \"mlp_baseline_20260224_180433\"}'),(263,50,2.5,'{\"anxiety\": 2.5}','medium','low','2026-01-09 06:19:44.111758',263,'{\"confidence\": 0.9852994836034948, \"model_version\": \"mlp_baseline_20260224_180433\"}'),(264,70,3.5,'{\"anxiety\": 3.5}','high','high','2026-01-08 06:19:44.111758',264,'{\"confidence\": 0.9999999911786238, \"model_version\": \"mlp_baseline_20260224_180433\"}'),(265,30,1.5,'{\"anxiety\": 1.5}','low','low','2026-01-07 06:19:44.111758',265,'{\"confidence\": 0.9873864599775176, \"model_version\": \"mlp_baseline_20260224_180433\"}'),(266,30,1.5,'{\"depression\": 1.5}','low','low','2026-01-13 11:19:44.111758',266,'{\"confidence\": 0.9999956384568536, \"model_version\": \"mlp_baseline_20260224_180433\"}'),(267,30,1.5,'{\"depression\": 1.5}','low','low','2026-01-12 11:19:44.111758',267,'{\"confidence\": 0.9999956384568536, \"model_version\": \"mlp_baseline_20260224_180433\"}'),(268,50,2.5,'{\"depression\": 2.5}','medium','low','2026-01-11 11:19:44.111758',268,'{\"confidence\": 0.9999984894790752, \"model_version\": \"mlp_baseline_20260224_180433\"}'),(269,50,2.5,'{\"depression\": 2.5}','medium','low','2026-01-10 11:19:44.111758',269,'{\"confidence\": 0.9999984894790752, \"model_version\": \"mlp_baseline_20260224_180433\"}'),(270,50,2.5,'{\"depression\": 2.5}','medium','low','2026-01-09 11:19:44.111758',270,'{\"confidence\": 0.9999984894790752, \"model_version\": \"mlp_baseline_20260224_180433\"}'),(271,70,3.5,'{\"depression\": 3.5}','high','high','2026-01-08 11:19:44.111758',271,'{\"confidence\": 0.9999999965745444, \"model_version\": \"mlp_baseline_20260224_180433\"}'),(272,30,1.5,'{\"depression\": 1.5}','low','low','2026-01-07 11:19:44.111758',272,'{\"confidence\": 0.9999956384568536, \"model_version\": \"mlp_baseline_20260224_180433\"}'),(273,30,1.5,'{\"depression\": 1.5}','low','low','2026-01-06 11:19:44.111758',273,'{\"confidence\": 0.9999956384568536, \"model_version\": \"mlp_baseline_20260224_180433\"}'),(274,180,2,'{\"phobic\": 2.0, \"anxiety\": 2.0, \"paranoid\": 2.0, \"hostility\": 2.0, \"additional\": 2.0, \"compulsive\": 2.0, \"depression\": 2.0, \"psychoticism\": 2.0, \"somatization\": 2.0, \"interpersonal\": 2.0}','low','low','2026-01-12 10:19:44.111758',274,'{\"confidence\": 1.0, \"model_version\": \"mlp_baseline_20260224_180433\"}'),(275,270,3,'{\"phobic\": 3.0, \"anxiety\": 3.0, \"paranoid\": 3.0, \"hostility\": 3.0, \"additional\": 3.0, \"compulsive\": 3.0, \"depression\": 3.0, \"psychoticism\": 3.0, \"somatization\": 3.0, \"interpersonal\": 3.0}','medium','high','2026-01-11 10:19:44.111758',275,'{\"confidence\": 0.9999998824069212, \"model_version\": \"mlp_baseline_20260224_180433\"}'),(276,270,3,'{\"phobic\": 3.0, \"anxiety\": 3.0, \"paranoid\": 3.0, \"hostility\": 3.0, \"additional\": 3.0, \"compulsive\": 3.0, \"depression\": 3.0, \"psychoticism\": 3.0, \"somatization\": 3.0, \"interpersonal\": 3.0}','medium','high','2026-01-10 10:19:44.111758',276,'{\"confidence\": 0.9999998824069212, \"model_version\": \"mlp_baseline_20260224_180433\"}'),(277,270,3,'{\"phobic\": 3.0, \"anxiety\": 3.0, \"paranoid\": 3.0, \"hostility\": 3.0, \"additional\": 3.0, \"compulsive\": 3.0, \"depression\": 3.0, \"psychoticism\": 3.0, \"somatization\": 3.0, \"interpersonal\": 3.0}','medium','high','2026-01-09 10:19:44.111758',277,'{\"confidence\": 0.9999998824069212, \"model_version\": \"mlp_baseline_20260224_180433\"}'),(278,360,4,'{\"phobic\": 4.0, \"anxiety\": 4.0, \"paranoid\": 4.0, \"hostility\": 4.0, \"additional\": 4.0, \"compulsive\": 4.0, \"depression\": 4.0, \"psychoticism\": 4.0, \"somatization\": 4.0, \"interpersonal\": 4.0}','high','high','2026-01-08 10:19:44.111758',278,'{\"confidence\": 0.9999999998627932, \"model_version\": \"mlp_baseline_20260224_180433\"}'),(279,180,2,'{\"phobic\": 2.0, \"anxiety\": 2.0, \"paranoid\": 2.0, \"hostility\": 2.0, \"additional\": 2.0, \"compulsive\": 2.0, \"depression\": 2.0, \"psychoticism\": 2.0, \"somatization\": 2.0, \"interpersonal\": 2.0}','low','low','2026-01-07 10:19:44.111758',279,'{\"confidence\": 1.0, \"model_version\": \"mlp_baseline_20260224_180433\"}'),(280,180,2,'{\"phobic\": 2.0, \"anxiety\": 2.0, \"paranoid\": 2.0, \"hostility\": 2.0, \"additional\": 2.0, \"compulsive\": 2.0, \"depression\": 2.0, \"psychoticism\": 2.0, \"somatization\": 2.0, \"interpersonal\": 2.0}','low','low','2026-01-06 10:19:44.111758',280,'{\"confidence\": 1.0, \"model_version\": \"mlp_baseline_20260224_180433\"}'),(281,180,2,'{\"phobic\": 2.0, \"anxiety\": 2.0, \"paranoid\": 2.0, \"hostility\": 2.0, \"additional\": 2.0, \"compulsive\": 2.0, \"depression\": 2.0, \"psychoticism\": 2.0, \"somatization\": 2.0, \"interpersonal\": 2.0}','low','low','2026-01-05 10:19:44.111758',281,'{\"confidence\": 1.0, \"model_version\": \"mlp_baseline_20260224_180433\"}'),(282,62,3.1,'{\"anxiety\": 3.1}','medium','high','2026-02-06 11:40:21.501474',282,'{\"confidence\": 0.9999998815230176, \"model_version\": \"mlp_baseline_20260224_180433\"}'),(283,4,0.044444444444444446,'{\"phobic\": 0.0, \"anxiety\": 0.0, \"paranoid\": 0.0, \"hostility\": 0.0, \"additional\": 0.0, \"compulsive\": 0.0, \"depression\": 0.0, \"psychoticism\": 0.0, \"somatization\": 0.4444444444444444, \"interpersonal\": 0.0}','low','low','2026-02-24 19:37:22.590843',283,'{\"confidence\": 1.0, \"model_version\": \"mlp_baseline_20260224_180433\"}'),(284,32,0.35555555555555557,'{\"phobic\": 0.0, \"anxiety\": 0.0, \"paranoid\": 0.0, \"hostility\": 0.0, \"additional\": 0.0, \"compulsive\": 0.2222222222222222, \"depression\": 0.0, \"psychoticism\": 0.0, \"somatization\": 3.3333333333333335, \"interpersonal\": 0.0}','medium','low','2026-02-24 21:35:56.863716',284,'{\"confidence\": 1.0, \"model_version\": \"mlp_baseline_20260224_180433\"}'),(285,50,0.5555555555555556,'{\"phobic\": 0.0, \"anxiety\": 0.0, \"paranoid\": 0.0, \"hostility\": 0.0, \"additional\": 0.0, \"compulsive\": 0.5555555555555556, \"depression\": 0.0, \"psychoticism\": 0.0, \"somatization\": 5.0, \"interpersonal\": 0.0}','high','low','2026-02-24 21:37:34.866966',285,'{\"confidence\": 1.0, \"model_version\": \"mlp_baseline_20260224_180433\"}'),(286,450,5,'{\"phobic\": 5.0, \"anxiety\": 5.0, \"paranoid\": 5.0, \"hostility\": 5.0, \"additional\": 5.0, \"compulsive\": 5.0, \"depression\": 5.0, \"psychoticism\": 5.0, \"somatization\": 5.0, \"interpersonal\": 5.0}','high','high','2026-02-24 21:38:43.724482',286,'{\"confidence\": 0.9999999999999948, \"model_version\": \"mlp_baseline_20260224_180433\"}'),(287,89910,999,'{\"phobic\": 999.0, \"anxiety\": 999.0, \"paranoid\": 999.0, \"hostility\": 999.0, \"additional\": 999.0, \"compulsive\": 999.0, \"depression\": 999.0, \"psychoticism\": 999.0, \"somatization\": 999.0, \"interpersonal\": 999.0}','high','high','2026-02-24 21:38:58.610748',287,'{\"confidence\": 0.9999999999999948, \"model_version\": \"mlp_baseline_20260224_180433\"}'),(288,50,0.5555555555555556,'{\"phobic\": 0.0, \"anxiety\": 0.0, \"paranoid\": 0.0, \"hostility\": 0.0, \"additional\": 0.0, \"compulsive\": 0.5555555555555556, \"depression\": 0.0, \"psychoticism\": 0.0, \"somatization\": 5.0, \"interpersonal\": 0.0}','high','low','2026-02-24 21:40:53.300735',288,'{\"confidence\": 1.0, \"model_version\": \"mlp_baseline_20260224_180433\"}'),(289,89910,999,'{\"phobic\": 999.0, \"anxiety\": 999.0, \"paranoid\": 999.0, \"hostility\": 999.0, \"additional\": 999.0, \"compulsive\": 999.0, \"depression\": 999.0, \"psychoticism\": 999.0, \"somatization\": 999.0, \"interpersonal\": 999.0}','high','high','2026-02-24 21:41:04.510509',289,'{\"confidence\": 0.9999999999999948, \"model_version\": \"mlp_baseline_20260224_180433\"}'),(290,90,1,'{\"phobic\": 1.0, \"anxiety\": 1.0, \"paranoid\": 1.0, \"hostility\": 1.0, \"additional\": 1.0, \"compulsive\": 1.0, \"depression\": 1.0, \"psychoticism\": 1.0, \"somatization\": 1.0, \"interpersonal\": 1.0}','low','low','2026-02-24 22:13:28.918342',290,'{\"confidence\": 1.0, \"model_version\": \"mlp_baseline_20260224_180433\"}'),(291,270,3,'{\"phobic\": 3.0, \"anxiety\": 3.0, \"paranoid\": 3.0, \"hostility\": 3.0, \"additional\": 3.0, \"compulsive\": 3.0, \"depression\": 3.0, \"psychoticism\": 3.0, \"somatization\": 3.0, \"interpersonal\": 3.0}','medium','high','2026-02-24 23:33:13.476746',291,'{\"confidence\": 0.9999998824069212, \"model_version\": \"mlp_baseline_20260224_180433\"}'),(292,270,3,'{\"phobic\": 3.0, \"anxiety\": 3.0, \"paranoid\": 3.0, \"hostility\": 3.0, \"additional\": 3.0, \"compulsive\": 3.0, \"depression\": 3.0, \"psychoticism\": 3.0, \"somatization\": 3.0, \"interpersonal\": 3.0}','medium','high','2026-02-24 23:38:05.371270',292,'{\"confidence\": 0.9999998824069212, \"model_version\": \"mlp_baseline_20260224_180433\"}');
/*!40000 ALTER TABLE `assessments_assessmentresult` ENABLE KEYS */;
UNLOCK TABLES;

--
-- Table structure for table `assessments_riskalert`
--

DROP TABLE IF EXISTS `assessments_riskalert`;
/*!40101 SET @saved_cs_client     = @@character_set_client */;
/*!50503 SET character_set_client = utf8mb4 */;
CREATE TABLE `assessments_riskalert` (
  `id` bigint NOT NULL AUTO_INCREMENT,
  `level` varchar(16) CHARACTER SET utf8mb4 COLLATE utf8mb4_unicode_ci NOT NULL,
  `message` varchar(240) CHARACTER SET utf8mb4 COLLATE utf8mb4_unicode_ci NOT NULL,
  `created_at` datetime(6) NOT NULL,
  `is_acknowledged` tinyint(1) NOT NULL,
  `acknowledged_at` datetime(6) DEFAULT NULL,
  `acknowledged_by_id` bigint DEFAULT NULL,
  `assessment_id` bigint DEFAULT NULL,
  `student_id` bigint NOT NULL,
  PRIMARY KEY (`id`),
  KEY `assessments_riskaler_acknowledged_by_id_09008ecb_fk_accounts_` (`acknowledged_by_id`),
  KEY `assessments_riskaler_assessment_id_ce19e389_fk_assessmen` (`assessment_id`),
  KEY `assessments_riskalert_student_id_104abae5_fk_accounts_user_id` (`student_id`),
  CONSTRAINT `assessments_riskaler_acknowledged_by_id_09008ecb_fk_accounts_` FOREIGN KEY (`acknowledged_by_id`) REFERENCES `accounts_user` (`id`),
  CONSTRAINT `assessments_riskaler_assessment_id_ce19e389_fk_assessmen` FOREIGN KEY (`assessment_id`) REFERENCES `assessments_assessmentresult` (`id`),
  CONSTRAINT `assessments_riskalert_student_id_104abae5_fk_accounts_user_id` FOREIGN KEY (`student_id`) REFERENCES `accounts_user` (`id`)
) ENGINE=InnoDB AUTO_INCREMENT=148 DEFAULT CHARSET=utf8mb4 COLLATE=utf8mb4_unicode_ci;
/*!40101 SET character_set_client = @saved_cs_client */;

--
-- Dumping data for table `assessments_riskalert`
--

LOCK TABLES `assessments_riskalert` WRITE;
/*!40000 ALTER TABLE `assessments_riskalert` DISABLE KEYS */;
INSERT INTO `assessments_riskalert` VALUES (1,'high','系统检测到需要关注的心理风险，请咨询教师及时跟进。','2026-01-31 23:55:33.589008',0,NULL,NULL,1,4),(2,'high','AI 对话触发高风险关键词，已生成预警。','2026-01-31 23:56:05.293591',0,NULL,NULL,NULL,4),(3,'medium','系统检测到需要关注的心理风险，请咨询教师及时跟进。','2026-02-06 11:12:39.649991',0,NULL,NULL,8,17),(4,'medium','系统检测到需要关注的心理风险，请咨询教师及时跟进。','2026-02-06 11:12:39.665381',0,NULL,NULL,9,18),(5,'medium','系统检测到需要关注的心理风险，请咨询教师及时跟进。','2026-02-06 11:12:39.681670',0,NULL,NULL,10,19),(6,'high','系统检测到需要关注的心理风险，请咨询教师及时跟进。','2026-02-06 11:12:39.699379',0,NULL,NULL,11,20),(7,'medium','系统检测到需要关注的心理风险，请咨询教师及时跟进。','2026-02-06 11:12:39.792998',0,NULL,NULL,19,16),(8,'medium','系统检测到需要关注的心理风险，请咨询教师及时跟进。','2026-02-06 11:12:39.811223',0,NULL,NULL,20,17),(9,'medium','系统检测到需要关注的心理风险，请咨询教师及时跟进。','2026-02-06 11:12:39.829379',0,NULL,NULL,21,18),(10,'high','系统检测到需要关注的心理风险，请咨询教师及时跟进。','2026-02-06 11:12:39.846171',0,NULL,NULL,22,19),(11,'medium','系统检测到需要关注的心理风险，请咨询教师及时跟进。','2026-02-06 11:12:39.946513',0,NULL,NULL,30,15),(12,'medium','系统检测到需要关注的心理风险，请咨询教师及时跟进。','2026-02-06 11:12:39.965585',0,NULL,NULL,31,16),(13,'medium','系统检测到需要关注的心理风险，请咨询教师及时跟进。','2026-02-06 11:12:39.982724',0,NULL,NULL,32,17),(14,'high','系统检测到需要关注的心理风险，请咨询教师及时跟进。','2026-02-06 11:12:40.001649',0,NULL,NULL,33,18),(15,'medium','系统检测到需要关注的心理风险，请咨询教师及时跟进。','2026-02-06 11:12:40.152463',0,NULL,NULL,41,14),(16,'medium','系统检测到需要关注的心理风险，请咨询教师及时跟进。','2026-02-06 11:12:40.169208',0,NULL,NULL,42,15),(17,'medium','系统检测到需要关注的心理风险，请咨询教师及时跟进。','2026-02-06 11:12:40.182791',0,NULL,NULL,43,16),(18,'high','系统检测到需要关注的心理风险，请咨询教师及时跟进。','2026-02-06 11:12:40.195091',0,NULL,NULL,44,17),(19,'medium','系统检测到需要关注的心理风险，请咨询教师及时跟进。','2026-02-06 11:12:40.274119',0,NULL,NULL,52,36),(20,'medium','系统检测到需要关注的心理风险，请咨询教师及时跟进。','2026-02-06 11:12:40.292316',0,NULL,NULL,53,37),(21,'medium','系统检测到需要关注的心理风险，请咨询教师及时跟进。','2026-02-06 11:12:40.310128',0,NULL,NULL,54,38),(22,'high','系统检测到需要关注的心理风险，请咨询教师及时跟进。','2026-02-06 11:12:40.329943',0,NULL,NULL,55,39),(23,'medium','系统检测到需要关注的心理风险，请咨询教师及时跟进。','2026-02-06 11:12:40.416920',0,NULL,NULL,63,35),(24,'medium','系统检测到需要关注的心理风险，请咨询教师及时跟进。','2026-02-06 11:12:40.434640',0,NULL,NULL,64,36),(25,'medium','系统检测到需要关注的心理风险，请咨询教师及时跟进。','2026-02-06 11:12:40.452139',0,NULL,NULL,65,37),(26,'high','系统检测到需要关注的心理风险，请咨询教师及时跟进。','2026-02-06 11:12:40.469327',0,NULL,NULL,66,38),(27,'medium','系统检测到需要关注的心理风险，请咨询教师及时跟进。','2026-02-06 11:12:40.553867',0,NULL,NULL,73,45),(28,'medium','系统检测到需要关注的心理风险，请咨询教师及时跟进。','2026-02-06 11:12:40.575266',0,NULL,NULL,74,34),(29,'medium','系统检测到需要关注的心理风险，请咨询教师及时跟进。','2026-02-06 11:12:40.592974',0,NULL,NULL,75,35),(30,'medium','系统检测到需要关注的心理风险，请咨询教师及时跟进。','2026-02-06 11:12:40.612179',0,NULL,NULL,76,36),(31,'high','系统检测到需要关注的心理风险，请咨询教师及时跟进。','2026-02-06 11:12:40.626204',0,NULL,NULL,77,37),(32,'medium','系统检测到需要关注的心理风险，请咨询教师及时跟进。','2026-02-06 11:12:40.706780',0,NULL,NULL,84,44),(33,'medium','系统检测到需要关注的心理风险，请咨询教师及时跟进。','2026-02-06 11:12:40.725356',0,NULL,NULL,85,45),(34,'medium','系统检测到需要关注的心理风险，请咨询教师及时跟进。','2026-02-06 11:12:40.744156',0,NULL,NULL,86,57),(35,'medium','系统检测到需要关注的心理风险，请咨询教师及时跟进。','2026-02-06 11:12:40.762337',0,NULL,NULL,87,58),(36,'high','系统检测到需要关注的心理风险，请咨询教师及时跟进。','2026-02-06 11:12:40.781264',0,NULL,NULL,88,59),(37,'medium','系统检测到需要关注的心理风险，请咨询教师及时跟进。','2026-02-06 11:12:40.871580',0,NULL,NULL,95,66),(38,'medium','系统检测到需要关注的心理风险，请咨询教师及时跟进。','2026-02-06 11:12:40.947988',0,NULL,NULL,96,67),(39,'medium','系统检测到需要关注的心理风险，请咨询教师及时跟进。','2026-02-06 11:12:40.972835',0,NULL,NULL,97,68),(40,'medium','系统检测到需要关注的心理风险，请咨询教师及时跟进。','2026-02-06 11:12:40.986695',0,NULL,NULL,98,57),(41,'high','系统检测到需要关注的心理风险，请咨询教师及时跟进。','2026-02-06 11:12:41.002779',0,NULL,NULL,99,58),(42,'medium','系统检测到需要关注的心理风险，请咨询教师及时跟进。','2026-02-06 11:12:41.087902',0,NULL,NULL,106,65),(43,'medium','系统检测到需要关注的心理风险，请咨询教师及时跟进。','2026-02-06 11:12:41.104570',0,NULL,NULL,107,66),(44,'medium','系统检测到需要关注的心理风险，请咨询教师及时跟进。','2026-02-06 11:12:41.122339',0,NULL,NULL,108,67),(45,'high','系统检测到需要关注的心理风险，请咨询教师及时跟进。','2026-02-06 11:12:41.140378',0,NULL,NULL,109,68),(46,'high','系统检测到需要关注的心理风险，请咨询教师及时跟进。','2026-02-06 11:12:41.158234',0,NULL,NULL,110,57),(47,'medium','系统检测到需要关注的心理风险，请咨询教师及时跟进。','2026-02-06 11:12:41.239275',0,NULL,NULL,117,64),(48,'medium','系统检测到需要关注的心理风险，请咨询教师及时跟进。','2026-02-06 11:12:41.257848',0,NULL,NULL,118,65),(49,'medium','系统检测到需要关注的心理风险，请咨询教师及时跟进。','2026-02-06 11:12:41.274859',0,NULL,NULL,119,66),(50,'high','系统检测到需要关注的心理风险，请咨询教师及时跟进。','2026-02-06 11:12:41.290925',0,NULL,NULL,120,67),(51,'medium','系统检测到需要关注的心理风险，请咨询教师及时跟进。','2026-02-06 11:12:41.394387',0,NULL,NULL,128,86),(52,'medium','系统检测到需要关注的心理风险，请咨询教师及时跟进。','2026-02-06 11:12:41.412302',0,NULL,NULL,129,87),(53,'medium','系统检测到需要关注的心理风险，请咨询教师及时跟进。','2026-02-06 11:12:41.428705',0,NULL,NULL,130,88),(54,'high','系统检测到需要关注的心理风险，请咨询教师及时跟进。','2026-02-06 11:12:41.441979',0,NULL,NULL,131,89),(55,'medium','系统检测到需要关注的心理风险，请咨询教师及时跟进。','2026-02-06 11:12:41.544121',0,NULL,NULL,139,85),(56,'medium','系统检测到需要关注的心理风险，请咨询教师及时跟进。','2026-02-06 11:12:41.561536',0,NULL,NULL,140,86),(57,'medium','系统检测到需要关注的心理风险，请咨询教师及时跟进。','2026-02-06 11:12:41.580827',0,NULL,NULL,141,87),(58,'high','系统检测到需要关注的心理风险，请咨询教师及时跟进。','2026-02-06 11:12:41.599008',0,NULL,NULL,142,88),(59,'medium','系统检测到需要关注的心理风险，请咨询教师及时跟进。','2026-02-06 11:12:41.699364',0,NULL,NULL,150,84),(60,'medium','系统检测到需要关注的心理风险，请咨询教师及时跟进。','2026-02-06 11:12:41.719352',0,NULL,NULL,151,85),(61,'medium','系统检测到需要关注的心理风险，请咨询教师及时跟进。','2026-02-06 11:12:41.739001',0,NULL,NULL,152,86),(62,'high','系统检测到需要关注的心理风险，请咨询教师及时跟进。','2026-02-06 11:12:41.754607',0,NULL,NULL,153,87),(63,'medium','系统检测到需要关注的心理风险，请咨询教师及时跟进。','2026-02-06 11:12:41.842137',0,NULL,NULL,161,83),(64,'medium','系统检测到需要关注的心理风险，请咨询教师及时跟进。','2026-02-06 11:12:41.859015',0,NULL,NULL,162,84),(65,'medium','系统检测到需要关注的心理风险，请咨询教师及时跟进。','2026-02-06 11:12:41.875473',0,NULL,NULL,163,85),(66,'high','系统检测到需要关注的心理风险，请咨询教师及时跟进。','2026-02-06 11:12:41.892870',0,NULL,NULL,164,86),(67,'medium','系统检测到需要关注的心理风险，请咨询教师及时跟进。','2026-02-06 11:14:44.217740',0,NULL,NULL,174,27),(68,'medium','系统检测到需要关注的心理风险，请咨询教师及时跟进。','2026-02-06 11:14:44.238763',0,NULL,NULL,175,28),(69,'medium','系统检测到需要关注的心理风险，请咨询教师及时跟进。','2026-02-06 11:14:44.256911',0,NULL,NULL,176,29),(70,'high','系统检测到需要关注的心理风险，请咨询教师及时跟进。','2026-02-06 11:14:44.276913',0,NULL,NULL,177,30),(71,'medium','系统检测到需要关注的心理风险，请咨询教师及时跟进。','2026-02-06 11:14:44.420945',0,NULL,NULL,181,26),(72,'medium','系统检测到需要关注的心理风险，请咨询教师及时跟进。','2026-02-06 11:14:44.445896',0,NULL,NULL,182,27),(73,'medium','系统检测到需要关注的心理风险，请咨询教师及时跟进。','2026-02-06 11:14:44.463183',0,NULL,NULL,183,28),(74,'high','系统检测到需要关注的心理风险，请咨询教师及时跟进。','2026-02-06 11:14:44.483740',0,NULL,NULL,184,29),(75,'medium','系统检测到需要关注的心理风险，请咨询教师及时跟进。','2026-02-06 11:14:44.622478',0,NULL,NULL,188,25),(76,'medium','系统检测到需要关注的心理风险，请咨询教师及时跟进。','2026-02-06 11:14:44.641432',0,NULL,NULL,189,26),(77,'medium','系统检测到需要关注的心理风险，请咨询教师及时跟进。','2026-02-06 11:14:44.662630',0,NULL,NULL,190,27),(78,'high','系统检测到需要关注的心理风险，请咨询教师及时跟进。','2026-02-06 11:14:44.680673',0,NULL,NULL,191,28),(79,'medium','系统检测到需要关注的心理风险，请咨询教师及时跟进。','2026-02-06 11:14:44.867712',0,NULL,NULL,195,24),(80,'medium','系统检测到需要关注的心理风险，请咨询教师及时跟进。','2026-02-06 11:14:44.887211',0,NULL,NULL,196,25),(81,'medium','系统检测到需要关注的心理风险，请咨询教师及时跟进。','2026-02-06 11:14:44.905912',0,NULL,NULL,197,26),(82,'high','系统检测到需要关注的心理风险，请咨询教师及时跟进。','2026-02-06 11:14:44.924388',0,NULL,NULL,198,27),(83,'medium','系统检测到需要关注的心理风险，请咨询教师及时跟进。','2026-02-06 11:14:45.053804',0,NULL,NULL,202,46),(84,'medium','系统检测到需要关注的心理风险，请咨询教师及时跟进。','2026-02-06 11:14:45.071480',0,NULL,NULL,203,47),(85,'medium','系统检测到需要关注的心理风险，请咨询教师及时跟进。','2026-02-06 11:14:45.088150',0,NULL,NULL,204,48),(86,'high','系统检测到需要关注的心理风险，请咨询教师及时跟进。','2026-02-06 11:14:45.105779',0,NULL,NULL,205,49),(87,'medium','系统检测到需要关注的心理风险，请咨询教师及时跟进。','2026-02-06 11:14:45.257978',0,NULL,NULL,210,46),(88,'medium','系统检测到需要关注的心理风险，请咨询教师及时跟进。','2026-02-06 11:14:45.277262',0,NULL,NULL,211,47),(89,'high','系统检测到需要关注的心理风险，请咨询教师及时跟进。','2026-02-06 11:14:45.295154',0,NULL,NULL,212,48),(90,'medium','系统检测到需要关注的心理风险，请咨询教师及时跟进。','2026-02-06 11:14:45.455855',0,NULL,NULL,218,46),(91,'high','系统检测到需要关注的心理风险，请咨询教师及时跟进。','2026-02-06 11:14:45.473858',0,NULL,NULL,219,47),(92,'high','系统检测到需要关注的心理风险，请咨询教师及时跟进。','2026-02-06 11:14:45.664066',0,NULL,NULL,226,69),(93,'medium','系统检测到需要关注的心理风险，请咨询教师及时跟进。','2026-02-06 11:14:45.772227',0,NULL,NULL,233,76),(94,'medium','系统检测到需要关注的心理风险，请咨询教师及时跟进。','2026-02-06 11:14:45.987143',0,NULL,NULL,240,75),(95,'medium','系统检测到需要关注的心理风险，请咨询教师及时跟进。','2026-02-06 11:14:46.012313',0,NULL,NULL,241,76),(96,'medium','系统检测到需要关注的心理风险，请咨询教师及时跟进。','2026-02-06 11:14:46.216365',0,NULL,NULL,247,74),(97,'medium','系统检测到需要关注的心理风险，请咨询教师及时跟进。','2026-02-06 11:14:46.237684',0,NULL,NULL,248,75),(98,'medium','系统检测到需要关注的心理风险，请咨询教师及时跟进。','2026-02-06 11:14:46.257104',0,NULL,NULL,249,76),(99,'medium','系统检测到需要关注的心理风险，请咨询教师及时跟进。','2026-02-06 11:14:46.434039',0,NULL,NULL,254,96),(100,'medium','系统检测到需要关注的心理风险，请咨询教师及时跟进。','2026-02-06 11:14:46.451418',0,NULL,NULL,255,97),(101,'medium','系统检测到需要关注的心理风险，请咨询教师及时跟进。','2026-02-06 11:14:46.467849',0,NULL,NULL,256,98),(102,'high','系统检测到需要关注的心理风险，请咨询教师及时跟进。','2026-02-06 11:14:46.485929',0,NULL,NULL,257,99),(103,'medium','系统检测到需要关注的心理风险，请咨询教师及时跟进。','2026-02-06 11:14:46.626304',0,NULL,NULL,261,95),(104,'medium','系统检测到需要关注的心理风险，请咨询教师及时跟进。','2026-02-06 11:14:46.645449',0,NULL,NULL,262,96),(105,'medium','系统检测到需要关注的心理风险，请咨询教师及时跟进。','2026-02-06 11:14:46.665795',0,NULL,NULL,263,97),(106,'high','系统检测到需要关注的心理风险，请咨询教师及时跟进。','2026-02-06 11:14:46.692016',0,NULL,NULL,264,98),(107,'medium','系统检测到需要关注的心理风险，请咨询教师及时跟进。','2026-02-06 11:14:46.811293',0,NULL,NULL,268,94),(108,'medium','系统检测到需要关注的心理风险，请咨询教师及时跟进。','2026-02-06 11:14:46.826261',0,NULL,NULL,269,95),(109,'medium','系统检测到需要关注的心理风险，请咨询教师及时跟进。','2026-02-06 11:14:46.844241',0,NULL,NULL,270,96),(110,'high','系统检测到需要关注的心理风险，请咨询教师及时跟进。','2026-02-06 11:14:46.861993',0,NULL,NULL,271,97),(111,'medium','系统检测到需要关注的心理风险，请咨询教师及时跟进。','2026-02-06 11:14:47.005151',0,NULL,NULL,275,93),(112,'medium','系统检测到需要关注的心理风险，请咨询教师及时跟进。','2026-02-06 11:14:47.023732',0,NULL,NULL,276,94),(113,'medium','系统检测到需要关注的心理风险，请咨询教师及时跟进。','2026-02-06 11:14:47.043266',0,NULL,NULL,277,95),(114,'high','系统检测到需要关注的心理风险，请咨询教师及时跟进。','2026-02-06 11:14:47.065310',0,NULL,NULL,278,96),(115,'medium','系统检测到需要关注的心理风险，请咨询教师及时跟进。','2026-02-06 11:40:21.502716',1,'2026-02-06 11:41:48.235574',3,282,4),(116,'high','AI 对话触发高风险关键词，已生成预警并尝试转接人工咨询。','2026-02-06 11:52:28.713527',0,NULL,NULL,NULL,4),(117,'high','AI 对话触发高风险关键词，已生成预警并尝试转接人工咨询。','2026-02-06 11:57:59.521418',0,NULL,NULL,NULL,4),(118,'medium','系统检测到需要关注的心理风险，请咨询教师及时跟进。','2026-02-24 21:35:56.867257',0,NULL,NULL,284,4),(119,'high','系统检测到需要关注的心理风险，请咨询教师及时跟进。','2026-02-24 21:37:34.867891',0,NULL,NULL,285,147),(120,'high','AI 对话触发高风险关键词，已生成预警并尝试转接人工咨询。','2026-02-24 21:38:08.538717',0,NULL,NULL,NULL,147),(121,'high','系统检测到需要关注的心理风险，请咨询教师及时跟进。','2026-02-24 21:38:43.726123',0,NULL,NULL,286,148),(122,'high','系统检测到需要关注的心理风险，请咨询教师及时跟进。','2026-02-24 21:38:58.611754',0,NULL,NULL,287,149),(123,'high','系统检测到需要关注的心理风险，请咨询教师及时跟进。','2026-02-24 21:40:53.302346',0,NULL,NULL,288,150),(124,'high','系统检测到需要关注的心理风险，请咨询教师及时跟进。','2026-02-24 21:41:04.513345',0,NULL,NULL,289,151),(125,'high','长期未登录预警：高风险学生 从未登录，请咨询教师尽快跟进。','2026-02-24 23:28:55.143786',0,NULL,NULL,44,17),(126,'high','长期未登录预警：高风险学生 从未登录，请咨询教师尽快跟进。','2026-02-24 23:28:55.163297',0,NULL,NULL,198,27),(127,'high','长期未登录预警：高风险学生 从未登录，请咨询教师尽快跟进。','2026-02-24 23:28:55.183688',0,NULL,NULL,77,37),(128,'high','长期未登录预警：高风险学生 从未登录，请咨询教师尽快跟进。','2026-02-24 23:28:55.191418',0,NULL,NULL,219,47),(129,'high','长期未登录预警：高风险学生 从未登录，请咨询教师尽快跟进。','2026-02-24 23:28:55.196283',0,NULL,NULL,110,57),(130,'high','长期未登录预警：高风险学生 从未登录，请咨询教师尽快跟进。','2026-02-24 23:28:55.203089',0,NULL,NULL,120,67),(131,'high','长期未登录预警：高风险学生 从未登录，请咨询教师尽快跟进。','2026-02-24 23:28:55.209067',0,NULL,NULL,161,83),(132,'high','长期未登录预警：高风险学生 从未登录，请咨询教师尽快跟进。','2026-02-24 23:28:55.211719',0,NULL,NULL,162,84),(133,'high','长期未登录预警：高风险学生 从未登录，请咨询教师尽快跟进。','2026-02-24 23:28:55.213882',0,NULL,NULL,163,85),(134,'high','长期未登录预警：高风险学生 从未登录，请咨询教师尽快跟进。','2026-02-24 23:28:55.215747',0,NULL,NULL,164,86),(135,'high','长期未登录预警：高风险学生 从未登录，请咨询教师尽快跟进。','2026-02-24 23:28:55.218455',0,NULL,NULL,275,93),(136,'high','长期未登录预警：高风险学生 从未登录，请咨询教师尽快跟进。','2026-02-24 23:28:55.222398',0,NULL,NULL,276,94),(137,'high','长期未登录预警：高风险学生 从未登录，请咨询教师尽快跟进。','2026-02-24 23:28:55.224816',0,NULL,NULL,277,95),(138,'high','长期未登录预警：高风险学生 从未登录，请咨询教师尽快跟进。','2026-02-24 23:28:55.227540',0,NULL,NULL,278,96),(139,'high','长期未登录预警：高风险学生 从未登录，请咨询教师尽快跟进。','2026-02-24 23:28:55.230755',0,NULL,NULL,285,147),(140,'high','长期未登录预警：高风险学生 从未登录，请咨询教师尽快跟进。','2026-02-24 23:28:55.234331',0,NULL,NULL,286,148),(141,'high','长期未登录预警：高风险学生 从未登录，请咨询教师尽快跟进。','2026-02-24 23:28:55.237806',0,NULL,NULL,287,149),(142,'high','长期未登录预警：高风险学生 从未登录，请咨询教师尽快跟进。','2026-02-24 23:28:55.240747',0,NULL,NULL,288,150),(143,'high','长期未登录预警：高风险学生 从未登录，请咨询教师尽快跟进。','2026-02-24 23:28:55.242645',0,NULL,NULL,289,151),(144,'medium','系统检测到需要关注的心理风险，请咨询教师及时跟进。','2026-02-24 23:33:13.478402',0,NULL,NULL,291,5),(145,'medium','系统检测到需要关注的心理风险，请咨询教师及时跟进。','2026-02-24 23:38:05.372530',0,NULL,NULL,292,4),(146,'high','长期未登录预警：高风险学生 从未登录，请咨询教师尽快跟进。','2026-02-24 23:38:13.274051',0,NULL,NULL,292,4),(147,'high','长期未登录预警：高风险学生 从未登录，请咨询教师尽快跟进。','2026-02-24 23:38:13.279086',0,NULL,NULL,291,5);
/*!40000 ALTER TABLE `assessments_riskalert` ENABLE KEYS */;
UNLOCK TABLES;

--
-- Table structure for table `audit_auditlog`
--

DROP TABLE IF EXISTS `audit_auditlog`;
/*!40101 SET @saved_cs_client     = @@character_set_client */;
/*!50503 SET character_set_client = utf8mb4 */;
CREATE TABLE `audit_auditlog` (
  `id` bigint NOT NULL AUTO_INCREMENT,
  `method` varchar(10) CHARACTER SET utf8mb4 COLLATE utf8mb4_unicode_ci NOT NULL,
  `path` varchar(200) CHARACTER SET utf8mb4 COLLATE utf8mb4_unicode_ci NOT NULL,
  `status_code` int NOT NULL,
  `duration_ms` int NOT NULL,
  `ip` varchar(45) CHARACTER SET utf8mb4 COLLATE utf8mb4_unicode_ci NOT NULL,
  `user_agent` varchar(300) CHARACTER SET utf8mb4 COLLATE utf8mb4_unicode_ci NOT NULL,
  `created_at` datetime(6) NOT NULL,
  `user_id` bigint DEFAULT NULL,
  PRIMARY KEY (`id`),
  KEY `audit_auditlog_user_id_c1cca96c_fk_accounts_user_id` (`user_id`),
  CONSTRAINT `audit_auditlog_user_id_c1cca96c_fk_accounts_user_id` FOREIGN KEY (`user_id`) REFERENCES `accounts_user` (`id`)
) ENGINE=InnoDB AUTO_INCREMENT=941 DEFAULT CHARSET=utf8mb4 COLLATE=utf8mb4_unicode_ci;
/*!40101 SET character_set_client = @saved_cs_client */;

--
-- Dumping data for table `audit_auditlog`
--

LOCK TABLES `audit_auditlog` WRITE;
/*!40000 ALTER TABLE `audit_auditlog` DISABLE KEYS */;
INSERT INTO `audit_auditlog` VALUES (1,'POST','/api/auth/token/',200,272,'127.0.0.1','curl/8.7.1','2026-02-01 17:40:40.937712',NULL),(2,'GET','/api/counselor/students/',200,44,'127.0.0.1','curl/8.7.1','2026-02-01 17:40:41.012759',3),(3,'POST','/api/auth/token/',200,186,'127.0.0.1','curl/8.7.1','2026-02-01 17:40:49.320057',NULL),(4,'GET','/api/students/4/profile/',200,74,'127.0.0.1','curl/8.7.1','2026-02-01 17:40:49.420122',3),(5,'POST','/api/auth/token/',200,168,'127.0.0.1','curl/8.7.1','2026-02-01 17:40:59.819862',NULL),(6,'GET','/api/surveys/templates/',200,22,'127.0.0.1','curl/8.7.1','2026-02-01 17:40:59.867459',2),(7,'POST','/api/auth/token/',200,196,'127.0.0.1','curl/8.7.1','2026-02-01 17:41:12.573293',NULL),(8,'GET','/api/reports/list/',200,30,'127.0.0.1','curl/8.7.1','2026-02-01 17:41:12.629529',2),(9,'POST','/api/reports/monthly/',400,28,'127.0.0.1','curl/8.7.1','2026-02-01 17:41:12.689779',2),(10,'GET','/api/reports/list/',200,33,'127.0.0.1','curl/8.7.1','2026-02-01 17:41:12.755117',2),(11,'POST','/api/auth/token/',200,267,'127.0.0.1','curl/8.7.1','2026-02-01 17:42:23.517081',NULL),(12,'POST','/api/reports/monthly/',200,66,'127.0.0.1','curl/8.7.1','2026-02-01 17:42:23.625866',2),(13,'GET','/api/reports/list/',200,40,'127.0.0.1','curl/8.7.1','2026-02-01 17:42:23.698750',2),(14,'POST','/api/auth/token/',200,204,'127.0.0.1','curl/8.7.1','2026-02-01 17:43:00.701656',NULL),(15,'GET','/api/reports/list/',200,29,'127.0.0.1','curl/8.7.1','2026-02-01 17:43:00.768566',2),(16,'GET','/api/reports/download/',200,27,'127.0.0.1','curl/8.7.1','2026-02-01 17:43:00.829557',2),(17,'POST','/api/auth/token/',200,214,'127.0.0.1','curl/8.7.1','2026-02-01 17:43:19.095040',NULL),(18,'GET','/api/admin/audit-logs/',200,56,'127.0.0.1','curl/8.7.1','2026-02-01 17:43:19.189417',1),(19,'GET','/api/health/',200,2,'127.0.0.1','curl/8.7.1','2026-02-01 17:44:27.397197',NULL),(20,'GET','/api/auth/me/',401,22,'127.0.0.1','Mozilla/5.0 (Macintosh; Intel Mac OS X 10_15_7) AppleWebKit/537.36 (KHTML, like Gecko) Chrome/144.0.0.0 Safari/537.36 Edg/144.0.0.0','2026-02-02 06:37:23.571847',NULL),(21,'GET','/api/colleges/',200,69,'127.0.0.1','Mozilla/5.0 (Macintosh; Intel Mac OS X 10_15_7) AppleWebKit/537.36 (KHTML, like Gecko) Chrome/144.0.0.0 Safari/537.36 Edg/144.0.0.0','2026-02-02 06:37:23.727635',NULL),(22,'POST','/api/auth/token/',200,142,'127.0.0.1','Mozilla/5.0 (Macintosh; Intel Mac OS X 10_15_7) AppleWebKit/537.36 (KHTML, like Gecko) Chrome/144.0.0.0 Safari/537.36 Edg/144.0.0.0','2026-02-02 06:58:39.254328',NULL),(23,'GET','/api/auth/me/',200,20,'127.0.0.1','Mozilla/5.0 (Macintosh; Intel Mac OS X 10_15_7) AppleWebKit/537.36 (KHTML, like Gecko) Chrome/144.0.0.0 Safari/537.36 Edg/144.0.0.0','2026-02-02 06:58:39.290463',4),(24,'GET','/api/surveys/questionnaires/',200,126,'127.0.0.1','Mozilla/5.0 (Macintosh; Intel Mac OS X 10_15_7) AppleWebKit/537.36 (KHTML, like Gecko) Chrome/144.0.0.0 Safari/537.36 Edg/144.0.0.0','2026-02-02 06:58:39.440206',4),(25,'GET','/api/assessments/results/',200,126,'127.0.0.1','Mozilla/5.0 (Macintosh; Intel Mac OS X 10_15_7) AppleWebKit/537.36 (KHTML, like Gecko) Chrome/144.0.0.0 Safari/537.36 Edg/144.0.0.0','2026-02-02 06:58:39.442146',4),(26,'GET','/api/interventions/plans/',200,122,'127.0.0.1','Mozilla/5.0 (Macintosh; Intel Mac OS X 10_15_7) AppleWebKit/537.36 (KHTML, like Gecko) Chrome/144.0.0.0 Safari/537.36 Edg/144.0.0.0','2026-02-02 06:58:39.443579',4),(27,'GET','/api/assessments/alerts/',200,125,'127.0.0.1','Mozilla/5.0 (Macintosh; Intel Mac OS X 10_15_7) AppleWebKit/537.36 (KHTML, like Gecko) Chrome/144.0.0.0 Safari/537.36 Edg/144.0.0.0','2026-02-02 06:58:39.444509',4),(28,'GET','/api/health/',200,9,'127.0.0.1','curl/8.7.1','2026-02-05 14:53:41.623105',NULL),(29,'GET','/api/auth/me/',401,27,'127.0.0.1','Mozilla/5.0 (Macintosh; Intel Mac OS X 10_15_7) AppleWebKit/537.36 (KHTML, like Gecko) Chrome/144.0.0.0 Safari/537.36 Edg/144.0.0.0','2026-02-05 16:54:07.143850',NULL),(30,'GET','/api/colleges/',200,40,'127.0.0.1','Mozilla/5.0 (Macintosh; Intel Mac OS X 10_15_7) AppleWebKit/537.36 (KHTML, like Gecko) Chrome/144.0.0.0 Safari/537.36 Edg/144.0.0.0','2026-02-05 16:54:07.241566',NULL),(31,'POST','/api/auth/token/',200,125,'127.0.0.1','Mozilla/5.0 (Macintosh; Intel Mac OS X 10_15_7) AppleWebKit/537.36 (KHTML, like Gecko) Chrome/144.0.0.0 Safari/537.36 Edg/144.0.0.0','2026-02-05 16:54:09.480744',NULL),(32,'GET','/api/auth/me/',200,16,'127.0.0.1','Mozilla/5.0 (Macintosh; Intel Mac OS X 10_15_7) AppleWebKit/537.36 (KHTML, like Gecko) Chrome/144.0.0.0 Safari/537.36 Edg/144.0.0.0','2026-02-05 16:54:09.505630',4),(33,'GET','/api/surveys/questionnaires/',200,45,'127.0.0.1','Mozilla/5.0 (Macintosh; Intel Mac OS X 10_15_7) AppleWebKit/537.36 (KHTML, like Gecko) Chrome/144.0.0.0 Safari/537.36 Edg/144.0.0.0','2026-02-05 16:54:09.564137',4),(34,'GET','/api/assessments/results/',200,46,'127.0.0.1','Mozilla/5.0 (Macintosh; Intel Mac OS X 10_15_7) AppleWebKit/537.36 (KHTML, like Gecko) Chrome/144.0.0.0 Safari/537.36 Edg/144.0.0.0','2026-02-05 16:54:09.566351',4),(35,'GET','/api/assessments/alerts/',200,46,'127.0.0.1','Mozilla/5.0 (Macintosh; Intel Mac OS X 10_15_7) AppleWebKit/537.36 (KHTML, like Gecko) Chrome/144.0.0.0 Safari/537.36 Edg/144.0.0.0','2026-02-05 16:54:09.568112',4),(36,'GET','/api/interventions/plans/',200,46,'127.0.0.1','Mozilla/5.0 (Macintosh; Intel Mac OS X 10_15_7) AppleWebKit/537.36 (KHTML, like Gecko) Chrome/144.0.0.0 Safari/537.36 Edg/144.0.0.0','2026-02-05 16:54:09.569564',4),(37,'GET','/api/knowledge/articles/',200,51,'127.0.0.1','Mozilla/5.0 (Macintosh; Intel Mac OS X 10_15_7) AppleWebKit/537.36 (KHTML, like Gecko) Chrome/144.0.0.0 Safari/537.36 Edg/144.0.0.0','2026-02-05 16:54:10.733233',4),(38,'GET','/api/surveys/questionnaires/',200,29,'127.0.0.1','Mozilla/5.0 (Macintosh; Intel Mac OS X 10_15_7) AppleWebKit/537.36 (KHTML, like Gecko) Chrome/144.0.0.0 Safari/537.36 Edg/144.0.0.0','2026-02-05 16:54:11.364476',4),(39,'GET','/api/assessments/results/',200,45,'127.0.0.1','Mozilla/5.0 (Macintosh; Intel Mac OS X 10_15_7) AppleWebKit/537.36 (KHTML, like Gecko) Chrome/144.0.0.0 Safari/537.36 Edg/144.0.0.0','2026-02-05 16:54:11.896737',4),(40,'GET','/api/assessments/alerts/',200,39,'127.0.0.1','Mozilla/5.0 (Macintosh; Intel Mac OS X 10_15_7) AppleWebKit/537.36 (KHTML, like Gecko) Chrome/144.0.0.0 Safari/537.36 Edg/144.0.0.0','2026-02-05 16:54:11.896967',4),(41,'GET','/api/chat/conversations/',200,106,'127.0.0.1','Mozilla/5.0 (Macintosh; Intel Mac OS X 10_15_7) AppleWebKit/537.36 (KHTML, like Gecko) Chrome/144.0.0.0 Safari/537.36 Edg/144.0.0.0','2026-02-05 16:54:12.410886',4),(42,'GET','/api/chat/conversations/2/messages/',200,19,'127.0.0.1','Mozilla/5.0 (Macintosh; Intel Mac OS X 10_15_7) AppleWebKit/537.36 (KHTML, like Gecko) Chrome/144.0.0.0 Safari/537.36 Edg/144.0.0.0','2026-02-05 16:54:12.437733',4),(43,'GET','/api/chat/conversations/1/messages/',200,37,'127.0.0.1','Mozilla/5.0 (Macintosh; Intel Mac OS X 10_15_7) AppleWebKit/537.36 (KHTML, like Gecko) Chrome/144.0.0.0 Safari/537.36 Edg/144.0.0.0','2026-02-05 16:54:12.817199',4),(44,'GET','/api/assessments/alerts/',200,41,'127.0.0.1','Mozilla/5.0 (Macintosh; Intel Mac OS X 10_15_7) AppleWebKit/537.36 (KHTML, like Gecko) Chrome/144.0.0.0 Safari/537.36 Edg/144.0.0.0','2026-02-05 16:54:36.037812',4),(45,'GET','/api/assessments/results/',200,44,'127.0.0.1','Mozilla/5.0 (Macintosh; Intel Mac OS X 10_15_7) AppleWebKit/537.36 (KHTML, like Gecko) Chrome/144.0.0.0 Safari/537.36 Edg/144.0.0.0','2026-02-05 16:54:36.038186',4),(46,'GET','/api/surveys/questionnaires/',200,43,'127.0.0.1','Mozilla/5.0 (Macintosh; Intel Mac OS X 10_15_7) AppleWebKit/537.36 (KHTML, like Gecko) Chrome/144.0.0.0 Safari/537.36 Edg/144.0.0.0','2026-02-05 16:54:37.136423',4),(47,'GET','/api/knowledge/articles/',200,41,'127.0.0.1','Mozilla/5.0 (Macintosh; Intel Mac OS X 10_15_7) AppleWebKit/537.36 (KHTML, like Gecko) Chrome/144.0.0.0 Safari/537.36 Edg/144.0.0.0','2026-02-05 16:54:37.577491',4),(48,'GET','/api/assessments/results/',200,35,'127.0.0.1','Mozilla/5.0 (Macintosh; Intel Mac OS X 10_15_7) AppleWebKit/537.36 (KHTML, like Gecko) Chrome/144.0.0.0 Safari/537.36 Edg/144.0.0.0','2026-02-05 16:54:38.821141',4),(49,'GET','/api/surveys/questionnaires/',200,38,'127.0.0.1','Mozilla/5.0 (Macintosh; Intel Mac OS X 10_15_7) AppleWebKit/537.36 (KHTML, like Gecko) Chrome/144.0.0.0 Safari/537.36 Edg/144.0.0.0','2026-02-05 16:54:38.821486',4),(50,'GET','/api/interventions/plans/',200,32,'127.0.0.1','Mozilla/5.0 (Macintosh; Intel Mac OS X 10_15_7) AppleWebKit/537.36 (KHTML, like Gecko) Chrome/144.0.0.0 Safari/537.36 Edg/144.0.0.0','2026-02-05 16:54:38.823383',4),(51,'GET','/api/assessments/alerts/',200,36,'127.0.0.1','Mozilla/5.0 (Macintosh; Intel Mac OS X 10_15_7) AppleWebKit/537.36 (KHTML, like Gecko) Chrome/144.0.0.0 Safari/537.36 Edg/144.0.0.0','2026-02-05 16:54:38.823629',4),(52,'GET','/api/surveys/questionnaires/',200,46,'127.0.0.1','Mozilla/5.0 (Macintosh; Intel Mac OS X 10_15_7) AppleWebKit/537.36 (KHTML, like Gecko) Chrome/144.0.0.0 Safari/537.36 Edg/144.0.0.0','2026-02-05 16:54:40.049865',4),(53,'POST','/api/surveys/questionnaires/1/submit/',400,39,'127.0.0.1','Mozilla/5.0 (Macintosh; Intel Mac OS X 10_15_7) AppleWebKit/537.36 (KHTML, like Gecko) Chrome/144.0.0.0 Safari/537.36 Edg/144.0.0.0','2026-02-05 16:54:43.590819',4),(54,'GET','/api/chat/conversations/1/messages/',200,38,'127.0.0.1','Mozilla/5.0 (Macintosh; Intel Mac OS X 10_15_7) AppleWebKit/537.36 (KHTML, like Gecko) Chrome/144.0.0.0 Safari/537.36 Edg/144.0.0.0','2026-02-05 16:54:49.494140',4),(55,'GET','/api/colleges/',200,32,'127.0.0.1','Mozilla/5.0 (Macintosh; Intel Mac OS X 10_15_7) AppleWebKit/537.36 (KHTML, like Gecko) Chrome/144.0.0.0 Safari/537.36 Edg/144.0.0.0','2026-02-05 16:54:51.369153',NULL),(56,'POST','/api/auth/token/',200,127,'127.0.0.1','Mozilla/5.0 (Macintosh; Intel Mac OS X 10_15_7) AppleWebKit/537.36 (KHTML, like Gecko) Chrome/144.0.0.0 Safari/537.36 Edg/144.0.0.0','2026-02-05 16:55:23.671258',NULL),(57,'GET','/api/auth/me/',200,12,'127.0.0.1','Mozilla/5.0 (Macintosh; Intel Mac OS X 10_15_7) AppleWebKit/537.36 (KHTML, like Gecko) Chrome/144.0.0.0 Safari/537.36 Edg/144.0.0.0','2026-02-05 16:55:23.694600',2),(58,'GET','/api/assessments/results/',200,30,'127.0.0.1','Mozilla/5.0 (Macintosh; Intel Mac OS X 10_15_7) AppleWebKit/537.36 (KHTML, like Gecko) Chrome/144.0.0.0 Safari/537.36 Edg/144.0.0.0','2026-02-05 16:55:23.734928',2),(59,'GET','/api/assessments/alerts/',200,29,'127.0.0.1','Mozilla/5.0 (Macintosh; Intel Mac OS X 10_15_7) AppleWebKit/537.36 (KHTML, like Gecko) Chrome/144.0.0.0 Safari/537.36 Edg/144.0.0.0','2026-02-05 16:55:23.735867',2),(60,'GET','/api/interventions/plans/',200,31,'127.0.0.1','Mozilla/5.0 (Macintosh; Intel Mac OS X 10_15_7) AppleWebKit/537.36 (KHTML, like Gecko) Chrome/144.0.0.0 Safari/537.36 Edg/144.0.0.0','2026-02-05 16:55:23.739686',2),(61,'GET','/api/surveys/questionnaires/',200,34,'127.0.0.1','Mozilla/5.0 (Macintosh; Intel Mac OS X 10_15_7) AppleWebKit/537.36 (KHTML, like Gecko) Chrome/144.0.0.0 Safari/537.36 Edg/144.0.0.0','2026-02-05 16:55:23.743153',2),(62,'GET','/api/knowledge/articles/',200,33,'127.0.0.1','Mozilla/5.0 (Macintosh; Intel Mac OS X 10_15_7) AppleWebKit/537.36 (KHTML, like Gecko) Chrome/144.0.0.0 Safari/537.36 Edg/144.0.0.0','2026-02-05 16:55:23.744148',2),(63,'GET','/api/knowledge/categories/',200,24,'127.0.0.1','Mozilla/5.0 (Macintosh; Intel Mac OS X 10_15_7) AppleWebKit/537.36 (KHTML, like Gecko) Chrome/144.0.0.0 Safari/537.36 Edg/144.0.0.0','2026-02-05 16:55:24.881435',2),(64,'GET','/api/surveys/questionnaires/',200,28,'127.0.0.1','Mozilla/5.0 (Macintosh; Intel Mac OS X 10_15_7) AppleWebKit/537.36 (KHTML, like Gecko) Chrome/144.0.0.0 Safari/537.36 Edg/144.0.0.0','2026-02-05 16:55:24.883772',2),(65,'GET','/api/assessments/results/',200,33,'127.0.0.1','Mozilla/5.0 (Macintosh; Intel Mac OS X 10_15_7) AppleWebKit/537.36 (KHTML, like Gecko) Chrome/144.0.0.0 Safari/537.36 Edg/144.0.0.0','2026-02-05 16:55:24.886566',2),(66,'GET','/api/knowledge/articles/',200,29,'127.0.0.1','Mozilla/5.0 (Macintosh; Intel Mac OS X 10_15_7) AppleWebKit/537.36 (KHTML, like Gecko) Chrome/144.0.0.0 Safari/537.36 Edg/144.0.0.0','2026-02-05 16:55:24.890860',2),(67,'GET','/api/surveys/templates/',200,31,'127.0.0.1','Mozilla/5.0 (Macintosh; Intel Mac OS X 10_15_7) AppleWebKit/537.36 (KHTML, like Gecko) Chrome/144.0.0.0 Safari/537.36 Edg/144.0.0.0','2026-02-05 16:55:24.891569',2),(68,'GET','/api/assessments/alerts/',200,40,'127.0.0.1','Mozilla/5.0 (Macintosh; Intel Mac OS X 10_15_7) AppleWebKit/537.36 (KHTML, like Gecko) Chrome/144.0.0.0 Safari/537.36 Edg/144.0.0.0','2026-02-05 16:55:25.451297',2),(69,'GET','/api/interventions/plans/',200,38,'127.0.0.1','Mozilla/5.0 (Macintosh; Intel Mac OS X 10_15_7) AppleWebKit/537.36 (KHTML, like Gecko) Chrome/144.0.0.0 Safari/537.36 Edg/144.0.0.0','2026-02-05 16:55:25.451593',2),(70,'GET','/api/surveys/questionnaires/',200,35,'127.0.0.1','Mozilla/5.0 (Macintosh; Intel Mac OS X 10_15_7) AppleWebKit/537.36 (KHTML, like Gecko) Chrome/144.0.0.0 Safari/537.36 Edg/144.0.0.0','2026-02-05 16:55:26.961945',2),(71,'GET','/api/assessments/results/',200,42,'127.0.0.1','Mozilla/5.0 (Macintosh; Intel Mac OS X 10_15_7) AppleWebKit/537.36 (KHTML, like Gecko) Chrome/144.0.0.0 Safari/537.36 Edg/144.0.0.0','2026-02-05 16:55:26.964759',2),(72,'GET','/api/knowledge/articles/',200,43,'127.0.0.1','Mozilla/5.0 (Macintosh; Intel Mac OS X 10_15_7) AppleWebKit/537.36 (KHTML, like Gecko) Chrome/144.0.0.0 Safari/537.36 Edg/144.0.0.0','2026-02-05 16:55:26.967660',2),(73,'GET','/api/interventions/plans/',200,39,'127.0.0.1','Mozilla/5.0 (Macintosh; Intel Mac OS X 10_15_7) AppleWebKit/537.36 (KHTML, like Gecko) Chrome/144.0.0.0 Safari/537.36 Edg/144.0.0.0','2026-02-05 16:55:26.968110',2),(74,'GET','/api/assessments/alerts/',200,37,'127.0.0.1','Mozilla/5.0 (Macintosh; Intel Mac OS X 10_15_7) AppleWebKit/537.36 (KHTML, like Gecko) Chrome/144.0.0.0 Safari/537.36 Edg/144.0.0.0','2026-02-05 16:55:26.974527',2),(75,'GET','/api/health/',200,6,'127.0.0.1','curl/8.7.1','2026-02-05 21:06:22.518486',NULL),(76,'POST','/api/auth/token/',200,168,'127.0.0.1','curl/8.7.1','2026-02-05 21:16:55.128607',NULL),(77,'GET','/api/health/',200,0,'127.0.0.1','curl/8.7.1','2026-02-05 21:16:55.157709',NULL),(78,'GET','/api/surveys/questionnaires/',200,26,'127.0.0.1','curl/8.7.1','2026-02-05 21:16:55.193798',4),(79,'GET','/api/surveys/questionnaires/',200,17,'127.0.0.1','curl/8.7.1','2026-02-05 21:16:55.223647',4),(80,'POST','/api/surveys/questionnaires/1/submit/',400,17,'127.0.0.1','curl/8.7.1','2026-02-05 21:16:55.252473',4),(81,'GET','/api/assessments/results/',200,20,'127.0.0.1','curl/8.7.1','2026-02-05 21:16:55.296814',4),(82,'POST','/api/auth/token/',200,138,'127.0.0.1','curl/8.7.1','2026-02-05 21:17:08.827185',NULL),(83,'POST','/api/auth/token/',200,139,'127.0.0.1','curl/8.7.1','2026-02-05 21:17:08.984438',NULL),(84,'POST','/api/auth/token/',200,112,'127.0.0.1','curl/8.7.1','2026-02-05 21:17:09.110320',NULL),(85,'POST','/api/auth/token/',200,122,'127.0.0.1','curl/8.7.1','2026-02-05 21:17:09.249720',NULL),(86,'GET','/api/admin/users/',403,15,'127.0.0.1','curl/8.7.1','2026-02-05 21:17:09.280251',4),(87,'GET','/api/admin/users/',403,18,'127.0.0.1','curl/8.7.1','2026-02-05 21:17:09.314012',3),(88,'GET','/api/admin/users/',403,46,'127.0.0.1','curl/8.7.1','2026-02-05 21:17:09.417210',2),(89,'GET','/api/admin/users/',200,22,'127.0.0.1','curl/8.7.1','2026-02-05 21:17:09.452151',1),(90,'POST','/api/auth/token/',200,202,'127.0.0.1','curl/8.7.1','2026-02-05 21:20:14.307869',NULL),(91,'POST','/api/auth/token/',200,99,'127.0.0.1','curl/8.7.1','2026-02-05 21:20:14.422358',NULL),(92,'POST','/api/auth/token/',200,101,'127.0.0.1','curl/8.7.1','2026-02-05 21:20:14.539090',NULL),(93,'POST','/api/auth/token/',200,99,'127.0.0.1','curl/8.7.1','2026-02-05 21:20:14.654519',NULL),(94,'GET','/api/admin/users/',403,11,'127.0.0.1','curl/8.7.1','2026-02-05 21:20:14.689815',4),(95,'POST','/api/backups/export/',403,12,'127.0.0.1','curl/8.7.1','2026-02-05 21:20:14.711734',4),(96,'GET','/api/admin/users/',403,13,'127.0.0.1','curl/8.7.1','2026-02-05 21:20:14.736848',3),(97,'GET','/api/admin/users/',403,12,'127.0.0.1','curl/8.7.1','2026-02-05 21:20:14.760666',2),(98,'GET','/api/admin/users/',200,14,'127.0.0.1','curl/8.7.1','2026-02-05 21:20:14.786651',1),(99,'GET','/api/health/',200,6,'127.0.0.1','curl/8.7.1','2026-02-05 21:41:28.486848',NULL),(100,'GET','/api/auth/me/',401,20,'127.0.0.1','Mozilla/5.0 (Macintosh; Intel Mac OS X 10_15_7) AppleWebKit/537.36 (KHTML, like Gecko) Chrome/144.0.0.0 Safari/537.36 Edg/144.0.0.0','2026-02-05 21:42:33.084690',NULL),(101,'GET','/api/colleges/',200,28,'127.0.0.1','Mozilla/5.0 (Macintosh; Intel Mac OS X 10_15_7) AppleWebKit/537.36 (KHTML, like Gecko) Chrome/144.0.0.0 Safari/537.36 Edg/144.0.0.0','2026-02-05 21:42:33.172719',NULL),(102,'POST','/api/auth/token/',200,150,'127.0.0.1','Mozilla/5.0 (Macintosh; Intel Mac OS X 10_15_7) AppleWebKit/537.36 (KHTML, like Gecko) Chrome/144.0.0.0 Safari/537.36 Edg/144.0.0.0','2026-02-05 21:42:34.588291',NULL),(103,'GET','/api/auth/me/',200,11,'127.0.0.1','Mozilla/5.0 (Macintosh; Intel Mac OS X 10_15_7) AppleWebKit/537.36 (KHTML, like Gecko) Chrome/144.0.0.0 Safari/537.36 Edg/144.0.0.0','2026-02-05 21:42:34.610463',4),(104,'GET','/api/surveys/questionnaires/',200,31,'127.0.0.1','Mozilla/5.0 (Macintosh; Intel Mac OS X 10_15_7) AppleWebKit/537.36 (KHTML, like Gecko) Chrome/144.0.0.0 Safari/537.36 Edg/144.0.0.0','2026-02-05 21:42:34.657093',4),(105,'GET','/api/interventions/plans/',200,29,'127.0.0.1','Mozilla/5.0 (Macintosh; Intel Mac OS X 10_15_7) AppleWebKit/537.36 (KHTML, like Gecko) Chrome/144.0.0.0 Safari/537.36 Edg/144.0.0.0','2026-02-05 21:42:34.657777',4),(106,'GET','/api/assessments/alerts/',200,31,'127.0.0.1','Mozilla/5.0 (Macintosh; Intel Mac OS X 10_15_7) AppleWebKit/537.36 (KHTML, like Gecko) Chrome/144.0.0.0 Safari/537.36 Edg/144.0.0.0','2026-02-05 21:42:34.658053',4),(107,'GET','/api/assessments/results/',200,32,'127.0.0.1','Mozilla/5.0 (Macintosh; Intel Mac OS X 10_15_7) AppleWebKit/537.36 (KHTML, like Gecko) Chrome/144.0.0.0 Safari/537.36 Edg/144.0.0.0','2026-02-05 21:42:34.658381',4),(108,'GET','/api/knowledge/articles/',200,52,'127.0.0.1','Mozilla/5.0 (Macintosh; Intel Mac OS X 10_15_7) AppleWebKit/537.36 (KHTML, like Gecko) Chrome/144.0.0.0 Safari/537.36 Edg/144.0.0.0','2026-02-05 21:42:36.027536',4),(109,'GET','/api/surveys/questionnaires/',200,45,'127.0.0.1','Mozilla/5.0 (Macintosh; Intel Mac OS X 10_15_7) AppleWebKit/537.36 (KHTML, like Gecko) Chrome/144.0.0.0 Safari/537.36 Edg/144.0.0.0','2026-02-05 21:42:36.999749',4),(110,'GET','/api/knowledge/articles/',200,42,'127.0.0.1','Mozilla/5.0 (Macintosh; Intel Mac OS X 10_15_7) AppleWebKit/537.36 (KHTML, like Gecko) Chrome/144.0.0.0 Safari/537.36 Edg/144.0.0.0','2026-02-05 21:42:37.931372',4),(111,'GET','/api/assessments/alerts/',200,45,'127.0.0.1','Mozilla/5.0 (Macintosh; Intel Mac OS X 10_15_7) AppleWebKit/537.36 (KHTML, like Gecko) Chrome/144.0.0.0 Safari/537.36 Edg/144.0.0.0','2026-02-05 21:42:38.804261',4),(112,'GET','/api/assessments/results/',200,48,'127.0.0.1','Mozilla/5.0 (Macintosh; Intel Mac OS X 10_15_7) AppleWebKit/537.36 (KHTML, like Gecko) Chrome/144.0.0.0 Safari/537.36 Edg/144.0.0.0','2026-02-05 21:42:38.805294',4),(113,'GET','/api/chat/conversations/',200,105,'127.0.0.1','Mozilla/5.0 (Macintosh; Intel Mac OS X 10_15_7) AppleWebKit/537.36 (KHTML, like Gecko) Chrome/144.0.0.0 Safari/537.36 Edg/144.0.0.0','2026-02-05 21:42:39.720708',4),(114,'GET','/api/chat/conversations/2/messages/',200,26,'127.0.0.1','Mozilla/5.0 (Macintosh; Intel Mac OS X 10_15_7) AppleWebKit/537.36 (KHTML, like Gecko) Chrome/144.0.0.0 Safari/537.36 Edg/144.0.0.0','2026-02-05 21:42:39.758730',4),(115,'GET','/api/chat/conversations/1/messages/',200,47,'127.0.0.1','Mozilla/5.0 (Macintosh; Intel Mac OS X 10_15_7) AppleWebKit/537.36 (KHTML, like Gecko) Chrome/144.0.0.0 Safari/537.36 Edg/144.0.0.0','2026-02-05 21:42:40.233676',4),(116,'POST','/api/chat/conversations/1/read/',200,32,'127.0.0.1','Mozilla/5.0 (Macintosh; Intel Mac OS X 10_15_7) AppleWebKit/537.36 (KHTML, like Gecko) Chrome/144.0.0.0 Safari/537.36 Edg/144.0.0.0','2026-02-05 21:42:40.276911',4),(117,'GET','/api/chat/conversations/',200,56,'127.0.0.1','Mozilla/5.0 (Macintosh; Intel Mac OS X 10_15_7) AppleWebKit/537.36 (KHTML, like Gecko) Chrome/144.0.0.0 Safari/537.36 Edg/144.0.0.0','2026-02-05 21:42:40.800021',4),(118,'GET','/api/chat/conversations/2/messages/',200,45,'127.0.0.1','Mozilla/5.0 (Macintosh; Intel Mac OS X 10_15_7) AppleWebKit/537.36 (KHTML, like Gecko) Chrome/144.0.0.0 Safari/537.36 Edg/144.0.0.0','2026-02-05 21:42:40.856622',4),(119,'GET','/api/chat/conversations/1/messages/',200,44,'127.0.0.1','Mozilla/5.0 (Macintosh; Intel Mac OS X 10_15_7) AppleWebKit/537.36 (KHTML, like Gecko) Chrome/144.0.0.0 Safari/537.36 Edg/144.0.0.0','2026-02-05 21:42:41.763180',4),(120,'POST','/api/chat/conversations/1/read/',200,33,'127.0.0.1','Mozilla/5.0 (Macintosh; Intel Mac OS X 10_15_7) AppleWebKit/537.36 (KHTML, like Gecko) Chrome/144.0.0.0 Safari/537.36 Edg/144.0.0.0','2026-02-05 21:42:41.808464',4),(121,'GET','/api/auth/me/',401,39,'127.0.0.1','Mozilla/5.0 (Macintosh; Intel Mac OS X 10_15_7) AppleWebKit/537.36 (KHTML, like Gecko) Chrome/144.0.0.0 Safari/537.36 Edg/144.0.0.0','2026-02-06 10:25:16.829699',NULL),(122,'GET','/api/colleges/',200,24,'127.0.0.1','Mozilla/5.0 (Macintosh; Intel Mac OS X 10_15_7) AppleWebKit/537.36 (KHTML, like Gecko) Chrome/144.0.0.0 Safari/537.36 Edg/144.0.0.0','2026-02-06 10:25:16.945112',NULL),(123,'GET','/api/health/',200,3,'127.0.0.1','curl/8.7.1','2026-02-06 11:36:13.798482',NULL),(124,'POST','/api/auth/token/',200,135,'127.0.0.1','curl/8.7.1','2026-02-06 11:37:02.265951',NULL),(125,'POST','/api/auth/token/',200,128,'127.0.0.1','curl/8.7.1','2026-02-06 11:37:09.558056',NULL),(126,'GET','/api/colleges/',200,50,'127.0.0.1','Mozilla/5.0 (Macintosh; Intel Mac OS X 10_15_7) AppleWebKit/537.36 (KHTML, like Gecko) Chrome/144.0.0.0 Safari/537.36 Edg/144.0.0.0','2026-02-06 11:39:43.657787',NULL),(127,'POST','/api/auth/token/',200,132,'127.0.0.1','Mozilla/5.0 (Macintosh; Intel Mac OS X 10_15_7) AppleWebKit/537.36 (KHTML, like Gecko) Chrome/144.0.0.0 Safari/537.36 Edg/144.0.0.0','2026-02-06 11:39:51.994299',NULL),(128,'GET','/api/auth/me/',200,16,'127.0.0.1','Mozilla/5.0 (Macintosh; Intel Mac OS X 10_15_7) AppleWebKit/537.36 (KHTML, like Gecko) Chrome/144.0.0.0 Safari/537.36 Edg/144.0.0.0','2026-02-06 11:39:52.021002',4),(129,'GET','/api/assessments/alerts/',200,31,'127.0.0.1','Mozilla/5.0 (Macintosh; Intel Mac OS X 10_15_7) AppleWebKit/537.36 (KHTML, like Gecko) Chrome/144.0.0.0 Safari/537.36 Edg/144.0.0.0','2026-02-06 11:39:52.068737',4),(130,'GET','/api/interventions/plans/',200,31,'127.0.0.1','Mozilla/5.0 (Macintosh; Intel Mac OS X 10_15_7) AppleWebKit/537.36 (KHTML, like Gecko) Chrome/144.0.0.0 Safari/537.36 Edg/144.0.0.0','2026-02-06 11:39:52.069739',4),(131,'GET','/api/assessments/results/',200,37,'127.0.0.1','Mozilla/5.0 (Macintosh; Intel Mac OS X 10_15_7) AppleWebKit/537.36 (KHTML, like Gecko) Chrome/144.0.0.0 Safari/537.36 Edg/144.0.0.0','2026-02-06 11:39:52.072482',4),(132,'GET','/api/surveys/questionnaires/',200,43,'127.0.0.1','Mozilla/5.0 (Macintosh; Intel Mac OS X 10_15_7) AppleWebKit/537.36 (KHTML, like Gecko) Chrome/144.0.0.0 Safari/537.36 Edg/144.0.0.0','2026-02-06 11:39:52.077065',4),(133,'GET','/api/knowledge/articles/',200,50,'127.0.0.1','Mozilla/5.0 (Macintosh; Intel Mac OS X 10_15_7) AppleWebKit/537.36 (KHTML, like Gecko) Chrome/144.0.0.0 Safari/537.36 Edg/144.0.0.0','2026-02-06 11:39:53.371556',4),(134,'POST','/api/knowledge/articles/6/favorite/',200,38,'127.0.0.1','Mozilla/5.0 (Macintosh; Intel Mac OS X 10_15_7) AppleWebKit/537.36 (KHTML, like Gecko) Chrome/144.0.0.0 Safari/537.36 Edg/144.0.0.0','2026-02-06 11:39:57.231717',4),(135,'POST','/api/knowledge/articles/6/unfavorite/',200,46,'127.0.0.1','Mozilla/5.0 (Macintosh; Intel Mac OS X 10_15_7) AppleWebKit/537.36 (KHTML, like Gecko) Chrome/144.0.0.0 Safari/537.36 Edg/144.0.0.0','2026-02-06 11:39:58.046957',4),(136,'POST','/api/knowledge/articles/4/favorite/',200,39,'127.0.0.1','Mozilla/5.0 (Macintosh; Intel Mac OS X 10_15_7) AppleWebKit/537.36 (KHTML, like Gecko) Chrome/144.0.0.0 Safari/537.36 Edg/144.0.0.0','2026-02-06 11:39:59.596921',4),(137,'POST','/api/knowledge/articles/4/unfavorite/',200,37,'127.0.0.1','Mozilla/5.0 (Macintosh; Intel Mac OS X 10_15_7) AppleWebKit/537.36 (KHTML, like Gecko) Chrome/144.0.0.0 Safari/537.36 Edg/144.0.0.0','2026-02-06 11:40:00.308524',4),(138,'GET','/api/surveys/questionnaires/',200,54,'127.0.0.1','Mozilla/5.0 (Macintosh; Intel Mac OS X 10_15_7) AppleWebKit/537.36 (KHTML, like Gecko) Chrome/144.0.0.0 Safari/537.36 Edg/144.0.0.0','2026-02-06 11:40:09.440970',4),(139,'POST','/api/surveys/questionnaires/3/submit/',201,55,'127.0.0.1','Mozilla/5.0 (Macintosh; Intel Mac OS X 10_15_7) AppleWebKit/537.36 (KHTML, like Gecko) Chrome/144.0.0.0 Safari/537.36 Edg/144.0.0.0','2026-02-06 11:40:21.506075',4),(140,'GET','/api/surveys/questionnaires/',200,20,'127.0.0.1','Mozilla/5.0 (Macintosh; Intel Mac OS X 10_15_7) AppleWebKit/537.36 (KHTML, like Gecko) Chrome/144.0.0.0 Safari/537.36 Edg/144.0.0.0','2026-02-06 11:40:21.534647',4),(141,'GET','/api/assessments/alerts/',200,41,'127.0.0.1','Mozilla/5.0 (Macintosh; Intel Mac OS X 10_15_7) AppleWebKit/537.36 (KHTML, like Gecko) Chrome/144.0.0.0 Safari/537.36 Edg/144.0.0.0','2026-02-06 11:40:24.585799',4),(142,'GET','/api/assessments/results/',200,46,'127.0.0.1','Mozilla/5.0 (Macintosh; Intel Mac OS X 10_15_7) AppleWebKit/537.36 (KHTML, like Gecko) Chrome/144.0.0.0 Safari/537.36 Edg/144.0.0.0','2026-02-06 11:40:24.589302',4),(143,'GET','/api/knowledge/articles/',200,50,'127.0.0.1','Mozilla/5.0 (Macintosh; Intel Mac OS X 10_15_7) AppleWebKit/537.36 (KHTML, like Gecko) Chrome/144.0.0.0 Safari/537.36 Edg/144.0.0.0','2026-02-06 11:40:25.978879',4),(144,'GET','/api/surveys/questionnaires/',200,47,'127.0.0.1','Mozilla/5.0 (Macintosh; Intel Mac OS X 10_15_7) AppleWebKit/537.36 (KHTML, like Gecko) Chrome/144.0.0.0 Safari/537.36 Edg/144.0.0.0','2026-02-06 11:40:26.474845',4),(145,'GET','/api/assessments/alerts/',200,42,'127.0.0.1','Mozilla/5.0 (Macintosh; Intel Mac OS X 10_15_7) AppleWebKit/537.36 (KHTML, like Gecko) Chrome/144.0.0.0 Safari/537.36 Edg/144.0.0.0','2026-02-06 11:40:27.793718',4),(146,'GET','/api/assessments/results/',200,49,'127.0.0.1','Mozilla/5.0 (Macintosh; Intel Mac OS X 10_15_7) AppleWebKit/537.36 (KHTML, like Gecko) Chrome/144.0.0.0 Safari/537.36 Edg/144.0.0.0','2026-02-06 11:40:27.798035',4),(147,'GET','/api/surveys/questionnaires/',200,50,'127.0.0.1','Mozilla/5.0 (Macintosh; Intel Mac OS X 10_15_7) AppleWebKit/537.36 (KHTML, like Gecko) Chrome/144.0.0.0 Safari/537.36 Edg/144.0.0.0','2026-02-06 11:40:33.140288',4),(148,'GET','/api/assessments/alerts/',200,39,'127.0.0.1','Mozilla/5.0 (Macintosh; Intel Mac OS X 10_15_7) AppleWebKit/537.36 (KHTML, like Gecko) Chrome/144.0.0.0 Safari/537.36 Edg/144.0.0.0','2026-02-06 11:40:35.192024',4),(149,'GET','/api/assessments/results/',200,46,'127.0.0.1','Mozilla/5.0 (Macintosh; Intel Mac OS X 10_15_7) AppleWebKit/537.36 (KHTML, like Gecko) Chrome/144.0.0.0 Safari/537.36 Edg/144.0.0.0','2026-02-06 11:40:35.195155',4),(150,'GET','/api/chat/conversations/',200,57,'127.0.0.1','Mozilla/5.0 (Macintosh; Intel Mac OS X 10_15_7) AppleWebKit/537.36 (KHTML, like Gecko) Chrome/144.0.0.0 Safari/537.36 Edg/144.0.0.0','2026-02-06 11:40:42.027606',4),(151,'GET','/api/chat/conversations/2/messages/',200,23,'127.0.0.1','Mozilla/5.0 (Macintosh; Intel Mac OS X 10_15_7) AppleWebKit/537.36 (KHTML, like Gecko) Chrome/144.0.0.0 Safari/537.36 Edg/144.0.0.0','2026-02-06 11:40:42.056855',4),(152,'GET','/api/chat/conversations/1/messages/',200,41,'127.0.0.1','Mozilla/5.0 (Macintosh; Intel Mac OS X 10_15_7) AppleWebKit/537.36 (KHTML, like Gecko) Chrome/144.0.0.0 Safari/537.36 Edg/144.0.0.0','2026-02-06 11:40:43.684000',4),(153,'POST','/api/chat/conversations/1/read/',200,23,'127.0.0.1','Mozilla/5.0 (Macintosh; Intel Mac OS X 10_15_7) AppleWebKit/537.36 (KHTML, like Gecko) Chrome/144.0.0.0 Safari/537.36 Edg/144.0.0.0','2026-02-06 11:40:43.714418',4),(154,'POST','/api/chat/conversations/1/messages/',201,41,'127.0.0.1','Mozilla/5.0 (Macintosh; Intel Mac OS X 10_15_7) AppleWebKit/537.36 (KHTML, like Gecko) Chrome/144.0.0.0 Safari/537.36 Edg/144.0.0.0','2026-02-06 11:40:47.169647',4),(155,'GET','/api/colleges/',200,33,'127.0.0.1','Mozilla/5.0 (Macintosh; Intel Mac OS X 10_15_7) AppleWebKit/537.36 (KHTML, like Gecko) Chrome/144.0.0.0 Safari/537.36 Edg/144.0.0.0','2026-02-06 11:40:50.505548',NULL),(156,'POST','/api/auth/token/',200,122,'127.0.0.1','Mozilla/5.0 (Macintosh; Intel Mac OS X 10_15_7) AppleWebKit/537.36 (KHTML, like Gecko) Chrome/144.0.0.0 Safari/537.36 Edg/144.0.0.0','2026-02-06 11:41:09.019923',NULL),(157,'GET','/api/auth/me/',200,15,'127.0.0.1','Mozilla/5.0 (Macintosh; Intel Mac OS X 10_15_7) AppleWebKit/537.36 (KHTML, like Gecko) Chrome/144.0.0.0 Safari/537.36 Edg/144.0.0.0','2026-02-06 11:41:09.045759',3),(158,'GET','/api/counselor/students/',200,31,'127.0.0.1','Mozilla/5.0 (Macintosh; Intel Mac OS X 10_15_7) AppleWebKit/537.36 (KHTML, like Gecko) Chrome/144.0.0.0 Safari/537.36 Edg/144.0.0.0','2026-02-06 11:41:09.087757',3),(159,'GET','/api/chat/conversations/',200,43,'127.0.0.1','Mozilla/5.0 (Macintosh; Intel Mac OS X 10_15_7) AppleWebKit/537.36 (KHTML, like Gecko) Chrome/144.0.0.0 Safari/537.36 Edg/144.0.0.0','2026-02-06 11:41:09.102738',3),(160,'GET','/api/assessments/alerts/',200,47,'127.0.0.1','Mozilla/5.0 (Macintosh; Intel Mac OS X 10_15_7) AppleWebKit/537.36 (KHTML, like Gecko) Chrome/144.0.0.0 Safari/537.36 Edg/144.0.0.0','2026-02-06 11:41:09.105250',3),(161,'GET','/api/interventions/plans/',200,61,'127.0.0.1','Mozilla/5.0 (Macintosh; Intel Mac OS X 10_15_7) AppleWebKit/537.36 (KHTML, like Gecko) Chrome/144.0.0.0 Safari/537.36 Edg/144.0.0.0','2026-02-06 11:41:09.119748',3),(162,'GET','/api/counselor/students/',200,40,'127.0.0.1','Mozilla/5.0 (Macintosh; Intel Mac OS X 10_15_7) AppleWebKit/537.36 (KHTML, like Gecko) Chrome/144.0.0.0 Safari/537.36 Edg/144.0.0.0','2026-02-06 11:41:11.554074',3),(163,'GET','/api/students/4/profile/',200,78,'127.0.0.1','Mozilla/5.0 (Macintosh; Intel Mac OS X 10_15_7) AppleWebKit/537.36 (KHTML, like Gecko) Chrome/144.0.0.0 Safari/537.36 Edg/144.0.0.0','2026-02-06 11:41:13.706048',3),(164,'POST','/api/chat/conversations/human/start/',200,52,'127.0.0.1','Mozilla/5.0 (Macintosh; Intel Mac OS X 10_15_7) AppleWebKit/537.36 (KHTML, like Gecko) Chrome/144.0.0.0 Safari/537.36 Edg/144.0.0.0','2026-02-06 11:41:23.808254',3),(165,'GET','/api/chat/conversations/',200,55,'127.0.0.1','Mozilla/5.0 (Macintosh; Intel Mac OS X 10_15_7) AppleWebKit/537.36 (KHTML, like Gecko) Chrome/144.0.0.0 Safari/537.36 Edg/144.0.0.0','2026-02-06 11:41:23.875526',3),(166,'GET','/api/chat/conversations/1/messages/',200,17,'127.0.0.1','Mozilla/5.0 (Macintosh; Intel Mac OS X 10_15_7) AppleWebKit/537.36 (KHTML, like Gecko) Chrome/144.0.0.0 Safari/537.36 Edg/144.0.0.0','2026-02-06 11:41:23.898919',3),(167,'POST','/api/chat/conversations/1/read/',200,17,'127.0.0.1','Mozilla/5.0 (Macintosh; Intel Mac OS X 10_15_7) AppleWebKit/537.36 (KHTML, like Gecko) Chrome/144.0.0.0 Safari/537.36 Edg/144.0.0.0','2026-02-06 11:41:23.922436',3),(168,'GET','/api/chat/conversations/1/messages/',200,47,'127.0.0.1','Mozilla/5.0 (Macintosh; Intel Mac OS X 10_15_7) AppleWebKit/537.36 (KHTML, like Gecko) Chrome/144.0.0.0 Safari/537.36 Edg/144.0.0.0','2026-02-06 11:41:24.977397',3),(169,'POST','/api/chat/conversations/1/read/',200,34,'127.0.0.1','Mozilla/5.0 (Macintosh; Intel Mac OS X 10_15_7) AppleWebKit/537.36 (KHTML, like Gecko) Chrome/144.0.0.0 Safari/537.36 Edg/144.0.0.0','2026-02-06 11:41:25.020170',3),(170,'GET','/api/chat/conversations/1/messages/',200,43,'127.0.0.1','Mozilla/5.0 (Macintosh; Intel Mac OS X 10_15_7) AppleWebKit/537.36 (KHTML, like Gecko) Chrome/144.0.0.0 Safari/537.36 Edg/144.0.0.0','2026-02-06 11:41:25.975279',3),(171,'POST','/api/chat/conversations/1/read/',200,20,'127.0.0.1','Mozilla/5.0 (Macintosh; Intel Mac OS X 10_15_7) AppleWebKit/537.36 (KHTML, like Gecko) Chrome/144.0.0.0 Safari/537.36 Edg/144.0.0.0','2026-02-06 11:41:26.005071',3),(172,'POST','/api/chat/conversations/1/messages/',201,18,'127.0.0.1','Mozilla/5.0 (Macintosh; Intel Mac OS X 10_15_7) AppleWebKit/537.36 (KHTML, like Gecko) Chrome/144.0.0.0 Safari/537.36 Edg/144.0.0.0','2026-02-06 11:41:26.030621',3),(173,'GET','/api/chat/conversations/1/messages/',200,38,'127.0.0.1','Mozilla/5.0 (Macintosh; Intel Mac OS X 10_15_7) AppleWebKit/537.36 (KHTML, like Gecko) Chrome/144.0.0.0 Safari/537.36 Edg/144.0.0.0','2026-02-06 11:41:26.968522',3),(174,'POST','/api/chat/conversations/1/read/',200,27,'127.0.0.1','Mozilla/5.0 (Macintosh; Intel Mac OS X 10_15_7) AppleWebKit/537.36 (KHTML, like Gecko) Chrome/144.0.0.0 Safari/537.36 Edg/144.0.0.0','2026-02-06 11:41:27.004049',3),(175,'GET','/api/chat/conversations/42/messages/',200,41,'127.0.0.1','Mozilla/5.0 (Macintosh; Intel Mac OS X 10_15_7) AppleWebKit/537.36 (KHTML, like Gecko) Chrome/144.0.0.0 Safari/537.36 Edg/144.0.0.0','2026-02-06 11:41:27.387891',3),(176,'POST','/api/chat/conversations/42/read/',200,14,'127.0.0.1','Mozilla/5.0 (Macintosh; Intel Mac OS X 10_15_7) AppleWebKit/537.36 (KHTML, like Gecko) Chrome/144.0.0.0 Safari/537.36 Edg/144.0.0.0','2026-02-06 11:41:27.412703',3),(177,'GET','/api/chat/conversations/42/messages/',200,22,'127.0.0.1','Mozilla/5.0 (Macintosh; Intel Mac OS X 10_15_7) AppleWebKit/537.36 (KHTML, like Gecko) Chrome/144.0.0.0 Safari/537.36 Edg/144.0.0.0','2026-02-06 11:41:28.442313',3),(178,'POST','/api/chat/conversations/42/read/',200,11,'127.0.0.1','Mozilla/5.0 (Macintosh; Intel Mac OS X 10_15_7) AppleWebKit/537.36 (KHTML, like Gecko) Chrome/144.0.0.0 Safari/537.36 Edg/144.0.0.0','2026-02-06 11:41:28.457956',3),(179,'GET','/api/chat/conversations/42/messages/',200,33,'127.0.0.1','Mozilla/5.0 (Macintosh; Intel Mac OS X 10_15_7) AppleWebKit/537.36 (KHTML, like Gecko) Chrome/144.0.0.0 Safari/537.36 Edg/144.0.0.0','2026-02-06 11:41:29.453535',3),(180,'POST','/api/chat/conversations/42/read/',200,12,'127.0.0.1','Mozilla/5.0 (Macintosh; Intel Mac OS X 10_15_7) AppleWebKit/537.36 (KHTML, like Gecko) Chrome/144.0.0.0 Safari/537.36 Edg/144.0.0.0','2026-02-06 11:41:29.470706',3),(181,'GET','/api/chat/conversations/5/messages/',200,41,'127.0.0.1','Mozilla/5.0 (Macintosh; Intel Mac OS X 10_15_7) AppleWebKit/537.36 (KHTML, like Gecko) Chrome/144.0.0.0 Safari/537.36 Edg/144.0.0.0','2026-02-06 11:41:29.594667',3),(182,'POST','/api/chat/conversations/5/read/',200,24,'127.0.0.1','Mozilla/5.0 (Macintosh; Intel Mac OS X 10_15_7) AppleWebKit/537.36 (KHTML, like Gecko) Chrome/144.0.0.0 Safari/537.36 Edg/144.0.0.0','2026-02-06 11:41:29.628550',3),(183,'GET','/api/chat/conversations/5/messages/',200,41,'127.0.0.1','Mozilla/5.0 (Macintosh; Intel Mac OS X 10_15_7) AppleWebKit/537.36 (KHTML, like Gecko) Chrome/144.0.0.0 Safari/537.36 Edg/144.0.0.0','2026-02-06 11:41:30.676381',3),(184,'POST','/api/chat/conversations/5/read/',200,29,'127.0.0.1','Mozilla/5.0 (Macintosh; Intel Mac OS X 10_15_7) AppleWebKit/537.36 (KHTML, like Gecko) Chrome/144.0.0.0 Safari/537.36 Edg/144.0.0.0','2026-02-06 11:41:30.713693',3),(185,'GET','/api/chat/conversations/1/messages/',200,41,'127.0.0.1','Mozilla/5.0 (Macintosh; Intel Mac OS X 10_15_7) AppleWebKit/537.36 (KHTML, like Gecko) Chrome/144.0.0.0 Safari/537.36 Edg/144.0.0.0','2026-02-06 11:41:30.823774',3),(186,'POST','/api/chat/conversations/1/read/',200,28,'127.0.0.1','Mozilla/5.0 (Macintosh; Intel Mac OS X 10_15_7) AppleWebKit/537.36 (KHTML, like Gecko) Chrome/144.0.0.0 Safari/537.36 Edg/144.0.0.0','2026-02-06 11:41:30.861606',3),(187,'GET','/api/counselor/students/',200,29,'127.0.0.1','Mozilla/5.0 (Macintosh; Intel Mac OS X 10_15_7) AppleWebKit/537.36 (KHTML, like Gecko) Chrome/144.0.0.0 Safari/537.36 Edg/144.0.0.0','2026-02-06 11:41:31.527346',3),(188,'GET','/api/interventions/plans/',200,52,'127.0.0.1','Mozilla/5.0 (Macintosh; Intel Mac OS X 10_15_7) AppleWebKit/537.36 (KHTML, like Gecko) Chrome/144.0.0.0 Safari/537.36 Edg/144.0.0.0','2026-02-06 11:41:31.548699',3),(189,'GET','/api/counselor/students/',200,44,'127.0.0.1','Mozilla/5.0 (Macintosh; Intel Mac OS X 10_15_7) AppleWebKit/537.36 (KHTML, like Gecko) Chrome/144.0.0.0 Safari/537.36 Edg/144.0.0.0','2026-02-06 11:41:40.342997',3),(190,'GET','/api/counselor/students/',200,37,'127.0.0.1','Mozilla/5.0 (Macintosh; Intel Mac OS X 10_15_7) AppleWebKit/537.36 (KHTML, like Gecko) Chrome/144.0.0.0 Safari/537.36 Edg/144.0.0.0','2026-02-06 11:41:41.048295',3),(191,'GET','/api/assessments/alerts/',200,56,'127.0.0.1','Mozilla/5.0 (Macintosh; Intel Mac OS X 10_15_7) AppleWebKit/537.36 (KHTML, like Gecko) Chrome/144.0.0.0 Safari/537.36 Edg/144.0.0.0','2026-02-06 11:41:41.069452',3),(192,'GET','/api/chat/conversations/',200,46,'127.0.0.1','Mozilla/5.0 (Macintosh; Intel Mac OS X 10_15_7) AppleWebKit/537.36 (KHTML, like Gecko) Chrome/144.0.0.0 Safari/537.36 Edg/144.0.0.0','2026-02-06 11:41:41.069972',3),(193,'GET','/api/interventions/plans/',200,65,'127.0.0.1','Mozilla/5.0 (Macintosh; Intel Mac OS X 10_15_7) AppleWebKit/537.36 (KHTML, like Gecko) Chrome/144.0.0.0 Safari/537.36 Edg/144.0.0.0','2026-02-06 11:41:41.082211',3),(194,'GET','/api/counselor/students/',200,24,'127.0.0.1','Mozilla/5.0 (Macintosh; Intel Mac OS X 10_15_7) AppleWebKit/537.36 (KHTML, like Gecko) Chrome/144.0.0.0 Safari/537.36 Edg/144.0.0.0','2026-02-06 11:41:42.929660',3),(195,'GET','/api/chat/conversations/',200,37,'127.0.0.1','Mozilla/5.0 (Macintosh; Intel Mac OS X 10_15_7) AppleWebKit/537.36 (KHTML, like Gecko) Chrome/144.0.0.0 Safari/537.36 Edg/144.0.0.0','2026-02-06 11:41:42.944482',3),(196,'GET','/api/assessments/alerts/',200,39,'127.0.0.1','Mozilla/5.0 (Macintosh; Intel Mac OS X 10_15_7) AppleWebKit/537.36 (KHTML, like Gecko) Chrome/144.0.0.0 Safari/537.36 Edg/144.0.0.0','2026-02-06 11:41:42.945454',3),(197,'GET','/api/interventions/plans/',200,49,'127.0.0.1','Mozilla/5.0 (Macintosh; Intel Mac OS X 10_15_7) AppleWebKit/537.36 (KHTML, like Gecko) Chrome/144.0.0.0 Safari/537.36 Edg/144.0.0.0','2026-02-06 11:41:42.956121',3),(198,'POST','/api/assessments/alerts/115/acknowledge/',200,35,'127.0.0.1','Mozilla/5.0 (Macintosh; Intel Mac OS X 10_15_7) AppleWebKit/537.36 (KHTML, like Gecko) Chrome/144.0.0.0 Safari/537.36 Edg/144.0.0.0','2026-02-06 11:41:48.240847',3),(199,'GET','/api/colleges/',200,37,'127.0.0.1','Mozilla/5.0 (Macintosh; Intel Mac OS X 10_15_7) AppleWebKit/537.36 (KHTML, like Gecko) Chrome/144.0.0.0 Safari/537.36 Edg/144.0.0.0','2026-02-06 11:41:51.869928',NULL),(200,'POST','/api/auth/token/',200,124,'127.0.0.1','Mozilla/5.0 (Macintosh; Intel Mac OS X 10_15_7) AppleWebKit/537.36 (KHTML, like Gecko) Chrome/144.0.0.0 Safari/537.36 Edg/144.0.0.0','2026-02-06 11:41:59.518204',NULL),(201,'GET','/api/auth/me/',200,15,'127.0.0.1','Mozilla/5.0 (Macintosh; Intel Mac OS X 10_15_7) AppleWebKit/537.36 (KHTML, like Gecko) Chrome/144.0.0.0 Safari/537.36 Edg/144.0.0.0','2026-02-06 11:41:59.542670',1),(202,'GET','/api/colleges/',200,23,'127.0.0.1','Mozilla/5.0 (Macintosh; Intel Mac OS X 10_15_7) AppleWebKit/537.36 (KHTML, like Gecko) Chrome/144.0.0.0 Safari/537.36 Edg/144.0.0.0','2026-02-06 11:41:59.576103',1),(203,'GET','/api/admin/users/',200,26,'127.0.0.1','Mozilla/5.0 (Macintosh; Intel Mac OS X 10_15_7) AppleWebKit/537.36 (KHTML, like Gecko) Chrome/144.0.0.0 Safari/537.36 Edg/144.0.0.0','2026-02-06 11:41:59.578164',1),(204,'GET','/api/admin/audit-logs/',200,54,'127.0.0.1','Mozilla/5.0 (Macintosh; Intel Mac OS X 10_15_7) AppleWebKit/537.36 (KHTML, like Gecko) Chrome/144.0.0.0 Safari/537.36 Edg/144.0.0.0','2026-02-06 11:41:59.611558',1),(205,'GET','/api/assessments/alerts/',200,59,'127.0.0.1','Mozilla/5.0 (Macintosh; Intel Mac OS X 10_15_7) AppleWebKit/537.36 (KHTML, like Gecko) Chrome/144.0.0.0 Safari/537.36 Edg/144.0.0.0','2026-02-06 11:41:59.614450',1),(206,'GET','/api/assessments/results/',200,94,'127.0.0.1','Mozilla/5.0 (Macintosh; Intel Mac OS X 10_15_7) AppleWebKit/537.36 (KHTML, like Gecko) Chrome/144.0.0.0 Safari/537.36 Edg/144.0.0.0','2026-02-06 11:41:59.648668',1),(207,'GET','/api/admin/users/',200,33,'127.0.0.1','Mozilla/5.0 (Macintosh; Intel Mac OS X 10_15_7) AppleWebKit/537.36 (KHTML, like Gecko) Chrome/144.0.0.0 Safari/537.36 Edg/144.0.0.0','2026-02-06 11:42:01.179527',1),(208,'GET','/api/colleges/',200,32,'127.0.0.1','Mozilla/5.0 (Macintosh; Intel Mac OS X 10_15_7) AppleWebKit/537.36 (KHTML, like Gecko) Chrome/144.0.0.0 Safari/537.36 Edg/144.0.0.0','2026-02-06 11:42:01.180977',1),(209,'GET','/api/admin/assignments/',200,52,'127.0.0.1','Mozilla/5.0 (Macintosh; Intel Mac OS X 10_15_7) AppleWebKit/537.36 (KHTML, like Gecko) Chrome/144.0.0.0 Safari/537.36 Edg/144.0.0.0','2026-02-06 11:42:01.202889',1),(210,'GET','/api/admin/audit-logs/',200,54,'127.0.0.1','Mozilla/5.0 (Macintosh; Intel Mac OS X 10_15_7) AppleWebKit/537.36 (KHTML, like Gecko) Chrome/144.0.0.0 Safari/537.36 Edg/144.0.0.0','2026-02-06 11:42:14.688306',1),(211,'GET','/api/health/',200,26,'127.0.0.1','Mozilla/5.0 (Macintosh; Intel Mac OS X 10_15_7) AppleWebKit/537.36 (KHTML, like Gecko) Chrome/144.0.0.0 Safari/537.36 Edg/144.0.0.0','2026-02-06 11:42:20.162611',1),(212,'GET','/api/colleges/',200,23,'127.0.0.1','Mozilla/5.0 (Macintosh; Intel Mac OS X 10_15_7) AppleWebKit/537.36 (KHTML, like Gecko) Chrome/144.0.0.0 Safari/537.36 Edg/144.0.0.0','2026-02-06 11:42:20.163696',1),(213,'GET','/api/surveys/templates/',200,22,'127.0.0.1','Mozilla/5.0 (Macintosh; Intel Mac OS X 10_15_7) AppleWebKit/537.36 (KHTML, like Gecko) Chrome/144.0.0.0 Safari/537.36 Edg/144.0.0.0','2026-02-06 11:42:20.167716',1),(214,'GET','/api/surveys/questionnaires/',200,34,'127.0.0.1','Mozilla/5.0 (Macintosh; Intel Mac OS X 10_15_7) AppleWebKit/537.36 (KHTML, like Gecko) Chrome/144.0.0.0 Safari/537.36 Edg/144.0.0.0','2026-02-06 11:42:20.180857',1),(215,'GET','/api/colleges/',200,36,'127.0.0.1','Mozilla/5.0 (Macintosh; Intel Mac OS X 10_15_7) AppleWebKit/537.36 (KHTML, like Gecko) Chrome/144.0.0.0 Safari/537.36 Edg/144.0.0.0','2026-02-06 11:42:34.779224',1),(216,'POST','/api/backups/export/',200,53,'127.0.0.1','Mozilla/5.0 (Macintosh; Intel Mac OS X 10_15_7) AppleWebKit/537.36 (KHTML, like Gecko) Chrome/144.0.0.0 Safari/537.36 Edg/144.0.0.0','2026-02-06 11:42:38.783447',1),(217,'GET','/api/backups/download/',401,31,'127.0.0.1','Mozilla/5.0 (Macintosh; Intel Mac OS X 10_15_7) AppleWebKit/537.36 (KHTML, like Gecko) Chrome/144.0.0.0 Safari/537.36 Edg/144.0.0.0','2026-02-06 11:42:40.540144',NULL),(218,'GET','/api/colleges/',200,28,'127.0.0.1','Mozilla/5.0 (Macintosh; Intel Mac OS X 10_15_7) AppleWebKit/537.36 (KHTML, like Gecko) Chrome/144.0.0.0 Safari/537.36 Edg/144.0.0.0','2026-02-06 11:42:50.098104',1),(219,'GET','/api/health/',200,30,'127.0.0.1','Mozilla/5.0 (Macintosh; Intel Mac OS X 10_15_7) AppleWebKit/537.36 (KHTML, like Gecko) Chrome/144.0.0.0 Safari/537.36 Edg/144.0.0.0','2026-02-06 11:42:50.098361',1),(220,'GET','/api/surveys/templates/',200,31,'127.0.0.1','Mozilla/5.0 (Macintosh; Intel Mac OS X 10_15_7) AppleWebKit/537.36 (KHTML, like Gecko) Chrome/144.0.0.0 Safari/537.36 Edg/144.0.0.0','2026-02-06 11:42:50.102393',1),(221,'GET','/api/surveys/questionnaires/',200,41,'127.0.0.1','Mozilla/5.0 (Macintosh; Intel Mac OS X 10_15_7) AppleWebKit/537.36 (KHTML, like Gecko) Chrome/144.0.0.0 Safari/537.36 Edg/144.0.0.0','2026-02-06 11:42:50.115448',1),(222,'GET','/api/colleges/',200,36,'127.0.0.1','Mozilla/5.0 (Macintosh; Intel Mac OS X 10_15_7) AppleWebKit/537.36 (KHTML, like Gecko) Chrome/144.0.0.0 Safari/537.36 Edg/144.0.0.0','2026-02-06 11:42:50.981111',1),(223,'GET','/api/admin/audit-logs/',200,38,'127.0.0.1','Mozilla/5.0 (Macintosh; Intel Mac OS X 10_15_7) AppleWebKit/537.36 (KHTML, like Gecko) Chrome/144.0.0.0 Safari/537.36 Edg/144.0.0.0','2026-02-06 11:42:52.582833',1),(224,'GET','/api/admin/users/',200,38,'127.0.0.1','Mozilla/5.0 (Macintosh; Intel Mac OS X 10_15_7) AppleWebKit/537.36 (KHTML, like Gecko) Chrome/144.0.0.0 Safari/537.36 Edg/144.0.0.0','2026-02-06 11:42:53.408700',1),(225,'GET','/api/colleges/',200,36,'127.0.0.1','Mozilla/5.0 (Macintosh; Intel Mac OS X 10_15_7) AppleWebKit/537.36 (KHTML, like Gecko) Chrome/144.0.0.0 Safari/537.36 Edg/144.0.0.0','2026-02-06 11:42:53.409075',1),(226,'GET','/api/admin/assignments/',200,53,'127.0.0.1','Mozilla/5.0 (Macintosh; Intel Mac OS X 10_15_7) AppleWebKit/537.36 (KHTML, like Gecko) Chrome/144.0.0.0 Safari/537.36 Edg/144.0.0.0','2026-02-06 11:42:53.428200',1),(227,'GET','/api/colleges/',200,33,'127.0.0.1','Mozilla/5.0 (Macintosh; Intel Mac OS X 10_15_7) AppleWebKit/537.36 (KHTML, like Gecko) Chrome/144.0.0.0 Safari/537.36 Edg/144.0.0.0','2026-02-06 11:42:53.997268',1),(228,'GET','/api/admin/users/',200,39,'127.0.0.1','Mozilla/5.0 (Macintosh; Intel Mac OS X 10_15_7) AppleWebKit/537.36 (KHTML, like Gecko) Chrome/144.0.0.0 Safari/537.36 Edg/144.0.0.0','2026-02-06 11:42:54.001740',1),(229,'GET','/api/admin/audit-logs/',200,33,'127.0.0.1','Mozilla/5.0 (Macintosh; Intel Mac OS X 10_15_7) AppleWebKit/537.36 (KHTML, like Gecko) Chrome/144.0.0.0 Safari/537.36 Edg/144.0.0.0','2026-02-06 11:42:54.002967',1),(230,'GET','/api/assessments/alerts/',200,57,'127.0.0.1','Mozilla/5.0 (Macintosh; Intel Mac OS X 10_15_7) AppleWebKit/537.36 (KHTML, like Gecko) Chrome/144.0.0.0 Safari/537.36 Edg/144.0.0.0','2026-02-06 11:42:54.025930',1),(231,'GET','/api/assessments/results/',200,87,'127.0.0.1','Mozilla/5.0 (Macintosh; Intel Mac OS X 10_15_7) AppleWebKit/537.36 (KHTML, like Gecko) Chrome/144.0.0.0 Safari/537.36 Edg/144.0.0.0','2026-02-06 11:42:54.053077',1),(232,'GET','/api/admin/users/',200,34,'127.0.0.1','Mozilla/5.0 (Macintosh; Intel Mac OS X 10_15_7) AppleWebKit/537.36 (KHTML, like Gecko) Chrome/144.0.0.0 Safari/537.36 Edg/144.0.0.0','2026-02-06 11:43:01.844498',1),(233,'GET','/api/colleges/',200,33,'127.0.0.1','Mozilla/5.0 (Macintosh; Intel Mac OS X 10_15_7) AppleWebKit/537.36 (KHTML, like Gecko) Chrome/144.0.0.0 Safari/537.36 Edg/144.0.0.0','2026-02-06 11:43:01.844864',1),(234,'GET','/api/admin/audit-logs/',200,37,'127.0.0.1','Mozilla/5.0 (Macintosh; Intel Mac OS X 10_15_7) AppleWebKit/537.36 (KHTML, like Gecko) Chrome/144.0.0.0 Safari/537.36 Edg/144.0.0.0','2026-02-06 11:43:01.857046',1),(235,'GET','/api/assessments/alerts/',200,61,'127.0.0.1','Mozilla/5.0 (Macintosh; Intel Mac OS X 10_15_7) AppleWebKit/537.36 (KHTML, like Gecko) Chrome/144.0.0.0 Safari/537.36 Edg/144.0.0.0','2026-02-06 11:43:01.877669',1),(236,'GET','/api/assessments/results/',200,91,'127.0.0.1','Mozilla/5.0 (Macintosh; Intel Mac OS X 10_15_7) AppleWebKit/537.36 (KHTML, like Gecko) Chrome/144.0.0.0 Safari/537.36 Edg/144.0.0.0','2026-02-06 11:43:01.904225',1),(237,'GET','/api/colleges/',200,33,'127.0.0.1','Mozilla/5.0 (Macintosh; Intel Mac OS X 10_15_7) AppleWebKit/537.36 (KHTML, like Gecko) Chrome/144.0.0.0 Safari/537.36 Edg/144.0.0.0','2026-02-06 11:43:03.840017',1),(238,'GET','/api/admin/users/',200,37,'127.0.0.1','Mozilla/5.0 (Macintosh; Intel Mac OS X 10_15_7) AppleWebKit/537.36 (KHTML, like Gecko) Chrome/144.0.0.0 Safari/537.36 Edg/144.0.0.0','2026-02-06 11:43:03.842470',1),(239,'GET','/api/admin/audit-logs/',200,35,'127.0.0.1','Mozilla/5.0 (Macintosh; Intel Mac OS X 10_15_7) AppleWebKit/537.36 (KHTML, like Gecko) Chrome/144.0.0.0 Safari/537.36 Edg/144.0.0.0','2026-02-06 11:43:03.853406',1),(240,'GET','/api/assessments/alerts/',200,58,'127.0.0.1','Mozilla/5.0 (Macintosh; Intel Mac OS X 10_15_7) AppleWebKit/537.36 (KHTML, like Gecko) Chrome/144.0.0.0 Safari/537.36 Edg/144.0.0.0','2026-02-06 11:43:03.870733',1),(241,'GET','/api/assessments/results/',200,89,'127.0.0.1','Mozilla/5.0 (Macintosh; Intel Mac OS X 10_15_7) AppleWebKit/537.36 (KHTML, like Gecko) Chrome/144.0.0.0 Safari/537.36 Edg/144.0.0.0','2026-02-06 11:43:03.898346',1),(242,'GET','/api/admin/audit-logs/',200,25,'127.0.0.1','Mozilla/5.0 (Macintosh; Intel Mac OS X 10_15_7) AppleWebKit/537.36 (KHTML, like Gecko) Chrome/144.0.0.0 Safari/537.36 Edg/144.0.0.0','2026-02-06 11:43:04.379425',1),(243,'GET','/api/colleges/',200,36,'127.0.0.1','Mozilla/5.0 (Macintosh; Intel Mac OS X 10_15_7) AppleWebKit/537.36 (KHTML, like Gecko) Chrome/144.0.0.0 Safari/537.36 Edg/144.0.0.0','2026-02-06 11:43:04.381042',1),(244,'GET','/api/admin/users/',200,41,'127.0.0.1','Mozilla/5.0 (Macintosh; Intel Mac OS X 10_15_7) AppleWebKit/537.36 (KHTML, like Gecko) Chrome/144.0.0.0 Safari/537.36 Edg/144.0.0.0','2026-02-06 11:43:04.384574',1),(245,'GET','/api/assessments/alerts/',200,54,'127.0.0.1','Mozilla/5.0 (Macintosh; Intel Mac OS X 10_15_7) AppleWebKit/537.36 (KHTML, like Gecko) Chrome/144.0.0.0 Safari/537.36 Edg/144.0.0.0','2026-02-06 11:43:04.404451',1),(246,'GET','/api/assessments/results/',200,84,'127.0.0.1','Mozilla/5.0 (Macintosh; Intel Mac OS X 10_15_7) AppleWebKit/537.36 (KHTML, like Gecko) Chrome/144.0.0.0 Safari/537.36 Edg/144.0.0.0','2026-02-06 11:43:04.431758',1),(247,'GET','/api/colleges/',200,26,'127.0.0.1','Mozilla/5.0 (Macintosh; Intel Mac OS X 10_15_7) AppleWebKit/537.36 (KHTML, like Gecko) Chrome/144.0.0.0 Safari/537.36 Edg/144.0.0.0','2026-02-06 11:43:04.822216',1),(248,'GET','/api/admin/audit-logs/',200,29,'127.0.0.1','Mozilla/5.0 (Macintosh; Intel Mac OS X 10_15_7) AppleWebKit/537.36 (KHTML, like Gecko) Chrome/144.0.0.0 Safari/537.36 Edg/144.0.0.0','2026-02-06 11:43:04.831562',1),(249,'GET','/api/admin/users/',200,32,'127.0.0.1','Mozilla/5.0 (Macintosh; Intel Mac OS X 10_15_7) AppleWebKit/537.36 (KHTML, like Gecko) Chrome/144.0.0.0 Safari/537.36 Edg/144.0.0.0','2026-02-06 11:43:04.835489',1),(250,'GET','/api/assessments/alerts/',200,63,'127.0.0.1','Mozilla/5.0 (Macintosh; Intel Mac OS X 10_15_7) AppleWebKit/537.36 (KHTML, like Gecko) Chrome/144.0.0.0 Safari/537.36 Edg/144.0.0.0','2026-02-06 11:43:04.865486',1),(251,'GET','/api/assessments/results/',200,128,'127.0.0.1','Mozilla/5.0 (Macintosh; Intel Mac OS X 10_15_7) AppleWebKit/537.36 (KHTML, like Gecko) Chrome/144.0.0.0 Safari/537.36 Edg/144.0.0.0','2026-02-06 11:43:04.927500',1),(252,'GET','/api/admin/users/',200,30,'127.0.0.1','Mozilla/5.0 (Macintosh; Intel Mac OS X 10_15_7) AppleWebKit/537.36 (KHTML, like Gecko) Chrome/144.0.0.0 Safari/537.36 Edg/144.0.0.0','2026-02-06 11:43:05.224740',1),(253,'GET','/api/colleges/',200,25,'127.0.0.1','Mozilla/5.0 (Macintosh; Intel Mac OS X 10_15_7) AppleWebKit/537.36 (KHTML, like Gecko) Chrome/144.0.0.0 Safari/537.36 Edg/144.0.0.0','2026-02-06 11:43:05.225989',1),(254,'GET','/api/admin/audit-logs/',200,39,'127.0.0.1','Mozilla/5.0 (Macintosh; Intel Mac OS X 10_15_7) AppleWebKit/537.36 (KHTML, like Gecko) Chrome/144.0.0.0 Safari/537.36 Edg/144.0.0.0','2026-02-06 11:43:05.244189',1),(255,'GET','/api/assessments/alerts/',200,63,'127.0.0.1','Mozilla/5.0 (Macintosh; Intel Mac OS X 10_15_7) AppleWebKit/537.36 (KHTML, like Gecko) Chrome/144.0.0.0 Safari/537.36 Edg/144.0.0.0','2026-02-06 11:43:05.260138',1),(256,'GET','/api/assessments/results/',200,90,'127.0.0.1','Mozilla/5.0 (Macintosh; Intel Mac OS X 10_15_7) AppleWebKit/537.36 (KHTML, like Gecko) Chrome/144.0.0.0 Safari/537.36 Edg/144.0.0.0','2026-02-06 11:43:05.293154',1),(257,'GET','/api/colleges/',200,22,'127.0.0.1','Mozilla/5.0 (Macintosh; Intel Mac OS X 10_15_7) AppleWebKit/537.36 (KHTML, like Gecko) Chrome/144.0.0.0 Safari/537.36 Edg/144.0.0.0','2026-02-06 11:43:05.736460',1),(258,'GET','/api/admin/users/',200,26,'127.0.0.1','Mozilla/5.0 (Macintosh; Intel Mac OS X 10_15_7) AppleWebKit/537.36 (KHTML, like Gecko) Chrome/144.0.0.0 Safari/537.36 Edg/144.0.0.0','2026-02-06 11:43:05.738270',1),(259,'GET','/api/admin/audit-logs/',200,23,'127.0.0.1','Mozilla/5.0 (Macintosh; Intel Mac OS X 10_15_7) AppleWebKit/537.36 (KHTML, like Gecko) Chrome/144.0.0.0 Safari/537.36 Edg/144.0.0.0','2026-02-06 11:43:05.739929',1),(260,'GET','/api/assessments/alerts/',200,47,'127.0.0.1','Mozilla/5.0 (Macintosh; Intel Mac OS X 10_15_7) AppleWebKit/537.36 (KHTML, like Gecko) Chrome/144.0.0.0 Safari/537.36 Edg/144.0.0.0','2026-02-06 11:43:05.766063',1),(261,'GET','/api/assessments/results/',200,72,'127.0.0.1','Mozilla/5.0 (Macintosh; Intel Mac OS X 10_15_7) AppleWebKit/537.36 (KHTML, like Gecko) Chrome/144.0.0.0 Safari/537.36 Edg/144.0.0.0','2026-02-06 11:43:05.793264',1),(262,'GET','/api/admin/users/',200,31,'127.0.0.1','Mozilla/5.0 (Macintosh; Intel Mac OS X 10_15_7) AppleWebKit/537.36 (KHTML, like Gecko) Chrome/144.0.0.0 Safari/537.36 Edg/144.0.0.0','2026-02-06 11:43:06.210992',1),(263,'GET','/api/colleges/',200,30,'127.0.0.1','Mozilla/5.0 (Macintosh; Intel Mac OS X 10_15_7) AppleWebKit/537.36 (KHTML, like Gecko) Chrome/144.0.0.0 Safari/537.36 Edg/144.0.0.0','2026-02-06 11:43:06.212622',1),(264,'GET','/api/admin/audit-logs/',200,26,'127.0.0.1','Mozilla/5.0 (Macintosh; Intel Mac OS X 10_15_7) AppleWebKit/537.36 (KHTML, like Gecko) Chrome/144.0.0.0 Safari/537.36 Edg/144.0.0.0','2026-02-06 11:43:06.215558',1),(265,'GET','/api/assessments/alerts/',200,55,'127.0.0.1','Mozilla/5.0 (Macintosh; Intel Mac OS X 10_15_7) AppleWebKit/537.36 (KHTML, like Gecko) Chrome/144.0.0.0 Safari/537.36 Edg/144.0.0.0','2026-02-06 11:43:06.241181',1),(266,'GET','/api/assessments/results/',200,83,'127.0.0.1','Mozilla/5.0 (Macintosh; Intel Mac OS X 10_15_7) AppleWebKit/537.36 (KHTML, like Gecko) Chrome/144.0.0.0 Safari/537.36 Edg/144.0.0.0','2026-02-06 11:43:06.266850',1),(267,'GET','/api/colleges/',200,32,'127.0.0.1','Mozilla/5.0 (Macintosh; Intel Mac OS X 10_15_7) AppleWebKit/537.36 (KHTML, like Gecko) Chrome/144.0.0.0 Safari/537.36 Edg/144.0.0.0','2026-02-06 11:43:06.665229',1),(268,'GET','/api/admin/users/',200,28,'127.0.0.1','Mozilla/5.0 (Macintosh; Intel Mac OS X 10_15_7) AppleWebKit/537.36 (KHTML, like Gecko) Chrome/144.0.0.0 Safari/537.36 Edg/144.0.0.0','2026-02-06 11:43:06.667018',1),(269,'GET','/api/admin/audit-logs/',200,36,'127.0.0.1','Mozilla/5.0 (Macintosh; Intel Mac OS X 10_15_7) AppleWebKit/537.36 (KHTML, like Gecko) Chrome/144.0.0.0 Safari/537.36 Edg/144.0.0.0','2026-02-06 11:43:06.672959',1),(270,'GET','/api/assessments/alerts/',200,59,'127.0.0.1','Mozilla/5.0 (Macintosh; Intel Mac OS X 10_15_7) AppleWebKit/537.36 (KHTML, like Gecko) Chrome/144.0.0.0 Safari/537.36 Edg/144.0.0.0','2026-02-06 11:43:06.693605',1),(271,'GET','/api/assessments/results/',200,93,'127.0.0.1','Mozilla/5.0 (Macintosh; Intel Mac OS X 10_15_7) AppleWebKit/537.36 (KHTML, like Gecko) Chrome/144.0.0.0 Safari/537.36 Edg/144.0.0.0','2026-02-06 11:43:06.724462',1),(272,'GET','/api/colleges/',200,30,'127.0.0.1','Mozilla/5.0 (Macintosh; Intel Mac OS X 10_15_7) AppleWebKit/537.36 (KHTML, like Gecko) Chrome/144.0.0.0 Safari/537.36 Edg/144.0.0.0','2026-02-06 11:43:07.854677',1),(273,'GET','/api/admin/users/',200,36,'127.0.0.1','Mozilla/5.0 (Macintosh; Intel Mac OS X 10_15_7) AppleWebKit/537.36 (KHTML, like Gecko) Chrome/144.0.0.0 Safari/537.36 Edg/144.0.0.0','2026-02-06 11:43:07.856931',1),(274,'GET','/api/admin/assignments/',200,50,'127.0.0.1','Mozilla/5.0 (Macintosh; Intel Mac OS X 10_15_7) AppleWebKit/537.36 (KHTML, like Gecko) Chrome/144.0.0.0 Safari/537.36 Edg/144.0.0.0','2026-02-06 11:43:07.877308',1),(275,'GET','/api/admin/audit-logs/',200,36,'127.0.0.1','Mozilla/5.0 (Macintosh; Intel Mac OS X 10_15_7) AppleWebKit/537.36 (KHTML, like Gecko) Chrome/144.0.0.0 Safari/537.36 Edg/144.0.0.0','2026-02-06 11:43:11.100683',1),(276,'GET','/api/health/',200,25,'127.0.0.1','Mozilla/5.0 (Macintosh; Intel Mac OS X 10_15_7) AppleWebKit/537.36 (KHTML, like Gecko) Chrome/144.0.0.0 Safari/537.36 Edg/144.0.0.0','2026-02-06 11:43:11.475121',1),(277,'GET','/api/colleges/',200,25,'127.0.0.1','Mozilla/5.0 (Macintosh; Intel Mac OS X 10_15_7) AppleWebKit/537.36 (KHTML, like Gecko) Chrome/144.0.0.0 Safari/537.36 Edg/144.0.0.0','2026-02-06 11:43:11.477386',1),(278,'GET','/api/surveys/templates/',200,26,'127.0.0.1','Mozilla/5.0 (Macintosh; Intel Mac OS X 10_15_7) AppleWebKit/537.36 (KHTML, like Gecko) Chrome/144.0.0.0 Safari/537.36 Edg/144.0.0.0','2026-02-06 11:43:11.480688',1),(279,'GET','/api/surveys/questionnaires/',200,44,'127.0.0.1','Mozilla/5.0 (Macintosh; Intel Mac OS X 10_15_7) AppleWebKit/537.36 (KHTML, like Gecko) Chrome/144.0.0.0 Safari/537.36 Edg/144.0.0.0','2026-02-06 11:43:11.500344',1),(280,'GET','/api/colleges/',200,32,'127.0.0.1','Mozilla/5.0 (Macintosh; Intel Mac OS X 10_15_7) AppleWebKit/537.36 (KHTML, like Gecko) Chrome/144.0.0.0 Safari/537.36 Edg/144.0.0.0','2026-02-06 11:43:11.874412',1),(281,'GET','/api/health/',200,25,'127.0.0.1','Mozilla/5.0 (Macintosh; Intel Mac OS X 10_15_7) AppleWebKit/537.36 (KHTML, like Gecko) Chrome/144.0.0.0 Safari/537.36 Edg/144.0.0.0','2026-02-06 11:43:12.632222',1),(282,'GET','/api/colleges/',200,26,'127.0.0.1','Mozilla/5.0 (Macintosh; Intel Mac OS X 10_15_7) AppleWebKit/537.36 (KHTML, like Gecko) Chrome/144.0.0.0 Safari/537.36 Edg/144.0.0.0','2026-02-06 11:43:12.634298',1),(283,'GET','/api/surveys/templates/',200,29,'127.0.0.1','Mozilla/5.0 (Macintosh; Intel Mac OS X 10_15_7) AppleWebKit/537.36 (KHTML, like Gecko) Chrome/144.0.0.0 Safari/537.36 Edg/144.0.0.0','2026-02-06 11:43:12.641335',1),(284,'GET','/api/surveys/questionnaires/',200,35,'127.0.0.1','Mozilla/5.0 (Macintosh; Intel Mac OS X 10_15_7) AppleWebKit/537.36 (KHTML, like Gecko) Chrome/144.0.0.0 Safari/537.36 Edg/144.0.0.0','2026-02-06 11:43:12.650306',1),(285,'GET','/api/health/',200,1,'127.0.0.1','curl/8.7.1','2026-02-06 11:50:03.928123',NULL),(286,'GET','/api/health/',200,2,'127.0.0.1','curl/8.7.1','2026-02-06 11:51:49.192027',NULL),(287,'POST','/api/auth/token/',200,178,'127.0.0.1','curl/8.7.1','2026-02-06 11:52:01.194457',NULL),(288,'POST','/api/chat/conversations/ai/',201,9080,'127.0.0.1','curl/8.7.1','2026-02-06 11:52:10.299783',4),(289,'POST','/api/auth/token/',200,108,'127.0.0.1','curl/8.7.1','2026-02-06 11:52:23.592557',NULL),(290,'POST','/api/chat/conversations/ai/',201,5129,'127.0.0.1','curl/8.7.1','2026-02-06 11:52:28.739282',4),(291,'GET','/api/health/',200,1,'127.0.0.1','curl/8.7.1','2026-02-06 11:53:07.220212',NULL),(292,'GET','/api/health/',200,1,'127.0.0.1','curl/8.7.1','2026-02-06 11:55:05.967007',NULL),(293,'GET','/api/health/',200,1,'127.0.0.1','curl/8.7.1','2026-02-06 11:56:52.760973',NULL),(294,'POST','/api/auth/token/',200,121,'127.0.0.1','curl/8.7.1','2026-02-06 11:56:52.896623',NULL),(295,'POST','/api/chat/conversations/ai/',201,14621,'127.0.0.1','curl/8.7.1','2026-02-06 11:57:07.536610',4),(296,'POST','/api/auth/token/',200,126,'127.0.0.1','curl/8.7.1','2026-02-06 11:57:50.859874',NULL),(297,'POST','/api/chat/conversations/ai/',201,8627,'127.0.0.1','curl/8.7.1','2026-02-06 11:57:59.540095',4),(298,'POST','/api/auth/token/',200,193,'127.0.0.1','curl/8.7.1','2026-02-24 19:35:18.570300',NULL),(299,'GET','/api/surveys/questionnaires/',200,42,'127.0.0.1','curl/8.7.1','2026-02-24 19:35:18.631873',4),(300,'POST','/api/auth/token/',200,134,'127.0.0.1','curl/8.7.1','2026-02-24 19:35:37.555269',NULL),(301,'GET','/api/surveys/questionnaires/',200,36,'127.0.0.1','curl/8.7.1','2026-02-24 19:35:37.618825',4),(302,'POST','/api/auth/token/',200,121,'127.0.0.1','curl/8.7.1','2026-02-24 19:35:51.279013',NULL),(303,'GET','/api/surveys/questionnaires/',200,28,'127.0.0.1','curl/8.7.1','2026-02-24 19:35:51.321497',4),(304,'POST','/api/auth/token/',200,144,'127.0.0.1','curl/8.7.1','2026-02-24 19:37:20.768090',NULL),(305,'GET','/api/surveys/questionnaires/',200,29,'127.0.0.1','curl/8.7.1','2026-02-24 19:37:20.816927',145),(306,'POST','/api/surveys/questionnaires/14/submit/',201,1765,'127.0.0.1','curl/8.7.1','2026-02-24 19:37:22.600002',145),(307,'GET','/api/assessments/results/',200,32,'127.0.0.1','curl/8.7.1','2026-02-24 19:37:22.654283',145),(308,'GET','/api/health/',200,2,'127.0.0.1','curl/8.7.1','2026-02-24 20:17:07.184006',NULL),(309,'GET','/api/colleges/',200,163,'127.0.0.1','Mozilla/5.0 (Macintosh; Intel Mac OS X 10_15_7) AppleWebKit/537.36 (KHTML, like Gecko) Chrome/144.0.0.0 Safari/537.36 Edg/144.0.0.0','2026-02-24 20:26:16.302264',NULL),(310,'GET','/api/health/',200,5,'127.0.0.1','curl/8.7.1','2026-02-24 20:33:30.045438',NULL),(311,'POST','/api/auth/token/',200,216,'127.0.0.1','curl/8.7.1','2026-02-24 20:34:08.184104',NULL),(312,'POST','/api/reports/monthly/',200,48,'127.0.0.1','curl/8.7.1','2026-02-24 20:34:08.254104',2),(313,'POST','/api/auth/token/',200,467,'127.0.0.1','curl/8.7.1','2026-02-24 20:34:16.688324',NULL),(314,'POST','/api/reports/monthly/',200,45,'127.0.0.1','curl/8.7.1','2026-02-24 20:34:16.758256',2),(315,'POST','/api/auth/token/',200,229,'127.0.0.1','curl/8.7.1','2026-02-24 20:34:30.813961',NULL),(316,'POST','/api/auth/token/',200,233,'127.0.0.1','curl/8.7.1','2026-02-24 20:34:30.815910',NULL),(317,'POST','/api/auth/token/',200,236,'127.0.0.1','curl/8.7.1','2026-02-24 20:34:30.814280',NULL),(318,'GET','/api/counselor/students/',200,24,'127.0.0.1','curl/8.7.1','2026-02-24 20:34:30.937347',10),(319,'GET','/api/counselor/students/',200,25,'127.0.0.1','curl/8.7.1','2026-02-24 20:34:30.938870',9),(320,'GET','/api/counselor/students/',200,28,'127.0.0.1','curl/8.7.1','2026-02-24 20:34:30.939981',3),(321,'POST','/api/auth/register/student/',404,15,'127.0.0.1','curl/8.7.1','2026-02-24 20:34:46.557852',NULL),(322,'POST','/api/auth/token/',401,183,'127.0.0.1','curl/8.7.1','2026-02-24 20:34:46.762685',NULL),(323,'GET','/api/auth/me/',401,0,'127.0.0.1','curl/8.7.1','2026-02-24 20:34:46.795951',NULL),(324,'GET','/api/auth/register/student/',404,9,'127.0.0.1','curl/8.7.1','2026-02-24 20:34:56.347535',NULL),(325,'POST','/api/auth/register/',201,141,'127.0.0.1','curl/8.7.1','2026-02-24 20:35:05.617086',NULL),(326,'POST','/api/auth/token/',200,108,'127.0.0.1','curl/8.7.1','2026-02-24 20:35:05.745503',NULL),(328,'POST','/api/auth/token/',200,180,'127.0.0.1','curl/8.7.1','2026-02-24 20:37:40.385498',NULL),(329,'POST','/api/admin/users/',400,23,'127.0.0.1','curl/8.7.1','2026-02-24 20:37:40.440518',1),(330,'POST','/api/auth/token/',200,159,'127.0.0.1','curl/8.7.1','2026-02-24 20:40:41.796566',NULL),(331,'GET','/api/reports/list/',200,18,'127.0.0.1','curl/8.7.1','2026-02-24 20:40:41.845797',2),(332,'POST','/api/auth/token/',200,208,'127.0.0.1','curl/8.7.1','2026-02-24 21:35:54.109442',NULL),(333,'POST','/api/auth/token/',200,192,'127.0.0.1','curl/8.7.1','2026-02-24 21:35:54.109827',NULL),(334,'GET','/api/health/',200,1,'127.0.0.1','curl/8.7.1','2026-02-24 21:35:54.165546',NULL),(335,'GET','/api/surveys/questionnaires/',200,59,'127.0.0.1','curl/8.7.1','2026-02-24 21:35:54.293742',4),(336,'POST','/api/auth/token/',200,179,'127.0.0.1','curl/8.7.1','2026-02-24 21:35:54.327625',NULL),(337,'GET','/api/surveys/questionnaires/',200,35,'127.0.0.1','curl/8.7.1','2026-02-24 21:35:54.343889',4),(338,'POST','/api/auth/token/',200,148,'127.0.0.1','curl/8.7.1','2026-02-24 21:35:54.494303',NULL),(339,'POST','/api/auth/token/',200,244,'127.0.0.1','curl/8.7.1','2026-02-24 21:35:54.786464',NULL),(340,'GET','/api/admin/users/',403,72,'127.0.0.1','curl/8.7.1','2026-02-24 21:35:54.891332',4),(341,'POST','/api/backups/export/',403,39,'127.0.0.1','curl/8.7.1','2026-02-24 21:35:54.951738',4),(342,'GET','/api/admin/users/',403,29,'127.0.0.1','curl/8.7.1','2026-02-24 21:35:54.998510',3),(343,'GET','/api/admin/users/',403,20,'127.0.0.1','curl/8.7.1','2026-02-24 21:35:55.044817',2),(344,'GET','/api/admin/users/',200,38,'127.0.0.1','curl/8.7.1','2026-02-24 21:35:55.107987',1),(345,'POST','/api/surveys/questionnaires/14/submit/',201,2504,'127.0.0.1','curl/8.7.1','2026-02-24 21:35:56.873380',4),(346,'GET','/api/assessments/results/',200,30,'127.0.0.1','curl/8.7.1','2026-02-24 21:35:56.914929',4),(347,'POST','/api/auth/register/',201,218,'127.0.0.1','curl/8.7.1','2026-02-24 21:37:34.142645',NULL),(348,'POST','/api/auth/token/',200,133,'127.0.0.1','curl/8.7.1','2026-02-24 21:37:34.316715',NULL),(349,'POST','/api/auth/token/',200,129,'127.0.0.1','curl/8.7.1','2026-02-24 21:37:34.467645',NULL),(350,'POST','/api/auth/token/',200,115,'127.0.0.1','curl/8.7.1','2026-02-24 21:37:34.596897',NULL),(351,'POST','/api/auth/token/',200,113,'127.0.0.1','curl/8.7.1','2026-02-24 21:37:34.724735',NULL),(352,'POST','/api/admin/assignments/',201,36,'127.0.0.1','curl/8.7.1','2026-02-24 21:37:34.774931',1),(353,'GET','/api/surveys/questionnaires/',200,26,'127.0.0.1','curl/8.7.1','2026-02-24 21:37:34.820943',147),(354,'POST','/api/surveys/questionnaires/14/submit/',201,37,'127.0.0.1','curl/8.7.1','2026-02-24 21:37:34.871351',147),(355,'GET','/api/assessments/results/',200,21,'127.0.0.1','curl/8.7.1','2026-02-24 21:37:34.908399',147),(356,'GET','/api/assessments/alerts/',200,33,'127.0.0.1','curl/8.7.1','2026-02-24 21:37:34.954175',3),(357,'POST','/api/interventions/plans/',201,31,'127.0.0.1','curl/8.7.1','2026-02-24 21:37:34.998004',3),(358,'PATCH','/api/interventions/plans/114/',200,28,'127.0.0.1','curl/8.7.1','2026-02-24 21:37:35.056627',3),(359,'GET','/api/interventions/plans/',200,51,'127.0.0.1','curl/8.7.1','2026-02-24 21:37:35.124675',2),(360,'POST','/api/auth/token/',200,153,'127.0.0.1','curl/8.7.1','2026-02-24 21:38:01.138447',NULL),(361,'POST','/api/auth/token/',200,169,'127.0.0.1','curl/8.7.1','2026-02-24 21:38:01.336303',NULL),(362,'POST','/api/auth/token/',200,128,'127.0.0.1','curl/8.7.1','2026-02-24 21:38:01.482493',NULL),(363,'GET','/api/assessments/results/',200,37,'127.0.0.1','curl/8.7.1','2026-02-24 21:38:01.539077',147),(364,'GET','/api/interventions/plans/',200,78,'127.0.0.1','curl/8.7.1','2026-02-24 21:38:01.640294',2),(365,'POST','/api/chat/conversations/human/start/',200,35,'127.0.0.1','curl/8.7.1','2026-02-24 21:38:01.691508',147),(366,'POST','/api/chat/conversations/56/messages/',201,57,'127.0.0.1','curl/8.7.1','2026-02-24 21:38:01.769091',147),(367,'POST','/api/chat/conversations/56/read/',200,68,'127.0.0.1','curl/8.7.1','2026-02-24 21:38:01.867557',3),(368,'POST','/api/chat/conversations/ai/',201,6687,'127.0.0.1','curl/8.7.1','2026-02-24 21:38:08.580419',147),(369,'POST','/api/reports/monthly/',200,49,'127.0.0.1','curl/8.7.1','2026-02-24 21:38:08.661382',2),(370,'POST','/api/backups/export/',200,39,'127.0.0.1','curl/8.7.1','2026-02-24 21:38:08.719424',2),(371,'POST','/api/auth/register/',201,240,'127.0.0.1','curl/8.7.1','2026-02-24 21:38:43.309999',NULL),(372,'POST','/api/auth/token/',200,118,'127.0.0.1','curl/8.7.1','2026-02-24 21:38:43.450373',NULL),(373,'POST','/api/auth/token/',200,114,'127.0.0.1','curl/8.7.1','2026-02-24 21:38:43.579113',NULL),(374,'POST','/api/admin/assignments/',201,25,'127.0.0.1','curl/8.7.1','2026-02-24 21:38:43.619676',1),(375,'GET','/api/surveys/questionnaires/',200,33,'127.0.0.1','curl/8.7.1','2026-02-24 21:38:43.664656',148),(376,'POST','/api/surveys/questionnaires/14/submit/',201,38,'127.0.0.1','curl/8.7.1','2026-02-24 21:38:43.729417',148),(377,'GET','/api/assessments/results/',200,21,'127.0.0.1','curl/8.7.1','2026-02-24 21:38:43.766060',148),(378,'POST','/api/auth/register/',201,135,'127.0.0.1','curl/8.7.1','2026-02-24 21:38:58.199255',NULL),(379,'POST','/api/auth/token/',200,113,'127.0.0.1','curl/8.7.1','2026-02-24 21:38:58.342105',NULL),(380,'POST','/api/auth/token/',200,111,'127.0.0.1','curl/8.7.1','2026-02-24 21:38:58.468145',NULL),(381,'POST','/api/admin/assignments/',201,28,'127.0.0.1','curl/8.7.1','2026-02-24 21:38:58.510262',1),(382,'GET','/api/surveys/questionnaires/',200,34,'127.0.0.1','curl/8.7.1','2026-02-24 21:38:58.559505',149),(383,'POST','/api/surveys/questionnaires/14/submit/',201,33,'127.0.0.1','curl/8.7.1','2026-02-24 21:38:58.616272',149),(384,'GET','/api/assessments/results/',200,23,'127.0.0.1','curl/8.7.1','2026-02-24 21:38:58.662585',149),(385,'POST','/api/auth/token/',200,145,'127.0.0.1','curl/8.7.1','2026-02-24 21:39:13.507635',NULL),(386,'POST','/api/auth/token/',200,115,'127.0.0.1','curl/8.7.1','2026-02-24 21:39:13.643716',NULL),(387,'POST','/api/admin/assignments/',201,119,'127.0.0.1','curl/8.7.1','2026-02-24 21:39:13.783154',1),(388,'GET','/api/counselor/students/',200,20,'127.0.0.1','curl/8.7.1','2026-02-24 21:39:13.841371',3),(389,'POST','/api/auth/token/',200,154,'127.0.0.1','curl/8.7.1','2026-02-24 21:39:32.809612',NULL),(390,'GET','/api/counselor/students/',200,33,'127.0.0.1','curl/8.7.1','2026-02-24 21:39:32.867736',3),(391,'POST','/api/auth/token/',200,271,'127.0.0.1','curl/8.7.1','2026-02-24 21:40:38.280728',NULL),(392,'POST','/api/auth/token/',200,126,'127.0.0.1','curl/8.7.1','2026-02-24 21:40:38.432711',NULL),(393,'POST','/api/admin/assignments/',201,33,'127.0.0.1','curl/8.7.1','2026-02-24 21:40:38.485880',1),(394,'GET','/api/counselor/students/',200,20,'127.0.0.1','curl/8.7.1','2026-02-24 21:40:38.596276',3),(395,'POST','/api/auth/register/',201,181,'127.0.0.1','curl/8.7.1','2026-02-24 21:40:53.023283',NULL),(396,'POST','/api/auth/token/',200,135,'127.0.0.1','curl/8.7.1','2026-02-24 21:40:53.175270',NULL),(397,'GET','/api/surveys/questionnaires/',200,37,'127.0.0.1','curl/8.7.1','2026-02-24 21:40:53.234157',150),(398,'POST','/api/surveys/questionnaires/14/submit/',201,50,'127.0.0.1','curl/8.7.1','2026-02-24 21:40:53.309774',150),(399,'GET','/api/assessments/results/',200,27,'127.0.0.1','curl/8.7.1','2026-02-24 21:40:53.361149',150),(400,'POST','/api/auth/register/',201,231,'127.0.0.1','curl/8.7.1','2026-02-24 21:41:04.010024',NULL),(401,'POST','/api/auth/token/',200,253,'127.0.0.1','curl/8.7.1','2026-02-24 21:41:04.283419',NULL),(402,'GET','/api/surveys/questionnaires/',200,97,'127.0.0.1','curl/8.7.1','2026-02-24 21:41:04.425275',151),(403,'POST','/api/surveys/questionnaires/14/submit/',201,65,'127.0.0.1','curl/8.7.1','2026-02-24 21:41:04.520910',151),(404,'GET','/api/assessments/results/',200,24,'127.0.0.1','curl/8.7.1','2026-02-24 21:41:04.563301',151),(405,'POST','/api/auth/token/',200,216,'127.0.0.1','curl/8.7.1','2026-02-24 21:45:01.298675',NULL),(406,'POST','/api/auth/token/',200,126,'127.0.0.1','curl/8.7.1','2026-02-24 21:45:01.442054',NULL),(407,'POST','/api/admin/assignments/',400,23,'127.0.0.1','curl/8.7.1','2026-02-24 21:45:01.506718',1),(408,'GET','/api/surveys/questionnaires/',200,55,'127.0.0.1','curl/8.7.1','2026-02-24 21:45:01.583216',4),(409,'POST','/api/surveys/questionnaires/14/submit/',400,23,'127.0.0.1','curl/8.7.1','2026-02-24 21:45:01.622531',4),(410,'POST','/api/auth/register/',201,198,'127.0.0.1','curl/8.7.1','2026-02-24 21:45:17.476447',NULL),(411,'POST','/api/auth/token/',200,121,'127.0.0.1','curl/8.7.1','2026-02-24 21:45:17.614043',NULL),(412,'GET','/api/surveys/questionnaires/',200,33,'127.0.0.1','curl/8.7.1','2026-02-24 21:45:17.662363',152),(413,'POST','/api/surveys/questionnaires/14/submit/',400,36,'127.0.0.1','curl/8.7.1','2026-02-24 21:45:17.729441',152),(414,'POST','/api/auth/token/',200,155,'127.0.0.1','curl/8.7.1','2026-02-24 21:52:00.698134',NULL),(415,'POST','/api/auth/token/',200,136,'127.0.0.1','curl/8.7.1','2026-02-24 21:52:00.712520',NULL),(416,'POST','/api/auth/token/',200,176,'127.0.0.1','curl/8.7.1','2026-02-24 21:52:14.565018',NULL),(417,'POST','/api/auth/token/',200,185,'127.0.0.1','curl/8.7.1','2026-02-24 21:52:14.622525',NULL),(418,'GET','/api/backups/download/',404,60,'127.0.0.1','curl/8.7.1','2026-02-24 21:52:14.643085',1),(419,'GET','/api/backups/download/',404,23,'127.0.0.1','curl/8.7.1','2026-02-24 21:52:14.670180',2),(420,'GET','/api/reports/download/',404,19,'127.0.0.1','curl/8.7.1','2026-02-24 21:52:14.683175',1),(421,'GET','/api/reports/download/',404,18,'127.0.0.1','curl/8.7.1','2026-02-24 21:52:14.707945',2),(422,'POST','/api/auth/token/',200,203,'127.0.0.1','curl/8.7.1','2026-02-24 21:52:31.653560',NULL),(423,'POST','/api/auth/token/',200,227,'127.0.0.1','curl/8.7.1','2026-02-24 21:52:31.661627',NULL),(424,'GET','/api/backups/download/',403,23,'127.0.0.1','curl/8.7.1','2026-02-24 21:52:31.703466',2),(425,'GET','/api/backups/download/',200,29,'127.0.0.1','curl/8.7.1','2026-02-24 21:52:31.708555',1),(426,'GET','/api/reports/download/',403,16,'127.0.0.1','curl/8.7.1','2026-02-24 21:52:31.741458',2),(427,'GET','/api/reports/download/',200,14,'127.0.0.1','curl/8.7.1','2026-02-24 21:52:31.745824',1),(428,'POST','/api/auth/token/',200,170,'127.0.0.1','curl/8.7.1','2026-02-24 21:52:42.005940',NULL),(429,'GET','/api/backups/download/',200,20,'127.0.0.1','curl/8.7.1','2026-02-24 21:52:42.055779',1),(430,'POST','/api/auth/token/',200,177,'127.0.0.1','curl/8.7.1','2026-02-24 21:52:52.632592',NULL),(431,'GET','/api/reports/download/',200,21,'127.0.0.1','curl/8.7.1','2026-02-24 21:52:52.676896',1),(432,'POST','/api/auth/token/',200,195,'127.0.0.1','curl/8.7.1','2026-02-24 21:53:05.312627',NULL),(433,'GET','/api/surveys/questionnaires/',200,35,'127.0.0.1','curl/8.7.1','2026-02-24 21:53:05.368709',2),(434,'POST','/api/auth/token/',200,125,'127.0.0.1','curl/8.7.1','2026-02-24 21:53:15.738073',NULL),(435,'GET','/api/surveys/questionnaires/',200,34,'127.0.0.1','curl/8.7.1','2026-02-24 21:53:15.790742',2),(436,'GET','/api/surveys/questionnaires/14/stats/',200,30,'127.0.0.1','curl/8.7.1','2026-02-24 21:53:15.845108',2),(437,'POST','/api/auth/token/',200,154,'127.0.0.1','curl/8.7.1','2026-02-24 21:53:25.884541',NULL),(438,'GET','/api/surveys/questionnaires/',200,30,'127.0.0.1','curl/8.7.1','2026-02-24 21:53:25.936686',3),(439,'GET','/api/surveys/questionnaires/14/stats/',200,25,'127.0.0.1','curl/8.7.1','2026-02-24 21:53:25.982222',3),(440,'POST','/api/auth/token/',200,236,'127.0.0.1','curl/8.7.1','2026-02-24 21:53:45.710933',NULL),(441,'POST','/api/backups/export/',200,33,'127.0.0.1','curl/8.7.1','2026-02-24 21:53:45.771693',2),(442,'POST','/api/auth/token/',200,161,'127.0.0.1','Mozilla/5.0 (Macintosh; Intel Mac OS X 10_15_7) AppleWebKit/537.36 (KHTML, like Gecko) Chrome/144.0.0.0 Safari/537.36 Edg/144.0.0.0','2026-02-24 21:54:10.784428',NULL),(443,'GET','/api/auth/me/',200,27,'127.0.0.1','Mozilla/5.0 (Macintosh; Intel Mac OS X 10_15_7) AppleWebKit/537.36 (KHTML, like Gecko) Chrome/144.0.0.0 Safari/537.36 Edg/144.0.0.0','2026-02-24 21:54:10.835229',4),(444,'GET','/api/interventions/plans/',200,74,'127.0.0.1','Mozilla/5.0 (Macintosh; Intel Mac OS X 10_15_7) AppleWebKit/537.36 (KHTML, like Gecko) Chrome/144.0.0.0 Safari/537.36 Edg/144.0.0.0','2026-02-24 21:54:11.155720',4),(445,'GET','/api/surveys/questionnaires/',200,93,'127.0.0.1','Mozilla/5.0 (Macintosh; Intel Mac OS X 10_15_7) AppleWebKit/537.36 (KHTML, like Gecko) Chrome/144.0.0.0 Safari/537.36 Edg/144.0.0.0','2026-02-24 21:54:11.172759',4),(446,'GET','/api/assessments/results/',200,114,'127.0.0.1','Mozilla/5.0 (Macintosh; Intel Mac OS X 10_15_7) AppleWebKit/537.36 (KHTML, like Gecko) Chrome/144.0.0.0 Safari/537.36 Edg/144.0.0.0','2026-02-24 21:54:11.192834',4),(447,'GET','/api/assessments/alerts/',200,111,'127.0.0.1','Mozilla/5.0 (Macintosh; Intel Mac OS X 10_15_7) AppleWebKit/537.36 (KHTML, like Gecko) Chrome/144.0.0.0 Safari/537.36 Edg/144.0.0.0','2026-02-24 21:54:11.195900',4),(448,'GET','/api/knowledge/articles/',200,61,'127.0.0.1','Mozilla/5.0 (Macintosh; Intel Mac OS X 10_15_7) AppleWebKit/537.36 (KHTML, like Gecko) Chrome/144.0.0.0 Safari/537.36 Edg/144.0.0.0','2026-02-24 21:54:12.276836',4),(449,'GET','/api/interventions/plans/',200,42,'127.0.0.1','Mozilla/5.0 (Macintosh; Intel Mac OS X 10_15_7) AppleWebKit/537.36 (KHTML, like Gecko) Chrome/144.0.0.0 Safari/537.36 Edg/144.0.0.0','2026-02-24 21:54:12.986199',4),(450,'GET','/api/surveys/questionnaires/',200,55,'127.0.0.1','Mozilla/5.0 (Macintosh; Intel Mac OS X 10_15_7) AppleWebKit/537.36 (KHTML, like Gecko) Chrome/144.0.0.0 Safari/537.36 Edg/144.0.0.0','2026-02-24 21:54:12.996892',4),(451,'GET','/api/assessments/alerts/',200,58,'127.0.0.1','Mozilla/5.0 (Macintosh; Intel Mac OS X 10_15_7) AppleWebKit/537.36 (KHTML, like Gecko) Chrome/144.0.0.0 Safari/537.36 Edg/144.0.0.0','2026-02-24 21:54:13.001513',4),(452,'GET','/api/assessments/results/',200,88,'127.0.0.1','Mozilla/5.0 (Macintosh; Intel Mac OS X 10_15_7) AppleWebKit/537.36 (KHTML, like Gecko) Chrome/144.0.0.0 Safari/537.36 Edg/144.0.0.0','2026-02-24 21:54:13.031346',4),(453,'GET','/api/surveys/questionnaires/',200,37,'127.0.0.1','Mozilla/5.0 (Macintosh; Intel Mac OS X 10_15_7) AppleWebKit/537.36 (KHTML, like Gecko) Chrome/144.0.0.0 Safari/537.36 Edg/144.0.0.0','2026-02-24 21:54:13.761275',4),(454,'POST','/api/auth/token/',200,262,'127.0.0.1','curl/8.7.1','2026-02-24 21:54:16.655918',NULL),(455,'POST','/api/auth/token/',200,265,'127.0.0.1','curl/8.7.1','2026-02-24 21:54:16.667293',NULL),(456,'GET','/api/admin/users/',200,18,'127.0.0.1','curl/8.7.1','2026-02-24 21:54:16.693675',1),(457,'GET','/api/interventions/plans/',200,69,'127.0.0.1','curl/8.7.1','2026-02-24 21:54:16.755356',2),(458,'GET','/api/admin/assignments/',200,65,'127.0.0.1','curl/8.7.1','2026-02-24 21:54:16.775472',1),(459,'GET','/api/assessments/alerts/',200,34,'127.0.0.1','curl/8.7.1','2026-02-24 21:54:16.806234',2),(460,'POST','/api/surveys/questionnaires/14/submit/',400,57,'127.0.0.1','Mozilla/5.0 (Macintosh; Intel Mac OS X 10_15_7) AppleWebKit/537.36 (KHTML, like Gecko) Chrome/144.0.0.0 Safari/537.36 Edg/144.0.0.0','2026-02-24 21:54:30.199871',4),(461,'POST','/api/surveys/questionnaires/14/submit/',400,29,'127.0.0.1','Mozilla/5.0 (Macintosh; Intel Mac OS X 10_15_7) AppleWebKit/537.36 (KHTML, like Gecko) Chrome/144.0.0.0 Safari/537.36 Edg/144.0.0.0','2026-02-24 21:54:30.273482',4),(462,'POST','/api/surveys/questionnaires/14/submit/',400,40,'127.0.0.1','Mozilla/5.0 (Macintosh; Intel Mac OS X 10_15_7) AppleWebKit/537.36 (KHTML, like Gecko) Chrome/144.0.0.0 Safari/537.36 Edg/144.0.0.0','2026-02-24 21:54:30.392282',4),(463,'POST','/api/surveys/questionnaires/14/submit/',400,29,'127.0.0.1','Mozilla/5.0 (Macintosh; Intel Mac OS X 10_15_7) AppleWebKit/537.36 (KHTML, like Gecko) Chrome/144.0.0.0 Safari/537.36 Edg/144.0.0.0','2026-02-24 21:54:31.602015',4),(464,'POST','/api/surveys/questionnaires/14/submit/',400,37,'127.0.0.1','Mozilla/5.0 (Macintosh; Intel Mac OS X 10_15_7) AppleWebKit/537.36 (KHTML, like Gecko) Chrome/144.0.0.0 Safari/537.36 Edg/144.0.0.0','2026-02-24 21:54:34.324327',4),(465,'POST','/api/surveys/questionnaires/14/submit/',400,36,'127.0.0.1','Mozilla/5.0 (Macintosh; Intel Mac OS X 10_15_7) AppleWebKit/537.36 (KHTML, like Gecko) Chrome/144.0.0.0 Safari/537.36 Edg/144.0.0.0','2026-02-24 21:54:34.776411',4),(466,'GET','/api/knowledge/articles/',200,42,'127.0.0.1','Mozilla/5.0 (Macintosh; Intel Mac OS X 10_15_7) AppleWebKit/537.36 (KHTML, like Gecko) Chrome/144.0.0.0 Safari/537.36 Edg/144.0.0.0','2026-02-24 21:54:35.673413',4),(467,'GET','/api/surveys/questionnaires/',200,38,'127.0.0.1','Mozilla/5.0 (Macintosh; Intel Mac OS X 10_15_7) AppleWebKit/537.36 (KHTML, like Gecko) Chrome/144.0.0.0 Safari/537.36 Edg/144.0.0.0','2026-02-24 21:54:36.097289',4),(468,'GET','/api/assessments/alerts/',200,40,'127.0.0.1','Mozilla/5.0 (Macintosh; Intel Mac OS X 10_15_7) AppleWebKit/537.36 (KHTML, like Gecko) Chrome/144.0.0.0 Safari/537.36 Edg/144.0.0.0','2026-02-24 21:54:37.483139',4),(469,'GET','/api/assessments/results/',200,44,'127.0.0.1','Mozilla/5.0 (Macintosh; Intel Mac OS X 10_15_7) AppleWebKit/537.36 (KHTML, like Gecko) Chrome/144.0.0.0 Safari/537.36 Edg/144.0.0.0','2026-02-24 21:54:37.486104',4),(470,'GET','/api/surveys/questionnaires/',200,77,'127.0.0.1','Mozilla/5.0 (Macintosh; Intel Mac OS X 10_15_7) AppleWebKit/537.36 (KHTML, like Gecko) Chrome/144.0.0.0 Safari/537.36 Edg/144.0.0.0','2026-02-24 21:54:57.545273',4),(471,'POST','/api/surveys/questionnaires/14/submit/',400,46,'127.0.0.1','Mozilla/5.0 (Macintosh; Intel Mac OS X 10_15_7) AppleWebKit/537.36 (KHTML, like Gecko) Chrome/144.0.0.0 Safari/537.36 Edg/144.0.0.0','2026-02-24 21:55:15.357265',4),(472,'GET','/api/knowledge/articles/',200,120,'127.0.0.1','Mozilla/5.0 (Macintosh; Intel Mac OS X 10_15_7) AppleWebKit/537.36 (KHTML, like Gecko) Chrome/144.0.0.0 Safari/537.36 Edg/144.0.0.0','2026-02-24 21:55:17.161492',4),(473,'GET','/api/surveys/questionnaires/',200,36,'127.0.0.1','Mozilla/5.0 (Macintosh; Intel Mac OS X 10_15_7) AppleWebKit/537.36 (KHTML, like Gecko) Chrome/144.0.0.0 Safari/537.36 Edg/144.0.0.0','2026-02-24 21:55:17.400725',4),(474,'GET','/api/chat/conversations/',200,75,'127.0.0.1','Mozilla/5.0 (Macintosh; Intel Mac OS X 10_15_7) AppleWebKit/537.36 (KHTML, like Gecko) Chrome/144.0.0.0 Safari/537.36 Edg/144.0.0.0','2026-02-24 21:55:18.557508',4),(475,'GET','/api/chat/conversations/2/messages/',200,28,'127.0.0.1','Mozilla/5.0 (Macintosh; Intel Mac OS X 10_15_7) AppleWebKit/537.36 (KHTML, like Gecko) Chrome/144.0.0.0 Safari/537.36 Edg/144.0.0.0','2026-02-24 21:55:18.602423',4),(476,'GET','/api/assessments/alerts/',200,38,'127.0.0.1','Mozilla/5.0 (Macintosh; Intel Mac OS X 10_15_7) AppleWebKit/537.36 (KHTML, like Gecko) Chrome/144.0.0.0 Safari/537.36 Edg/144.0.0.0','2026-02-24 21:55:18.802421',4),(477,'GET','/api/assessments/results/',200,43,'127.0.0.1','Mozilla/5.0 (Macintosh; Intel Mac OS X 10_15_7) AppleWebKit/537.36 (KHTML, like Gecko) Chrome/144.0.0.0 Safari/537.36 Edg/144.0.0.0','2026-02-24 21:55:18.805350',4),(478,'GET','/api/assessments/alerts/',200,69,'127.0.0.1','Mozilla/5.0 (Macintosh; Intel Mac OS X 10_15_7) AppleWebKit/537.36 (KHTML, like Gecko) Chrome/144.0.0.0 Safari/537.36 Edg/144.0.0.0','2026-02-24 21:55:22.666795',4),(479,'GET','/api/assessments/results/',200,76,'127.0.0.1','Mozilla/5.0 (Macintosh; Intel Mac OS X 10_15_7) AppleWebKit/537.36 (KHTML, like Gecko) Chrome/144.0.0.0 Safari/537.36 Edg/144.0.0.0','2026-02-24 21:55:22.671412',4),(480,'GET','/api/surveys/questionnaires/',200,40,'127.0.0.1','Mozilla/5.0 (Macintosh; Intel Mac OS X 10_15_7) AppleWebKit/537.36 (KHTML, like Gecko) Chrome/144.0.0.0 Safari/537.36 Edg/144.0.0.0','2026-02-24 21:55:24.825704',4),(481,'GET','/api/knowledge/articles/',200,41,'127.0.0.1','Mozilla/5.0 (Macintosh; Intel Mac OS X 10_15_7) AppleWebKit/537.36 (KHTML, like Gecko) Chrome/144.0.0.0 Safari/537.36 Edg/144.0.0.0','2026-02-24 21:55:25.513414',4),(482,'GET','/api/interventions/plans/',200,44,'127.0.0.1','Mozilla/5.0 (Macintosh; Intel Mac OS X 10_15_7) AppleWebKit/537.36 (KHTML, like Gecko) Chrome/144.0.0.0 Safari/537.36 Edg/144.0.0.0','2026-02-24 21:55:28.715832',4),(483,'GET','/api/surveys/questionnaires/',200,50,'127.0.0.1','Mozilla/5.0 (Macintosh; Intel Mac OS X 10_15_7) AppleWebKit/537.36 (KHTML, like Gecko) Chrome/144.0.0.0 Safari/537.36 Edg/144.0.0.0','2026-02-24 21:55:28.719056',4),(484,'GET','/api/assessments/alerts/',200,57,'127.0.0.1','Mozilla/5.0 (Macintosh; Intel Mac OS X 10_15_7) AppleWebKit/537.36 (KHTML, like Gecko) Chrome/144.0.0.0 Safari/537.36 Edg/144.0.0.0','2026-02-24 21:55:28.728424',4),(485,'GET','/api/assessments/results/',200,68,'127.0.0.1','Mozilla/5.0 (Macintosh; Intel Mac OS X 10_15_7) AppleWebKit/537.36 (KHTML, like Gecko) Chrome/144.0.0.0 Safari/537.36 Edg/144.0.0.0','2026-02-24 21:55:28.738429',4),(486,'GET','/api/interventions/plans/',200,53,'127.0.0.1','Mozilla/5.0 (Macintosh; Intel Mac OS X 10_15_7) AppleWebKit/537.36 (KHTML, like Gecko) Chrome/144.0.0.0 Safari/537.36 Edg/144.0.0.0','2026-02-24 21:55:31.897013',4),(487,'GET','/api/surveys/questionnaires/',200,70,'127.0.0.1','Mozilla/5.0 (Macintosh; Intel Mac OS X 10_15_7) AppleWebKit/537.36 (KHTML, like Gecko) Chrome/144.0.0.0 Safari/537.36 Edg/144.0.0.0','2026-02-24 21:55:31.912133',4),(488,'GET','/api/assessments/alerts/',200,70,'127.0.0.1','Mozilla/5.0 (Macintosh; Intel Mac OS X 10_15_7) AppleWebKit/537.36 (KHTML, like Gecko) Chrome/144.0.0.0 Safari/537.36 Edg/144.0.0.0','2026-02-24 21:55:31.912637',4),(489,'GET','/api/assessments/results/',200,74,'127.0.0.1','Mozilla/5.0 (Macintosh; Intel Mac OS X 10_15_7) AppleWebKit/537.36 (KHTML, like Gecko) Chrome/144.0.0.0 Safari/537.36 Edg/144.0.0.0','2026-02-24 21:55:31.915691',4),(490,'GET','/api/interventions/plans/',200,32,'127.0.0.1','Mozilla/5.0 (Macintosh; Intel Mac OS X 10_15_7) AppleWebKit/537.36 (KHTML, like Gecko) Chrome/144.0.0.0 Safari/537.36 Edg/144.0.0.0','2026-02-24 21:55:32.447423',4),(491,'GET','/api/surveys/questionnaires/',200,39,'127.0.0.1','Mozilla/5.0 (Macintosh; Intel Mac OS X 10_15_7) AppleWebKit/537.36 (KHTML, like Gecko) Chrome/144.0.0.0 Safari/537.36 Edg/144.0.0.0','2026-02-24 21:55:32.449962',4),(492,'GET','/api/assessments/alerts/',200,44,'127.0.0.1','Mozilla/5.0 (Macintosh; Intel Mac OS X 10_15_7) AppleWebKit/537.36 (KHTML, like Gecko) Chrome/144.0.0.0 Safari/537.36 Edg/144.0.0.0','2026-02-24 21:55:32.458661',4),(493,'GET','/api/assessments/results/',200,50,'127.0.0.1','Mozilla/5.0 (Macintosh; Intel Mac OS X 10_15_7) AppleWebKit/537.36 (KHTML, like Gecko) Chrome/144.0.0.0 Safari/537.36 Edg/144.0.0.0','2026-02-24 21:55:32.462986',4),(494,'GET','/api/interventions/plans/',200,32,'127.0.0.1','Mozilla/5.0 (Macintosh; Intel Mac OS X 10_15_7) AppleWebKit/537.36 (KHTML, like Gecko) Chrome/144.0.0.0 Safari/537.36 Edg/144.0.0.0','2026-02-24 21:55:32.560620',4),(495,'GET','/api/surveys/questionnaires/',200,34,'127.0.0.1','Mozilla/5.0 (Macintosh; Intel Mac OS X 10_15_7) AppleWebKit/537.36 (KHTML, like Gecko) Chrome/144.0.0.0 Safari/537.36 Edg/144.0.0.0','2026-02-24 21:55:32.561173',4),(496,'GET','/api/assessments/alerts/',200,39,'127.0.0.1','Mozilla/5.0 (Macintosh; Intel Mac OS X 10_15_7) AppleWebKit/537.36 (KHTML, like Gecko) Chrome/144.0.0.0 Safari/537.36 Edg/144.0.0.0','2026-02-24 21:55:32.565397',4),(497,'GET','/api/assessments/results/',200,44,'127.0.0.1','Mozilla/5.0 (Macintosh; Intel Mac OS X 10_15_7) AppleWebKit/537.36 (KHTML, like Gecko) Chrome/144.0.0.0 Safari/537.36 Edg/144.0.0.0','2026-02-24 21:55:32.571469',4),(498,'GET','/api/interventions/plans/',200,38,'127.0.0.1','Mozilla/5.0 (Macintosh; Intel Mac OS X 10_15_7) AppleWebKit/537.36 (KHTML, like Gecko) Chrome/144.0.0.0 Safari/537.36 Edg/144.0.0.0','2026-02-24 21:55:32.783574',4),(499,'GET','/api/assessments/alerts/',200,50,'127.0.0.1','Mozilla/5.0 (Macintosh; Intel Mac OS X 10_15_7) AppleWebKit/537.36 (KHTML, like Gecko) Chrome/144.0.0.0 Safari/537.36 Edg/144.0.0.0','2026-02-24 21:55:32.794535',4),(500,'GET','/api/surveys/questionnaires/',200,55,'127.0.0.1','Mozilla/5.0 (Macintosh; Intel Mac OS X 10_15_7) AppleWebKit/537.36 (KHTML, like Gecko) Chrome/144.0.0.0 Safari/537.36 Edg/144.0.0.0','2026-02-24 21:55:32.798630',4),(501,'GET','/api/assessments/results/',200,61,'127.0.0.1','Mozilla/5.0 (Macintosh; Intel Mac OS X 10_15_7) AppleWebKit/537.36 (KHTML, like Gecko) Chrome/144.0.0.0 Safari/537.36 Edg/144.0.0.0','2026-02-24 21:55:32.805039',4),(502,'GET','/api/surveys/questionnaires/',200,73,'127.0.0.1','Mozilla/5.0 (Macintosh; Intel Mac OS X 10_15_7) AppleWebKit/537.36 (KHTML, like Gecko) Chrome/144.0.0.0 Safari/537.36 Edg/144.0.0.0','2026-02-24 21:55:58.062040',4),(503,'GET','/api/chat/conversations/1/messages/',200,99,'127.0.0.1','Mozilla/5.0 (Macintosh; Intel Mac OS X 10_15_7) AppleWebKit/537.36 (KHTML, like Gecko) Chrome/144.0.0.0 Safari/537.36 Edg/144.0.0.0','2026-02-24 21:57:48.949369',4),(504,'POST','/api/chat/conversations/1/read/',200,22,'127.0.0.1','Mozilla/5.0 (Macintosh; Intel Mac OS X 10_15_7) AppleWebKit/537.36 (KHTML, like Gecko) Chrome/144.0.0.0 Safari/537.36 Edg/144.0.0.0','2026-02-24 21:57:49.005669',4),(505,'POST','/api/chat/conversations/1/messages/',201,37,'127.0.0.1','Mozilla/5.0 (Macintosh; Intel Mac OS X 10_15_7) AppleWebKit/537.36 (KHTML, like Gecko) Chrome/144.0.0.0 Safari/537.36 Edg/144.0.0.0','2026-02-24 21:57:51.240128',4),(506,'GET','/api/chat/conversations/',200,53,'127.0.0.1','Mozilla/5.0 (Macintosh; Intel Mac OS X 10_15_7) AppleWebKit/537.36 (KHTML, like Gecko) Chrome/144.0.0.0 Safari/537.36 Edg/144.0.0.0','2026-02-24 21:57:55.492293',4),(507,'GET','/api/chat/conversations/2/messages/',200,24,'127.0.0.1','Mozilla/5.0 (Macintosh; Intel Mac OS X 10_15_7) AppleWebKit/537.36 (KHTML, like Gecko) Chrome/144.0.0.0 Safari/537.36 Edg/144.0.0.0','2026-02-24 21:57:55.526021',4),(508,'POST','/api/chat/conversations/ai/',201,3209,'127.0.0.1','Mozilla/5.0 (Macintosh; Intel Mac OS X 10_15_7) AppleWebKit/537.36 (KHTML, like Gecko) Chrome/144.0.0.0 Safari/537.36 Edg/144.0.0.0','2026-02-24 21:58:00.699955',4),(509,'POST','/api/chat/conversations/human/start/',200,33,'127.0.0.1','Mozilla/5.0 (Macintosh; Intel Mac OS X 10_15_7) AppleWebKit/537.36 (KHTML, like Gecko) Chrome/144.0.0.0 Safari/537.36 Edg/144.0.0.0','2026-02-24 21:58:11.351863',4),(510,'GET','/api/chat/conversations/1/messages/',200,26,'127.0.0.1','Mozilla/5.0 (Macintosh; Intel Mac OS X 10_15_7) AppleWebKit/537.36 (KHTML, like Gecko) Chrome/144.0.0.0 Safari/537.36 Edg/144.0.0.0','2026-02-24 21:58:11.388379',4),(511,'POST','/api/chat/conversations/1/read/',200,22,'127.0.0.1','Mozilla/5.0 (Macintosh; Intel Mac OS X 10_15_7) AppleWebKit/537.36 (KHTML, like Gecko) Chrome/144.0.0.0 Safari/537.36 Edg/144.0.0.0','2026-02-24 21:58:11.416425',4),(512,'GET','/api/chat/conversations/',200,32,'127.0.0.1','Mozilla/5.0 (Macintosh; Intel Mac OS X 10_15_7) AppleWebKit/537.36 (KHTML, like Gecko) Chrome/144.0.0.0 Safari/537.36 Edg/144.0.0.0','2026-02-24 21:58:12.553565',4),(513,'GET','/api/chat/conversations/2/messages/',200,24,'127.0.0.1','Mozilla/5.0 (Macintosh; Intel Mac OS X 10_15_7) AppleWebKit/537.36 (KHTML, like Gecko) Chrome/144.0.0.0 Safari/537.36 Edg/144.0.0.0','2026-02-24 21:58:12.583812',4),(514,'GET','/api/auth/me/',401,2,'127.0.0.1','Mozilla/5.0 (Macintosh; Intel Mac OS X 10_15_7) AppleWebKit/537.36 (KHTML, like Gecko) Chrome/144.0.0.0 Safari/537.36 Edg/144.0.0.0','2026-02-24 22:10:27.450065',NULL),(515,'GET','/api/colleges/',200,84,'127.0.0.1','Mozilla/5.0 (Macintosh; Intel Mac OS X 10_15_7) AppleWebKit/537.36 (KHTML, like Gecko) Chrome/144.0.0.0 Safari/537.36 Edg/144.0.0.0','2026-02-24 22:10:27.676030',NULL),(516,'POST','/api/auth/token/',200,149,'127.0.0.1','Mozilla/5.0 (Macintosh; Intel Mac OS X 10_15_7) AppleWebKit/537.36 (KHTML, like Gecko) Chrome/144.0.0.0 Safari/537.36 Edg/144.0.0.0','2026-02-24 22:10:28.977471',NULL),(517,'GET','/api/auth/me/',200,16,'127.0.0.1','Mozilla/5.0 (Macintosh; Intel Mac OS X 10_15_7) AppleWebKit/537.36 (KHTML, like Gecko) Chrome/144.0.0.0 Safari/537.36 Edg/144.0.0.0','2026-02-24 22:10:29.002437',4),(518,'GET','/api/interventions/plans/',200,82,'127.0.0.1','Mozilla/5.0 (Macintosh; Intel Mac OS X 10_15_7) AppleWebKit/537.36 (KHTML, like Gecko) Chrome/144.0.0.0 Safari/537.36 Edg/144.0.0.0','2026-02-24 22:10:29.120141',4),(519,'GET','/api/surveys/questionnaires/',200,89,'127.0.0.1','Mozilla/5.0 (Macintosh; Intel Mac OS X 10_15_7) AppleWebKit/537.36 (KHTML, like Gecko) Chrome/144.0.0.0 Safari/537.36 Edg/144.0.0.0','2026-02-24 22:10:29.122376',4),(520,'GET','/api/assessments/alerts/',200,93,'127.0.0.1','Mozilla/5.0 (Macintosh; Intel Mac OS X 10_15_7) AppleWebKit/537.36 (KHTML, like Gecko) Chrome/144.0.0.0 Safari/537.36 Edg/144.0.0.0','2026-02-24 22:10:29.127695',4),(521,'GET','/api/assessments/results/',200,96,'127.0.0.1','Mozilla/5.0 (Macintosh; Intel Mac OS X 10_15_7) AppleWebKit/537.36 (KHTML, like Gecko) Chrome/144.0.0.0 Safari/537.36 Edg/144.0.0.0','2026-02-24 22:10:29.128736',4),(522,'GET','/api/knowledge/articles/',200,43,'127.0.0.1','Mozilla/5.0 (Macintosh; Intel Mac OS X 10_15_7) AppleWebKit/537.36 (KHTML, like Gecko) Chrome/144.0.0.0 Safari/537.36 Edg/144.0.0.0','2026-02-24 22:10:32.573652',4),(523,'GET','/api/surveys/questionnaires/',200,41,'127.0.0.1','Mozilla/5.0 (Macintosh; Intel Mac OS X 10_15_7) AppleWebKit/537.36 (KHTML, like Gecko) Chrome/144.0.0.0 Safari/537.36 Edg/144.0.0.0','2026-02-24 22:10:33.187824',4),(524,'POST','/api/surveys/questionnaires/14/submit/',400,39,'127.0.0.1','Mozilla/5.0 (Macintosh; Intel Mac OS X 10_15_7) AppleWebKit/537.36 (KHTML, like Gecko) Chrome/144.0.0.0 Safari/537.36 Edg/144.0.0.0','2026-02-24 22:10:48.171084',4),(525,'POST','/api/surveys/questionnaires/14/submit/',400,25,'127.0.0.1','Mozilla/5.0 (Macintosh; Intel Mac OS X 10_15_7) AppleWebKit/537.36 (KHTML, like Gecko) Chrome/144.0.0.0 Safari/537.36 Edg/144.0.0.0','2026-02-24 22:10:48.245396',4),(526,'POST','/api/surveys/questionnaires/14/submit/',400,29,'127.0.0.1','Mozilla/5.0 (Macintosh; Intel Mac OS X 10_15_7) AppleWebKit/537.36 (KHTML, like Gecko) Chrome/144.0.0.0 Safari/537.36 Edg/144.0.0.0','2026-02-24 22:10:48.355831',4),(527,'GET','/api/knowledge/articles/',200,44,'127.0.0.1','Mozilla/5.0 (Macintosh; Intel Mac OS X 10_15_7) AppleWebKit/537.36 (KHTML, like Gecko) Chrome/144.0.0.0 Safari/537.36 Edg/144.0.0.0','2026-02-24 22:10:50.354262',4),(528,'GET','/api/interventions/plans/',200,44,'127.0.0.1','Mozilla/5.0 (Macintosh; Intel Mac OS X 10_15_7) AppleWebKit/537.36 (KHTML, like Gecko) Chrome/144.0.0.0 Safari/537.36 Edg/144.0.0.0','2026-02-24 22:10:51.248012',4),(529,'GET','/api/surveys/questionnaires/',200,49,'127.0.0.1','Mozilla/5.0 (Macintosh; Intel Mac OS X 10_15_7) AppleWebKit/537.36 (KHTML, like Gecko) Chrome/144.0.0.0 Safari/537.36 Edg/144.0.0.0','2026-02-24 22:10:51.250235',4),(530,'GET','/api/assessments/alerts/',200,59,'127.0.0.1','Mozilla/5.0 (Macintosh; Intel Mac OS X 10_15_7) AppleWebKit/537.36 (KHTML, like Gecko) Chrome/144.0.0.0 Safari/537.36 Edg/144.0.0.0','2026-02-24 22:10:51.262230',4),(531,'GET','/api/assessments/results/',200,65,'127.0.0.1','Mozilla/5.0 (Macintosh; Intel Mac OS X 10_15_7) AppleWebKit/537.36 (KHTML, like Gecko) Chrome/144.0.0.0 Safari/537.36 Edg/144.0.0.0','2026-02-24 22:10:51.266709',4),(532,'GET','/api/surveys/questionnaires/',200,39,'127.0.0.1','Mozilla/5.0 (Macintosh; Intel Mac OS X 10_15_7) AppleWebKit/537.36 (KHTML, like Gecko) Chrome/144.0.0.0 Safari/537.36 Edg/144.0.0.0','2026-02-24 22:10:54.200668',4),(533,'GET','/api/assessments/alerts/',200,41,'127.0.0.1','Mozilla/5.0 (Macintosh; Intel Mac OS X 10_15_7) AppleWebKit/537.36 (KHTML, like Gecko) Chrome/144.0.0.0 Safari/537.36 Edg/144.0.0.0','2026-02-24 22:10:55.771964',4),(534,'GET','/api/assessments/results/',200,47,'127.0.0.1','Mozilla/5.0 (Macintosh; Intel Mac OS X 10_15_7) AppleWebKit/537.36 (KHTML, like Gecko) Chrome/144.0.0.0 Safari/537.36 Edg/144.0.0.0','2026-02-24 22:10:55.777320',4),(535,'GET','/api/assessments/alerts/',200,50,'127.0.0.1','Mozilla/5.0 (Macintosh; Intel Mac OS X 10_15_7) AppleWebKit/537.36 (KHTML, like Gecko) Chrome/144.0.0.0 Safari/537.36 Edg/144.0.0.0','2026-02-24 22:15:15.573861',4),(536,'GET','/api/assessments/results/',200,66,'127.0.0.1','Mozilla/5.0 (Macintosh; Intel Mac OS X 10_15_7) AppleWebKit/537.36 (KHTML, like Gecko) Chrome/144.0.0.0 Safari/537.36 Edg/144.0.0.0','2026-02-24 22:15:15.586923',4),(537,'GET','/api/interventions/plans/',401,0,'127.0.0.1','Mozilla/5.0 (Macintosh; Intel Mac OS X 10_15_7) AppleWebKit/537.36 (KHTML, like Gecko) Chrome/144.0.0.0 Safari/537.36 Edg/144.0.0.0','2026-02-24 22:28:56.083946',NULL),(538,'GET','/api/assessments/alerts/',401,0,'127.0.0.1','Mozilla/5.0 (Macintosh; Intel Mac OS X 10_15_7) AppleWebKit/537.36 (KHTML, like Gecko) Chrome/144.0.0.0 Safari/537.36 Edg/144.0.0.0','2026-02-24 22:28:56.083851',NULL),(539,'GET','/api/assessments/results/',401,1,'127.0.0.1','Mozilla/5.0 (Macintosh; Intel Mac OS X 10_15_7) AppleWebKit/537.36 (KHTML, like Gecko) Chrome/144.0.0.0 Safari/537.36 Edg/144.0.0.0','2026-02-24 22:28:56.083393',NULL),(540,'GET','/api/surveys/questionnaires/',401,7,'127.0.0.1','Mozilla/5.0 (Macintosh; Intel Mac OS X 10_15_7) AppleWebKit/537.36 (KHTML, like Gecko) Chrome/144.0.0.0 Safari/537.36 Edg/144.0.0.0','2026-02-24 22:28:56.084027',NULL),(541,'GET','/api/knowledge/articles/',401,0,'127.0.0.1','Mozilla/5.0 (Macintosh; Intel Mac OS X 10_15_7) AppleWebKit/537.36 (KHTML, like Gecko) Chrome/144.0.0.0 Safari/537.36 Edg/144.0.0.0','2026-02-24 22:28:57.084111',NULL),(542,'GET','/api/colleges/',200,46,'127.0.0.1','Mozilla/5.0 (Macintosh; Intel Mac OS X 10_15_7) AppleWebKit/537.36 (KHTML, like Gecko) Chrome/144.0.0.0 Safari/537.36 Edg/144.0.0.0','2026-02-24 22:28:59.860220',NULL),(543,'POST','/api/auth/token/',200,137,'127.0.0.1','Mozilla/5.0 (Macintosh; Intel Mac OS X 10_15_7) AppleWebKit/537.36 (KHTML, like Gecko) Chrome/144.0.0.0 Safari/537.36 Edg/144.0.0.0','2026-02-24 22:29:01.053918',NULL),(544,'GET','/api/auth/me/',200,16,'127.0.0.1','Mozilla/5.0 (Macintosh; Intel Mac OS X 10_15_7) AppleWebKit/537.36 (KHTML, like Gecko) Chrome/144.0.0.0 Safari/537.36 Edg/144.0.0.0','2026-02-24 22:29:01.079935',4),(545,'GET','/api/surveys/questionnaires/',200,37,'127.0.0.1','Mozilla/5.0 (Macintosh; Intel Mac OS X 10_15_7) AppleWebKit/537.36 (KHTML, like Gecko) Chrome/144.0.0.0 Safari/537.36 Edg/144.0.0.0','2026-02-24 22:29:01.132578',4),(546,'GET','/api/interventions/plans/',200,34,'127.0.0.1','Mozilla/5.0 (Macintosh; Intel Mac OS X 10_15_7) AppleWebKit/537.36 (KHTML, like Gecko) Chrome/144.0.0.0 Safari/537.36 Edg/144.0.0.0','2026-02-24 22:29:01.137155',4),(547,'GET','/api/assessments/alerts/',200,43,'127.0.0.1','Mozilla/5.0 (Macintosh; Intel Mac OS X 10_15_7) AppleWebKit/537.36 (KHTML, like Gecko) Chrome/144.0.0.0 Safari/537.36 Edg/144.0.0.0','2026-02-24 22:29:01.144042',4),(548,'GET','/api/assessments/results/',200,53,'127.0.0.1','Mozilla/5.0 (Macintosh; Intel Mac OS X 10_15_7) AppleWebKit/537.36 (KHTML, like Gecko) Chrome/144.0.0.0 Safari/537.36 Edg/144.0.0.0','2026-02-24 22:29:01.149670',4),(549,'GET','/api/surveys/questionnaires/',200,38,'127.0.0.1','Mozilla/5.0 (Macintosh; Intel Mac OS X 10_15_7) AppleWebKit/537.36 (KHTML, like Gecko) Chrome/144.0.0.0 Safari/537.36 Edg/144.0.0.0','2026-02-24 22:29:02.008086',4),(550,'GET','/api/assessments/results/',200,52,'127.0.0.1','Mozilla/5.0 (Macintosh; Intel Mac OS X 10_15_7) AppleWebKit/537.36 (KHTML, like Gecko) Chrome/144.0.0.0 Safari/537.36 Edg/144.0.0.0','2026-02-24 22:29:02.020371',4),(551,'GET','/api/knowledge/articles/',200,48,'127.0.0.1','Mozilla/5.0 (Macintosh; Intel Mac OS X 10_15_7) AppleWebKit/537.36 (KHTML, like Gecko) Chrome/144.0.0.0 Safari/537.36 Edg/144.0.0.0','2026-02-24 22:29:02.362775',4),(552,'GET','/api/surveys/questionnaires/',200,46,'127.0.0.1','Mozilla/5.0 (Macintosh; Intel Mac OS X 10_15_7) AppleWebKit/537.36 (KHTML, like Gecko) Chrome/144.0.0.0 Safari/537.36 Edg/144.0.0.0','2026-02-24 22:29:02.944900',4),(553,'GET','/api/assessments/results/',200,59,'127.0.0.1','Mozilla/5.0 (Macintosh; Intel Mac OS X 10_15_7) AppleWebKit/537.36 (KHTML, like Gecko) Chrome/144.0.0.0 Safari/537.36 Edg/144.0.0.0','2026-02-24 22:29:02.960056',4),(554,'GET','/api/assessments/alerts/',200,41,'127.0.0.1','Mozilla/5.0 (Macintosh; Intel Mac OS X 10_15_7) AppleWebKit/537.36 (KHTML, like Gecko) Chrome/144.0.0.0 Safari/537.36 Edg/144.0.0.0','2026-02-24 22:29:06.713449',4),(555,'GET','/api/assessments/results/',200,50,'127.0.0.1','Mozilla/5.0 (Macintosh; Intel Mac OS X 10_15_7) AppleWebKit/537.36 (KHTML, like Gecko) Chrome/144.0.0.0 Safari/537.36 Edg/144.0.0.0','2026-02-24 22:29:06.720296',4),(556,'GET','/api/chat/conversations/',200,63,'127.0.0.1','Mozilla/5.0 (Macintosh; Intel Mac OS X 10_15_7) AppleWebKit/537.36 (KHTML, like Gecko) Chrome/144.0.0.0 Safari/537.36 Edg/144.0.0.0','2026-02-24 22:29:16.536464',4),(557,'GET','/api/chat/conversations/2/messages/',200,36,'127.0.0.1','Mozilla/5.0 (Macintosh; Intel Mac OS X 10_15_7) AppleWebKit/537.36 (KHTML, like Gecko) Chrome/144.0.0.0 Safari/537.36 Edg/144.0.0.0','2026-02-24 22:29:16.585218',4),(558,'GET','/api/surveys/questionnaires/',200,46,'127.0.0.1','Mozilla/5.0 (Macintosh; Intel Mac OS X 10_15_7) AppleWebKit/537.36 (KHTML, like Gecko) Chrome/144.0.0.0 Safari/537.36 Edg/144.0.0.0','2026-02-24 22:29:17.586748',4),(559,'GET','/api/assessments/results/',200,63,'127.0.0.1','Mozilla/5.0 (Macintosh; Intel Mac OS X 10_15_7) AppleWebKit/537.36 (KHTML, like Gecko) Chrome/144.0.0.0 Safari/537.36 Edg/144.0.0.0','2026-02-24 22:29:17.601530',4),(560,'GET','/api/chat/conversations/',200,58,'127.0.0.1','Mozilla/5.0 (Macintosh; Intel Mac OS X 10_15_7) AppleWebKit/537.36 (KHTML, like Gecko) Chrome/144.0.0.0 Safari/537.36 Edg/144.0.0.0','2026-02-24 22:29:20.775697',4),(561,'GET','/api/chat/conversations/2/messages/',200,30,'127.0.0.1','Mozilla/5.0 (Macintosh; Intel Mac OS X 10_15_7) AppleWebKit/537.36 (KHTML, like Gecko) Chrome/144.0.0.0 Safari/537.36 Edg/144.0.0.0','2026-02-24 22:29:20.813390',4),(562,'GET','/api/chat/conversations/1/messages/',200,41,'127.0.0.1','Mozilla/5.0 (Macintosh; Intel Mac OS X 10_15_7) AppleWebKit/537.36 (KHTML, like Gecko) Chrome/144.0.0.0 Safari/537.36 Edg/144.0.0.0','2026-02-24 22:29:22.567555',4),(563,'POST','/api/chat/conversations/1/read/',200,28,'127.0.0.1','Mozilla/5.0 (Macintosh; Intel Mac OS X 10_15_7) AppleWebKit/537.36 (KHTML, like Gecko) Chrome/144.0.0.0 Safari/537.36 Edg/144.0.0.0','2026-02-24 22:29:22.606108',4),(564,'GET','/api/chat/conversations/',200,56,'127.0.0.1','Mozilla/5.0 (Macintosh; Intel Mac OS X 10_15_7) AppleWebKit/537.36 (KHTML, like Gecko) Chrome/144.0.0.0 Safari/537.36 Edg/144.0.0.0','2026-02-24 22:29:23.427986',4),(565,'GET','/api/chat/conversations/2/messages/',200,30,'127.0.0.1','Mozilla/5.0 (Macintosh; Intel Mac OS X 10_15_7) AppleWebKit/537.36 (KHTML, like Gecko) Chrome/144.0.0.0 Safari/537.36 Edg/144.0.0.0','2026-02-24 22:29:23.465819',4),(566,'GET','/api/health/',200,1,'127.0.0.1','curl/8.7.1','2026-02-24 23:25:09.732252',NULL),(567,'GET','/api/health/',200,1,'127.0.0.1','curl/8.7.1','2026-02-24 23:26:39.342615',NULL),(568,'GET','/api/health/',200,1,'127.0.0.1','curl/8.7.1','2026-02-24 23:28:01.682249',NULL),(569,'GET','/api/auth/me/',401,78,'127.0.0.1','Mozilla/5.0 (Macintosh; Intel Mac OS X 10_15_7) AppleWebKit/537.36 (KHTML, like Gecko) Chrome/144.0.0.0 Safari/537.36 Edg/144.0.0.0','2026-02-24 23:28:53.793502',NULL),(570,'GET','/api/colleges/',200,46,'127.0.0.1','Mozilla/5.0 (Macintosh; Intel Mac OS X 10_15_7) AppleWebKit/537.36 (KHTML, like Gecko) Chrome/144.0.0.0 Safari/537.36 Edg/144.0.0.0','2026-02-24 23:28:53.939781',NULL),(571,'POST','/api/auth/token/',200,135,'127.0.0.1','Mozilla/5.0 (Macintosh; Intel Mac OS X 10_15_7) AppleWebKit/537.36 (KHTML, like Gecko) Chrome/144.0.0.0 Safari/537.36 Edg/144.0.0.0','2026-02-24 23:28:54.962596',NULL),(572,'GET','/api/auth/me/',200,21,'127.0.0.1','Mozilla/5.0 (Macintosh; Intel Mac OS X 10_15_7) AppleWebKit/537.36 (KHTML, like Gecko) Chrome/144.0.0.0 Safari/537.36 Edg/144.0.0.0','2026-02-24 23:28:54.997889',4),(573,'GET','/api/interventions/plans/',200,58,'127.0.0.1','Mozilla/5.0 (Macintosh; Intel Mac OS X 10_15_7) AppleWebKit/537.36 (KHTML, like Gecko) Chrome/144.0.0.0 Safari/537.36 Edg/144.0.0.0','2026-02-24 23:28:55.159419',4),(574,'GET','/api/surveys/questionnaires/',200,95,'127.0.0.1','Mozilla/5.0 (Macintosh; Intel Mac OS X 10_15_7) AppleWebKit/537.36 (KHTML, like Gecko) Chrome/144.0.0.0 Safari/537.36 Edg/144.0.0.0','2026-02-24 23:28:55.193599',4),(575,'GET','/api/assessments/results/',200,98,'127.0.0.1','Mozilla/5.0 (Macintosh; Intel Mac OS X 10_15_7) AppleWebKit/537.36 (KHTML, like Gecko) Chrome/144.0.0.0 Safari/537.36 Edg/144.0.0.0','2026-02-24 23:28:55.197796',4),(576,'GET','/api/assessments/alerts/',200,151,'127.0.0.1','Mozilla/5.0 (Macintosh; Intel Mac OS X 10_15_7) AppleWebKit/537.36 (KHTML, like Gecko) Chrome/144.0.0.0 Safari/537.36 Edg/144.0.0.0','2026-02-24 23:28:55.250728',4),(577,'GET','/api/knowledge/articles/',200,41,'127.0.0.1','Mozilla/5.0 (Macintosh; Intel Mac OS X 10_15_7) AppleWebKit/537.36 (KHTML, like Gecko) Chrome/144.0.0.0 Safari/537.36 Edg/144.0.0.0','2026-02-24 23:28:56.444834',4),(578,'GET','/api/surveys/retest-tasks/',200,30,'127.0.0.1','Mozilla/5.0 (Macintosh; Intel Mac OS X 10_15_7) AppleWebKit/537.36 (KHTML, like Gecko) Chrome/144.0.0.0 Safari/537.36 Edg/144.0.0.0','2026-02-24 23:28:57.163695',4),(579,'GET','/api/surveys/questionnaires/',200,58,'127.0.0.1','Mozilla/5.0 (Macintosh; Intel Mac OS X 10_15_7) AppleWebKit/537.36 (KHTML, like Gecko) Chrome/144.0.0.0 Safari/537.36 Edg/144.0.0.0','2026-02-24 23:28:57.192960',4),(580,'GET','/api/assessments/results/',200,61,'127.0.0.1','Mozilla/5.0 (Macintosh; Intel Mac OS X 10_15_7) AppleWebKit/537.36 (KHTML, like Gecko) Chrome/144.0.0.0 Safari/537.36 Edg/144.0.0.0','2026-02-24 23:28:57.193776',4),(581,'GET','/api/chat/conversations/',200,88,'127.0.0.1','Mozilla/5.0 (Macintosh; Intel Mac OS X 10_15_7) AppleWebKit/537.36 (KHTML, like Gecko) Chrome/144.0.0.0 Safari/537.36 Edg/144.0.0.0','2026-02-24 23:28:59.417817',4),(582,'GET','/api/chat/conversations/2/messages/',200,35,'127.0.0.1','Mozilla/5.0 (Macintosh; Intel Mac OS X 10_15_7) AppleWebKit/537.36 (KHTML, like Gecko) Chrome/144.0.0.0 Safari/537.36 Edg/144.0.0.0','2026-02-24 23:28:59.477504',4),(583,'GET','/api/chat/conversations/1/messages/',200,31,'127.0.0.1','Mozilla/5.0 (Macintosh; Intel Mac OS X 10_15_7) AppleWebKit/537.36 (KHTML, like Gecko) Chrome/144.0.0.0 Safari/537.36 Edg/144.0.0.0','2026-02-24 23:28:59.728205',4),(584,'POST','/api/chat/conversations/1/read/',200,19,'127.0.0.1','Mozilla/5.0 (Macintosh; Intel Mac OS X 10_15_7) AppleWebKit/537.36 (KHTML, like Gecko) Chrome/144.0.0.0 Safari/537.36 Edg/144.0.0.0','2026-02-24 23:28:59.766263',4),(585,'GET','/api/chat/conversations/',200,75,'127.0.0.1','Mozilla/5.0 (Macintosh; Intel Mac OS X 10_15_7) AppleWebKit/537.36 (KHTML, like Gecko) Chrome/144.0.0.0 Safari/537.36 Edg/144.0.0.0','2026-02-24 23:29:00.224515',4),(586,'GET','/api/chat/conversations/2/messages/',200,296,'127.0.0.1','Mozilla/5.0 (Macintosh; Intel Mac OS X 10_15_7) AppleWebKit/537.36 (KHTML, like Gecko) Chrome/144.0.0.0 Safari/537.36 Edg/144.0.0.0','2026-02-24 23:29:00.550817',4),(587,'POST','/api/chat/conversations/ai/stream/',406,1,'127.0.0.1','Mozilla/5.0 (Macintosh; Intel Mac OS X 10_15_7) AppleWebKit/537.36 (KHTML, like Gecko) Chrome/144.0.0.0 Safari/537.36 Edg/144.0.0.0','2026-02-24 23:29:03.287223',NULL),(588,'GET','/api/assessments/results/',200,168,'127.0.0.1','Mozilla/5.0 (Macintosh; Intel Mac OS X 10_15_7) AppleWebKit/537.36 (KHTML, like Gecko) Chrome/144.0.0.0 Safari/537.36 Edg/144.0.0.0','2026-02-24 23:29:22.479385',4),(589,'GET','/api/assessments/alerts/',200,216,'127.0.0.1','Mozilla/5.0 (Macintosh; Intel Mac OS X 10_15_7) AppleWebKit/537.36 (KHTML, like Gecko) Chrome/144.0.0.0 Safari/537.36 Edg/144.0.0.0','2026-02-24 23:29:22.533725',4),(590,'GET','/api/chat/conversations/1/messages/',200,168,'127.0.0.1','Mozilla/5.0 (Macintosh; Intel Mac OS X 10_15_7) AppleWebKit/537.36 (KHTML, like Gecko) Chrome/144.0.0.0 Safari/537.36 Edg/144.0.0.0','2026-02-24 23:29:25.714222',4),(591,'POST','/api/chat/conversations/1/read/',200,77,'127.0.0.1','Mozilla/5.0 (Macintosh; Intel Mac OS X 10_15_7) AppleWebKit/537.36 (KHTML, like Gecko) Chrome/144.0.0.0 Safari/537.36 Edg/144.0.0.0','2026-02-24 23:29:25.961362',4),(592,'GET','/api/surveys/retest-tasks/',200,77,'127.0.0.1','Mozilla/5.0 (Macintosh; Intel Mac OS X 10_15_7) AppleWebKit/537.36 (KHTML, like Gecko) Chrome/144.0.0.0 Safari/537.36 Edg/144.0.0.0','2026-02-24 23:29:26.718794',4),(593,'GET','/api/surveys/questionnaires/',200,655,'127.0.0.1','Mozilla/5.0 (Macintosh; Intel Mac OS X 10_15_7) AppleWebKit/537.36 (KHTML, like Gecko) Chrome/144.0.0.0 Safari/537.36 Edg/144.0.0.0','2026-02-24 23:29:27.268796',4),(594,'GET','/api/assessments/results/',200,670,'127.0.0.1','Mozilla/5.0 (Macintosh; Intel Mac OS X 10_15_7) AppleWebKit/537.36 (KHTML, like Gecko) Chrome/144.0.0.0 Safari/537.36 Edg/144.0.0.0','2026-02-24 23:29:27.292679',4),(595,'GET','/api/knowledge/articles/',200,979,'127.0.0.1','Mozilla/5.0 (Macintosh; Intel Mac OS X 10_15_7) AppleWebKit/537.36 (KHTML, like Gecko) Chrome/144.0.0.0 Safari/537.36 Edg/144.0.0.0','2026-02-24 23:29:29.473478',4),(596,'GET','/api/interventions/plans/',200,110,'127.0.0.1','Mozilla/5.0 (Macintosh; Intel Mac OS X 10_15_7) AppleWebKit/537.36 (KHTML, like Gecko) Chrome/144.0.0.0 Safari/537.36 Edg/144.0.0.0','2026-02-24 23:29:32.191672',4),(597,'GET','/api/surveys/questionnaires/',200,185,'127.0.0.1','Mozilla/5.0 (Macintosh; Intel Mac OS X 10_15_7) AppleWebKit/537.36 (KHTML, like Gecko) Chrome/144.0.0.0 Safari/537.36 Edg/144.0.0.0','2026-02-24 23:29:32.235779',4),(598,'GET','/api/assessments/results/',200,182,'127.0.0.1','Mozilla/5.0 (Macintosh; Intel Mac OS X 10_15_7) AppleWebKit/537.36 (KHTML, like Gecko) Chrome/144.0.0.0 Safari/537.36 Edg/144.0.0.0','2026-02-24 23:29:32.238611',4),(599,'GET','/api/assessments/alerts/',200,296,'127.0.0.1','Mozilla/5.0 (Macintosh; Intel Mac OS X 10_15_7) AppleWebKit/537.36 (KHTML, like Gecko) Chrome/144.0.0.0 Safari/537.36 Edg/144.0.0.0','2026-02-24 23:29:32.371269',4),(600,'GET','/api/colleges/',200,25,'127.0.0.1','Mozilla/5.0 (Macintosh; Intel Mac OS X 10_15_7) AppleWebKit/537.36 (KHTML, like Gecko) Chrome/144.0.0.0 Safari/537.36 Edg/144.0.0.0','2026-02-24 23:29:34.070461',NULL),(601,'POST','/api/auth/token/',200,149,'127.0.0.1','Mozilla/5.0 (Macintosh; Intel Mac OS X 10_15_7) AppleWebKit/537.36 (KHTML, like Gecko) Chrome/144.0.0.0 Safari/537.36 Edg/144.0.0.0','2026-02-24 23:30:06.880244',NULL),(602,'GET','/api/auth/me/',200,19,'127.0.0.1','Mozilla/5.0 (Macintosh; Intel Mac OS X 10_15_7) AppleWebKit/537.36 (KHTML, like Gecko) Chrome/144.0.0.0 Safari/537.36 Edg/144.0.0.0','2026-02-24 23:30:06.913742',1),(603,'GET','/api/colleges/',200,38,'127.0.0.1','Mozilla/5.0 (Macintosh; Intel Mac OS X 10_15_7) AppleWebKit/537.36 (KHTML, like Gecko) Chrome/144.0.0.0 Safari/537.36 Edg/144.0.0.0','2026-02-24 23:30:07.011727',1),(604,'GET','/api/admin/users/',200,51,'127.0.0.1','Mozilla/5.0 (Macintosh; Intel Mac OS X 10_15_7) AppleWebKit/537.36 (KHTML, like Gecko) Chrome/144.0.0.0 Safari/537.36 Edg/144.0.0.0','2026-02-24 23:30:07.018380',1),(605,'GET','/api/admin/audit-logs/',200,151,'127.0.0.1','Mozilla/5.0 (Macintosh; Intel Mac OS X 10_15_7) AppleWebKit/537.36 (KHTML, like Gecko) Chrome/144.0.0.0 Safari/537.36 Edg/144.0.0.0','2026-02-24 23:30:07.133075',1),(606,'GET','/api/assessments/alerts/',200,212,'127.0.0.1','Mozilla/5.0 (Macintosh; Intel Mac OS X 10_15_7) AppleWebKit/537.36 (KHTML, like Gecko) Chrome/144.0.0.0 Safari/537.36 Edg/144.0.0.0','2026-02-24 23:30:07.190489',1),(607,'GET','/api/assessments/results/',200,240,'127.0.0.1','Mozilla/5.0 (Macintosh; Intel Mac OS X 10_15_7) AppleWebKit/537.36 (KHTML, like Gecko) Chrome/144.0.0.0 Safari/537.36 Edg/144.0.0.0','2026-02-24 23:30:07.215782',1),(608,'GET','/api/reports/college-risk-overview/',200,37,'127.0.0.1','Mozilla/5.0 (Macintosh; Intel Mac OS X 10_15_7) AppleWebKit/537.36 (KHTML, like Gecko) Chrome/144.0.0.0 Safari/537.36 Edg/144.0.0.0','2026-02-24 23:30:08.095904',1),(609,'GET','/api/majors/',200,28,'127.0.0.1','Mozilla/5.0 (Macintosh; Intel Mac OS X 10_15_7) AppleWebKit/537.36 (KHTML, like Gecko) Chrome/144.0.0.0 Safari/537.36 Edg/144.0.0.0','2026-02-24 23:30:09.777591',1),(610,'GET','/api/colleges/',200,29,'127.0.0.1','Mozilla/5.0 (Macintosh; Intel Mac OS X 10_15_7) AppleWebKit/537.36 (KHTML, like Gecko) Chrome/144.0.0.0 Safari/537.36 Edg/144.0.0.0','2026-02-24 23:30:09.778333',1),(611,'GET','/api/admin/users/',200,32,'127.0.0.1','Mozilla/5.0 (Macintosh; Intel Mac OS X 10_15_7) AppleWebKit/537.36 (KHTML, like Gecko) Chrome/144.0.0.0 Safari/537.36 Edg/144.0.0.0','2026-02-24 23:30:09.780473',1),(612,'GET','/api/classes/',200,32,'127.0.0.1','Mozilla/5.0 (Macintosh; Intel Mac OS X 10_15_7) AppleWebKit/537.36 (KHTML, like Gecko) Chrome/144.0.0.0 Safari/537.36 Edg/144.0.0.0','2026-02-24 23:30:09.781664',1),(613,'GET','/api/admin/class-assignments/',200,46,'127.0.0.1','Mozilla/5.0 (Macintosh; Intel Mac OS X 10_15_7) AppleWebKit/537.36 (KHTML, like Gecko) Chrome/144.0.0.0 Safari/537.36 Edg/144.0.0.0','2026-02-24 23:30:09.797288',1),(614,'GET','/api/admin/assignments/',200,50,'127.0.0.1','Mozilla/5.0 (Macintosh; Intel Mac OS X 10_15_7) AppleWebKit/537.36 (KHTML, like Gecko) Chrome/144.0.0.0 Safari/537.36 Edg/144.0.0.0','2026-02-24 23:30:09.801332',1),(615,'GET','/api/reports/college-risk-overview/',200,31,'127.0.0.1','Mozilla/5.0 (Macintosh; Intel Mac OS X 10_15_7) AppleWebKit/537.36 (KHTML, like Gecko) Chrome/144.0.0.0 Safari/537.36 Edg/144.0.0.0','2026-02-24 23:30:10.564338',1),(616,'GET','/api/admin/audit-logs/',200,28,'127.0.0.1','Mozilla/5.0 (Macintosh; Intel Mac OS X 10_15_7) AppleWebKit/537.36 (KHTML, like Gecko) Chrome/144.0.0.0 Safari/537.36 Edg/144.0.0.0','2026-02-24 23:30:12.231730',1),(617,'GET','/api/admin/class-assignments/',200,26,'127.0.0.1','Mozilla/5.0 (Macintosh; Intel Mac OS X 10_15_7) AppleWebKit/537.36 (KHTML, like Gecko) Chrome/144.0.0.0 Safari/537.36 Edg/144.0.0.0','2026-02-24 23:30:12.918013',1),(618,'GET','/api/majors/',200,29,'127.0.0.1','Mozilla/5.0 (Macintosh; Intel Mac OS X 10_15_7) AppleWebKit/537.36 (KHTML, like Gecko) Chrome/144.0.0.0 Safari/537.36 Edg/144.0.0.0','2026-02-24 23:30:12.919490',1),(619,'GET','/api/admin/users/',200,35,'127.0.0.1','Mozilla/5.0 (Macintosh; Intel Mac OS X 10_15_7) AppleWebKit/537.36 (KHTML, like Gecko) Chrome/144.0.0.0 Safari/537.36 Edg/144.0.0.0','2026-02-24 23:30:12.924090',1),(620,'GET','/api/colleges/',200,34,'127.0.0.1','Mozilla/5.0 (Macintosh; Intel Mac OS X 10_15_7) AppleWebKit/537.36 (KHTML, like Gecko) Chrome/144.0.0.0 Safari/537.36 Edg/144.0.0.0','2026-02-24 23:30:12.925056',1),(621,'GET','/api/classes/',200,35,'127.0.0.1','Mozilla/5.0 (Macintosh; Intel Mac OS X 10_15_7) AppleWebKit/537.36 (KHTML, like Gecko) Chrome/144.0.0.0 Safari/537.36 Edg/144.0.0.0','2026-02-24 23:30:12.926421',1),(622,'GET','/api/admin/assignments/',200,58,'127.0.0.1','Mozilla/5.0 (Macintosh; Intel Mac OS X 10_15_7) AppleWebKit/537.36 (KHTML, like Gecko) Chrome/144.0.0.0 Safari/537.36 Edg/144.0.0.0','2026-02-24 23:30:12.955571',1),(623,'GET','/api/reports/college-risk-overview/',200,29,'127.0.0.1','Mozilla/5.0 (Macintosh; Intel Mac OS X 10_15_7) AppleWebKit/537.36 (KHTML, like Gecko) Chrome/144.0.0.0 Safari/537.36 Edg/144.0.0.0','2026-02-24 23:30:13.164005',1),(624,'GET','/api/majors/',200,29,'127.0.0.1','Mozilla/5.0 (Macintosh; Intel Mac OS X 10_15_7) AppleWebKit/537.36 (KHTML, like Gecko) Chrome/144.0.0.0 Safari/537.36 Edg/144.0.0.0','2026-02-24 23:30:18.305623',1),(625,'GET','/api/classes/',200,27,'127.0.0.1','Mozilla/5.0 (Macintosh; Intel Mac OS X 10_15_7) AppleWebKit/537.36 (KHTML, like Gecko) Chrome/144.0.0.0 Safari/537.36 Edg/144.0.0.0','2026-02-24 23:30:18.306962',1),(626,'GET','/api/admin/users/',200,35,'127.0.0.1','Mozilla/5.0 (Macintosh; Intel Mac OS X 10_15_7) AppleWebKit/537.36 (KHTML, like Gecko) Chrome/144.0.0.0 Safari/537.36 Edg/144.0.0.0','2026-02-24 23:30:18.308912',1),(627,'GET','/api/colleges/',200,38,'127.0.0.1','Mozilla/5.0 (Macintosh; Intel Mac OS X 10_15_7) AppleWebKit/537.36 (KHTML, like Gecko) Chrome/144.0.0.0 Safari/537.36 Edg/144.0.0.0','2026-02-24 23:30:18.312940',1),(628,'GET','/api/admin/class-assignments/',200,33,'127.0.0.1','Mozilla/5.0 (Macintosh; Intel Mac OS X 10_15_7) AppleWebKit/537.36 (KHTML, like Gecko) Chrome/144.0.0.0 Safari/537.36 Edg/144.0.0.0','2026-02-24 23:30:18.315177',1),(629,'GET','/api/admin/assignments/',200,45,'127.0.0.1','Mozilla/5.0 (Macintosh; Intel Mac OS X 10_15_7) AppleWebKit/537.36 (KHTML, like Gecko) Chrome/144.0.0.0 Safari/537.36 Edg/144.0.0.0','2026-02-24 23:30:18.327693',1),(630,'POST','/api/auth/token/',200,131,'127.0.0.1','curl/8.7.1','2026-02-24 23:30:29.364475',NULL),(631,'POST','/api/chat/conversations/ai/stream/',406,0,'127.0.0.1','curl/8.7.1','2026-02-24 23:30:29.396266',NULL),(632,'GET','/api/admin/audit-logs/',200,29,'127.0.0.1','Mozilla/5.0 (Macintosh; Intel Mac OS X 10_15_7) AppleWebKit/537.36 (KHTML, like Gecko) Chrome/144.0.0.0 Safari/537.36 Edg/144.0.0.0','2026-02-24 23:30:44.697572',1),(633,'GET','/api/health/',200,29,'127.0.0.1','Mozilla/5.0 (Macintosh; Intel Mac OS X 10_15_7) AppleWebKit/537.36 (KHTML, like Gecko) Chrome/144.0.0.0 Safari/537.36 Edg/144.0.0.0','2026-02-24 23:30:45.412920',1),(634,'GET','/api/colleges/',200,29,'127.0.0.1','Mozilla/5.0 (Macintosh; Intel Mac OS X 10_15_7) AppleWebKit/537.36 (KHTML, like Gecko) Chrome/144.0.0.0 Safari/537.36 Edg/144.0.0.0','2026-02-24 23:30:45.415129',1),(635,'GET','/api/surveys/templates/',200,28,'127.0.0.1','Mozilla/5.0 (Macintosh; Intel Mac OS X 10_15_7) AppleWebKit/537.36 (KHTML, like Gecko) Chrome/144.0.0.0 Safari/537.36 Edg/144.0.0.0','2026-02-24 23:30:45.416915',1),(636,'GET','/api/surveys/questionnaires/',200,60,'127.0.0.1','Mozilla/5.0 (Macintosh; Intel Mac OS X 10_15_7) AppleWebKit/537.36 (KHTML, like Gecko) Chrome/144.0.0.0 Safari/537.36 Edg/144.0.0.0','2026-02-24 23:30:45.450711',1),(637,'GET','/api/colleges/',200,30,'127.0.0.1','Mozilla/5.0 (Macintosh; Intel Mac OS X 10_15_7) AppleWebKit/537.36 (KHTML, like Gecko) Chrome/144.0.0.0 Safari/537.36 Edg/144.0.0.0','2026-02-24 23:30:46.460264',1),(638,'GET','/api/admin/audit-logs/',200,29,'127.0.0.1','Mozilla/5.0 (Macintosh; Intel Mac OS X 10_15_7) AppleWebKit/537.36 (KHTML, like Gecko) Chrome/144.0.0.0 Safari/537.36 Edg/144.0.0.0','2026-02-24 23:30:46.816527',1),(639,'GET','/api/colleges/',200,22,'127.0.0.1','Mozilla/5.0 (Macintosh; Intel Mac OS X 10_15_7) AppleWebKit/537.36 (KHTML, like Gecko) Chrome/144.0.0.0 Safari/537.36 Edg/144.0.0.0','2026-02-24 23:30:50.524685',NULL),(640,'POST','/api/auth/token/',200,145,'127.0.0.1','Mozilla/5.0 (Macintosh; Intel Mac OS X 10_15_7) AppleWebKit/537.36 (KHTML, like Gecko) Chrome/144.0.0.0 Safari/537.36 Edg/144.0.0.0','2026-02-24 23:30:55.304897',NULL),(641,'GET','/api/auth/me/',200,18,'127.0.0.1','Mozilla/5.0 (Macintosh; Intel Mac OS X 10_15_7) AppleWebKit/537.36 (KHTML, like Gecko) Chrome/144.0.0.0 Safari/537.36 Edg/144.0.0.0','2026-02-24 23:30:55.335796',2),(642,'GET','/api/surveys/questionnaires/',200,75,'127.0.0.1','Mozilla/5.0 (Macintosh; Intel Mac OS X 10_15_7) AppleWebKit/537.36 (KHTML, like Gecko) Chrome/144.0.0.0 Safari/537.36 Edg/144.0.0.0','2026-02-24 23:30:55.463048',2),(643,'GET','/api/knowledge/articles/',200,97,'127.0.0.1','Mozilla/5.0 (Macintosh; Intel Mac OS X 10_15_7) AppleWebKit/537.36 (KHTML, like Gecko) Chrome/144.0.0.0 Safari/537.36 Edg/144.0.0.0','2026-02-24 23:30:55.488871',2),(644,'GET','/api/interventions/plans/',200,140,'127.0.0.1','Mozilla/5.0 (Macintosh; Intel Mac OS X 10_15_7) AppleWebKit/537.36 (KHTML, like Gecko) Chrome/144.0.0.0 Safari/537.36 Edg/144.0.0.0','2026-02-24 23:30:55.523960',2),(645,'GET','/api/assessments/alerts/',200,145,'127.0.0.1','Mozilla/5.0 (Macintosh; Intel Mac OS X 10_15_7) AppleWebKit/537.36 (KHTML, like Gecko) Chrome/144.0.0.0 Safari/537.36 Edg/144.0.0.0','2026-02-24 23:30:55.527398',2),(646,'GET','/api/assessments/results/',200,181,'127.0.0.1','Mozilla/5.0 (Macintosh; Intel Mac OS X 10_15_7) AppleWebKit/537.36 (KHTML, like Gecko) Chrome/144.0.0.0 Safari/537.36 Edg/144.0.0.0','2026-02-24 23:30:55.560422',2),(647,'GET','/api/assessments/results/',200,116,'127.0.0.1','Mozilla/5.0 (Macintosh; Intel Mac OS X 10_15_7) AppleWebKit/537.36 (KHTML, like Gecko) Chrome/144.0.0.0 Safari/537.36 Edg/144.0.0.0','2026-02-24 23:30:55.691327',2),(648,'GET','/api/assessments/results/',200,102,'127.0.0.1','Mozilla/5.0 (Macintosh; Intel Mac OS X 10_15_7) AppleWebKit/537.36 (KHTML, like Gecko) Chrome/144.0.0.0 Safari/537.36 Edg/144.0.0.0','2026-02-24 23:30:55.808761',2),(649,'GET','/api/assessments/results/',200,132,'127.0.0.1','Mozilla/5.0 (Macintosh; Intel Mac OS X 10_15_7) AppleWebKit/537.36 (KHTML, like Gecko) Chrome/144.0.0.0 Safari/537.36 Edg/144.0.0.0','2026-02-24 23:30:55.953211',2),(650,'GET','/api/assessments/results/',200,68,'127.0.0.1','Mozilla/5.0 (Macintosh; Intel Mac OS X 10_15_7) AppleWebKit/537.36 (KHTML, like Gecko) Chrome/144.0.0.0 Safari/537.36 Edg/144.0.0.0','2026-02-24 23:30:56.040429',2),(651,'GET','/api/knowledge/categories/',200,28,'127.0.0.1','Mozilla/5.0 (Macintosh; Intel Mac OS X 10_15_7) AppleWebKit/537.36 (KHTML, like Gecko) Chrome/144.0.0.0 Safari/537.36 Edg/144.0.0.0','2026-02-24 23:30:57.854102',2),(652,'GET','/api/surveys/templates/',200,33,'127.0.0.1','Mozilla/5.0 (Macintosh; Intel Mac OS X 10_15_7) AppleWebKit/537.36 (KHTML, like Gecko) Chrome/144.0.0.0 Safari/537.36 Edg/144.0.0.0','2026-02-24 23:30:57.859043',2),(653,'GET','/api/surveys/questionnaires/',200,51,'127.0.0.1','Mozilla/5.0 (Macintosh; Intel Mac OS X 10_15_7) AppleWebKit/537.36 (KHTML, like Gecko) Chrome/144.0.0.0 Safari/537.36 Edg/144.0.0.0','2026-02-24 23:30:57.875585',2),(654,'GET','/api/knowledge/articles/',200,77,'127.0.0.1','Mozilla/5.0 (Macintosh; Intel Mac OS X 10_15_7) AppleWebKit/537.36 (KHTML, like Gecko) Chrome/144.0.0.0 Safari/537.36 Edg/144.0.0.0','2026-02-24 23:30:57.904531',2),(655,'GET','/api/assessments/results/',200,125,'127.0.0.1','Mozilla/5.0 (Macintosh; Intel Mac OS X 10_15_7) AppleWebKit/537.36 (KHTML, like Gecko) Chrome/144.0.0.0 Safari/537.36 Edg/144.0.0.0','2026-02-24 23:30:57.949198',2),(656,'GET','/api/assessments/results/',200,85,'127.0.0.1','Mozilla/5.0 (Macintosh; Intel Mac OS X 10_15_7) AppleWebKit/537.36 (KHTML, like Gecko) Chrome/144.0.0.0 Safari/537.36 Edg/144.0.0.0','2026-02-24 23:30:58.046125',2),(657,'GET','/api/assessments/results/',200,150,'127.0.0.1','Mozilla/5.0 (Macintosh; Intel Mac OS X 10_15_7) AppleWebKit/537.36 (KHTML, like Gecko) Chrome/144.0.0.0 Safari/537.36 Edg/144.0.0.0','2026-02-24 23:30:58.208759',2),(658,'GET','/api/assessments/results/',200,119,'127.0.0.1','Mozilla/5.0 (Macintosh; Intel Mac OS X 10_15_7) AppleWebKit/537.36 (KHTML, like Gecko) Chrome/144.0.0.0 Safari/537.36 Edg/144.0.0.0','2026-02-24 23:30:58.342018',2),(659,'GET','/api/assessments/results/',200,67,'127.0.0.1','Mozilla/5.0 (Macintosh; Intel Mac OS X 10_15_7) AppleWebKit/537.36 (KHTML, like Gecko) Chrome/144.0.0.0 Safari/537.36 Edg/144.0.0.0','2026-02-24 23:30:58.421904',2),(660,'GET','/api/surveys/questionnaires/14/stats/',200,38,'127.0.0.1','Mozilla/5.0 (Macintosh; Intel Mac OS X 10_15_7) AppleWebKit/537.36 (KHTML, like Gecko) Chrome/144.0.0.0 Safari/537.36 Edg/144.0.0.0','2026-02-24 23:30:58.482953',2),(661,'GET','/api/surveys/questionnaires/14/stats/',200,39,'127.0.0.1','Mozilla/5.0 (Macintosh; Intel Mac OS X 10_15_7) AppleWebKit/537.36 (KHTML, like Gecko) Chrome/144.0.0.0 Safari/537.36 Edg/144.0.0.0','2026-02-24 23:30:58.529306',2),(662,'GET','/api/interventions/plans/',200,89,'127.0.0.1','Mozilla/5.0 (Macintosh; Intel Mac OS X 10_15_7) AppleWebKit/537.36 (KHTML, like Gecko) Chrome/144.0.0.0 Safari/537.36 Edg/144.0.0.0','2026-02-24 23:30:59.374416',2),(663,'GET','/api/assessments/alerts/',200,90,'127.0.0.1','Mozilla/5.0 (Macintosh; Intel Mac OS X 10_15_7) AppleWebKit/537.36 (KHTML, like Gecko) Chrome/144.0.0.0 Safari/537.36 Edg/144.0.0.0','2026-02-24 23:30:59.377379',2),(664,'GET','/api/knowledge/categories/',200,32,'127.0.0.1','Mozilla/5.0 (Macintosh; Intel Mac OS X 10_15_7) AppleWebKit/537.36 (KHTML, like Gecko) Chrome/144.0.0.0 Safari/537.36 Edg/144.0.0.0','2026-02-24 23:30:59.833547',2),(665,'GET','/api/surveys/templates/',200,39,'127.0.0.1','Mozilla/5.0 (Macintosh; Intel Mac OS X 10_15_7) AppleWebKit/537.36 (KHTML, like Gecko) Chrome/144.0.0.0 Safari/537.36 Edg/144.0.0.0','2026-02-24 23:30:59.839851',2),(666,'GET','/api/surveys/questionnaires/',200,56,'127.0.0.1','Mozilla/5.0 (Macintosh; Intel Mac OS X 10_15_7) AppleWebKit/537.36 (KHTML, like Gecko) Chrome/144.0.0.0 Safari/537.36 Edg/144.0.0.0','2026-02-24 23:30:59.858229',2),(667,'GET','/api/knowledge/articles/',200,95,'127.0.0.1','Mozilla/5.0 (Macintosh; Intel Mac OS X 10_15_7) AppleWebKit/537.36 (KHTML, like Gecko) Chrome/144.0.0.0 Safari/537.36 Edg/144.0.0.0','2026-02-24 23:30:59.893688',2),(668,'GET','/api/assessments/results/',200,155,'127.0.0.1','Mozilla/5.0 (Macintosh; Intel Mac OS X 10_15_7) AppleWebKit/537.36 (KHTML, like Gecko) Chrome/144.0.0.0 Safari/537.36 Edg/144.0.0.0','2026-02-24 23:30:59.951145',2),(669,'GET','/api/assessments/results/',200,123,'127.0.0.1','Mozilla/5.0 (Macintosh; Intel Mac OS X 10_15_7) AppleWebKit/537.36 (KHTML, like Gecko) Chrome/144.0.0.0 Safari/537.36 Edg/144.0.0.0','2026-02-24 23:31:00.088238',2),(670,'GET','/api/assessments/results/',200,94,'127.0.0.1','Mozilla/5.0 (Macintosh; Intel Mac OS X 10_15_7) AppleWebKit/537.36 (KHTML, like Gecko) Chrome/144.0.0.0 Safari/537.36 Edg/144.0.0.0','2026-02-24 23:31:00.191331',2),(671,'GET','/api/assessments/results/',200,120,'127.0.0.1','Mozilla/5.0 (Macintosh; Intel Mac OS X 10_15_7) AppleWebKit/537.36 (KHTML, like Gecko) Chrome/144.0.0.0 Safari/537.36 Edg/144.0.0.0','2026-02-24 23:31:00.321024',2),(672,'GET','/api/assessments/results/',200,64,'127.0.0.1','Mozilla/5.0 (Macintosh; Intel Mac OS X 10_15_7) AppleWebKit/537.36 (KHTML, like Gecko) Chrome/144.0.0.0 Safari/537.36 Edg/144.0.0.0','2026-02-24 23:31:00.394158',2),(673,'GET','/api/surveys/questionnaires/14/stats/',200,30,'127.0.0.1','Mozilla/5.0 (Macintosh; Intel Mac OS X 10_15_7) AppleWebKit/537.36 (KHTML, like Gecko) Chrome/144.0.0.0 Safari/537.36 Edg/144.0.0.0','2026-02-24 23:31:00.444067',2),(674,'GET','/api/surveys/questionnaires/14/stats/',200,35,'127.0.0.1','Mozilla/5.0 (Macintosh; Intel Mac OS X 10_15_7) AppleWebKit/537.36 (KHTML, like Gecko) Chrome/144.0.0.0 Safari/537.36 Edg/144.0.0.0','2026-02-24 23:31:00.485371',2),(675,'GET','/api/reports/list/',200,43,'127.0.0.1','Mozilla/5.0 (Macintosh; Intel Mac OS X 10_15_7) AppleWebKit/537.36 (KHTML, like Gecko) Chrome/144.0.0.0 Safari/537.36 Edg/144.0.0.0','2026-02-24 23:31:14.088454',2),(676,'GET','/api/interventions/plans/',200,87,'127.0.0.1','Mozilla/5.0 (Macintosh; Intel Mac OS X 10_15_7) AppleWebKit/537.36 (KHTML, like Gecko) Chrome/144.0.0.0 Safari/537.36 Edg/144.0.0.0','2026-02-24 23:31:16.154326',2),(677,'GET','/api/assessments/alerts/',200,84,'127.0.0.1','Mozilla/5.0 (Macintosh; Intel Mac OS X 10_15_7) AppleWebKit/537.36 (KHTML, like Gecko) Chrome/144.0.0.0 Safari/537.36 Edg/144.0.0.0','2026-02-24 23:31:16.156519',2),(678,'POST','/api/backups/export/',200,56,'127.0.0.1','Mozilla/5.0 (Macintosh; Intel Mac OS X 10_15_7) AppleWebKit/537.36 (KHTML, like Gecko) Chrome/144.0.0.0 Safari/537.36 Edg/144.0.0.0','2026-02-24 23:31:18.717607',2),(679,'GET','/api/colleges/',200,30,'127.0.0.1','Mozilla/5.0 (Macintosh; Intel Mac OS X 10_15_7) AppleWebKit/537.36 (KHTML, like Gecko) Chrome/144.0.0.0 Safari/537.36 Edg/144.0.0.0','2026-02-24 23:31:20.903438',NULL),(680,'POST','/api/auth/token/',200,119,'127.0.0.1','Mozilla/5.0 (Macintosh; Intel Mac OS X 10_15_7) AppleWebKit/537.36 (KHTML, like Gecko) Chrome/144.0.0.0 Safari/537.36 Edg/144.0.0.0','2026-02-24 23:31:24.887056',NULL),(681,'GET','/api/auth/me/',200,18,'127.0.0.1','Mozilla/5.0 (Macintosh; Intel Mac OS X 10_15_7) AppleWebKit/537.36 (KHTML, like Gecko) Chrome/144.0.0.0 Safari/537.36 Edg/144.0.0.0','2026-02-24 23:31:24.917442',3),(682,'GET','/api/counselor/students/',200,42,'127.0.0.1','Mozilla/5.0 (Macintosh; Intel Mac OS X 10_15_7) AppleWebKit/537.36 (KHTML, like Gecko) Chrome/144.0.0.0 Safari/537.36 Edg/144.0.0.0','2026-02-24 23:31:24.998626',3),(683,'GET','/api/interventions/plans/',200,123,'127.0.0.1','Mozilla/5.0 (Macintosh; Intel Mac OS X 10_15_7) AppleWebKit/537.36 (KHTML, like Gecko) Chrome/144.0.0.0 Safari/537.36 Edg/144.0.0.0','2026-02-24 23:31:25.082429',3),(684,'GET','/api/assessments/alerts/',200,128,'127.0.0.1','Mozilla/5.0 (Macintosh; Intel Mac OS X 10_15_7) AppleWebKit/537.36 (KHTML, like Gecko) Chrome/144.0.0.0 Safari/537.36 Edg/144.0.0.0','2026-02-24 23:31:25.086186',3),(685,'GET','/api/chat/conversations/',200,140,'127.0.0.1','Mozilla/5.0 (Macintosh; Intel Mac OS X 10_15_7) AppleWebKit/537.36 (KHTML, like Gecko) Chrome/144.0.0.0 Safari/537.36 Edg/144.0.0.0','2026-02-24 23:31:25.107023',3),(686,'GET','/api/counselor/students/',200,40,'127.0.0.1','Mozilla/5.0 (Macintosh; Intel Mac OS X 10_15_7) AppleWebKit/537.36 (KHTML, like Gecko) Chrome/144.0.0.0 Safari/537.36 Edg/144.0.0.0','2026-02-24 23:31:25.925395',3),(687,'GET','/api/interventions/plans/',200,83,'127.0.0.1','Mozilla/5.0 (Macintosh; Intel Mac OS X 10_15_7) AppleWebKit/537.36 (KHTML, like Gecko) Chrome/144.0.0.0 Safari/537.36 Edg/144.0.0.0','2026-02-24 23:31:25.967188',3),(688,'GET','/api/counselor/students/',200,43,'127.0.0.1','Mozilla/5.0 (Macintosh; Intel Mac OS X 10_15_7) AppleWebKit/537.36 (KHTML, like Gecko) Chrome/144.0.0.0 Safari/537.36 Edg/144.0.0.0','2026-02-24 23:31:26.471311',3),(689,'GET','/api/surveys/questionnaires/',200,46,'127.0.0.1','Mozilla/5.0 (Macintosh; Intel Mac OS X 10_15_7) AppleWebKit/537.36 (KHTML, like Gecko) Chrome/144.0.0.0 Safari/537.36 Edg/144.0.0.0','2026-02-24 23:31:26.479740',3),(690,'GET','/api/counselor/students/',200,35,'127.0.0.1','Mozilla/5.0 (Macintosh; Intel Mac OS X 10_15_7) AppleWebKit/537.36 (KHTML, like Gecko) Chrome/144.0.0.0 Safari/537.36 Edg/144.0.0.0','2026-02-24 23:31:28.684350',3),(691,'GET','/api/interventions/plans/',200,84,'127.0.0.1','Mozilla/5.0 (Macintosh; Intel Mac OS X 10_15_7) AppleWebKit/537.36 (KHTML, like Gecko) Chrome/144.0.0.0 Safari/537.36 Edg/144.0.0.0','2026-02-24 23:31:28.732275',3),(692,'GET','/api/chat/conversations/',200,53,'127.0.0.1','Mozilla/5.0 (Macintosh; Intel Mac OS X 10_15_7) AppleWebKit/537.36 (KHTML, like Gecko) Chrome/144.0.0.0 Safari/537.36 Edg/144.0.0.0','2026-02-24 23:31:29.617917',3),(693,'GET','/api/chat/conversations/1/messages/',200,27,'127.0.0.1','Mozilla/5.0 (Macintosh; Intel Mac OS X 10_15_7) AppleWebKit/537.36 (KHTML, like Gecko) Chrome/144.0.0.0 Safari/537.36 Edg/144.0.0.0','2026-02-24 23:31:29.658105',3),(694,'POST','/api/chat/conversations/1/read/',200,23,'127.0.0.1','Mozilla/5.0 (Macintosh; Intel Mac OS X 10_15_7) AppleWebKit/537.36 (KHTML, like Gecko) Chrome/144.0.0.0 Safari/537.36 Edg/144.0.0.0','2026-02-24 23:31:29.689857',3),(695,'GET','/api/chat/conversations/1/messages/',200,33,'127.0.0.1','Mozilla/5.0 (Macintosh; Intel Mac OS X 10_15_7) AppleWebKit/537.36 (KHTML, like Gecko) Chrome/144.0.0.0 Safari/537.36 Edg/144.0.0.0','2026-02-24 23:31:30.742127',3),(696,'POST','/api/chat/conversations/1/read/',200,18,'127.0.0.1','Mozilla/5.0 (Macintosh; Intel Mac OS X 10_15_7) AppleWebKit/537.36 (KHTML, like Gecko) Chrome/144.0.0.0 Safari/537.36 Edg/144.0.0.0','2026-02-24 23:31:30.772582',3),(697,'GET','/api/chat/conversations/1/messages/',200,38,'127.0.0.1','Mozilla/5.0 (Macintosh; Intel Mac OS X 10_15_7) AppleWebKit/537.36 (KHTML, like Gecko) Chrome/144.0.0.0 Safari/537.36 Edg/144.0.0.0','2026-02-24 23:31:31.743232',3),(698,'POST','/api/chat/conversations/1/read/',200,24,'127.0.0.1','Mozilla/5.0 (Macintosh; Intel Mac OS X 10_15_7) AppleWebKit/537.36 (KHTML, like Gecko) Chrome/144.0.0.0 Safari/537.36 Edg/144.0.0.0','2026-02-24 23:31:31.779166',3),(699,'POST','/api/chat/conversations/1/messages/',201,47,'127.0.0.1','Mozilla/5.0 (Macintosh; Intel Mac OS X 10_15_7) AppleWebKit/537.36 (KHTML, like Gecko) Chrome/144.0.0.0 Safari/537.36 Edg/144.0.0.0','2026-02-24 23:31:31.875117',3),(700,'GET','/api/chat/conversations/1/messages/',200,32,'127.0.0.1','Mozilla/5.0 (Macintosh; Intel Mac OS X 10_15_7) AppleWebKit/537.36 (KHTML, like Gecko) Chrome/144.0.0.0 Safari/537.36 Edg/144.0.0.0','2026-02-24 23:31:32.737940',3),(701,'POST','/api/chat/conversations/1/read/',200,16,'127.0.0.1','Mozilla/5.0 (Macintosh; Intel Mac OS X 10_15_7) AppleWebKit/537.36 (KHTML, like Gecko) Chrome/144.0.0.0 Safari/537.36 Edg/144.0.0.0','2026-02-24 23:31:32.765009',3),(702,'GET','/api/chat/conversations/56/messages/',200,34,'127.0.0.1','Mozilla/5.0 (Macintosh; Intel Mac OS X 10_15_7) AppleWebKit/537.36 (KHTML, like Gecko) Chrome/144.0.0.0 Safari/537.36 Edg/144.0.0.0','2026-02-24 23:31:33.244592',3),(703,'POST','/api/chat/conversations/56/read/',200,24,'127.0.0.1','Mozilla/5.0 (Macintosh; Intel Mac OS X 10_15_7) AppleWebKit/537.36 (KHTML, like Gecko) Chrome/144.0.0.0 Safari/537.36 Edg/144.0.0.0','2026-02-24 23:31:33.279033',3),(704,'GET','/api/chat/conversations/42/messages/',200,32,'127.0.0.1','Mozilla/5.0 (Macintosh; Intel Mac OS X 10_15_7) AppleWebKit/537.36 (KHTML, like Gecko) Chrome/144.0.0.0 Safari/537.36 Edg/144.0.0.0','2026-02-24 23:31:33.761288',3),(705,'POST','/api/chat/conversations/42/read/',200,22,'127.0.0.1','Mozilla/5.0 (Macintosh; Intel Mac OS X 10_15_7) AppleWebKit/537.36 (KHTML, like Gecko) Chrome/144.0.0.0 Safari/537.36 Edg/144.0.0.0','2026-02-24 23:31:33.797585',3),(706,'GET','/api/chat/conversations/5/messages/',200,32,'127.0.0.1','Mozilla/5.0 (Macintosh; Intel Mac OS X 10_15_7) AppleWebKit/537.36 (KHTML, like Gecko) Chrome/144.0.0.0 Safari/537.36 Edg/144.0.0.0','2026-02-24 23:31:34.395489',3),(707,'POST','/api/chat/conversations/5/read/',200,23,'127.0.0.1','Mozilla/5.0 (Macintosh; Intel Mac OS X 10_15_7) AppleWebKit/537.36 (KHTML, like Gecko) Chrome/144.0.0.0 Safari/537.36 Edg/144.0.0.0','2026-02-24 23:31:34.431823',3),(708,'GET','/api/chat/conversations/5/messages/',200,37,'127.0.0.1','Mozilla/5.0 (Macintosh; Intel Mac OS X 10_15_7) AppleWebKit/537.36 (KHTML, like Gecko) Chrome/144.0.0.0 Safari/537.36 Edg/144.0.0.0','2026-02-24 23:31:35.481005',3),(709,'POST','/api/chat/conversations/5/read/',200,18,'127.0.0.1','Mozilla/5.0 (Macintosh; Intel Mac OS X 10_15_7) AppleWebKit/537.36 (KHTML, like Gecko) Chrome/144.0.0.0 Safari/537.36 Edg/144.0.0.0','2026-02-24 23:31:35.510585',3),(710,'GET','/api/chat/conversations/5/messages/',200,34,'127.0.0.1','Mozilla/5.0 (Macintosh; Intel Mac OS X 10_15_7) AppleWebKit/537.36 (KHTML, like Gecko) Chrome/144.0.0.0 Safari/537.36 Edg/144.0.0.0','2026-02-24 23:31:36.482294',3),(711,'POST','/api/chat/conversations/5/read/',200,22,'127.0.0.1','Mozilla/5.0 (Macintosh; Intel Mac OS X 10_15_7) AppleWebKit/537.36 (KHTML, like Gecko) Chrome/144.0.0.0 Safari/537.36 Edg/144.0.0.0','2026-02-24 23:31:36.514431',3),(712,'GET','/api/chat/conversations/5/messages/',200,31,'127.0.0.1','Mozilla/5.0 (Macintosh; Intel Mac OS X 10_15_7) AppleWebKit/537.36 (KHTML, like Gecko) Chrome/144.0.0.0 Safari/537.36 Edg/144.0.0.0','2026-02-24 23:31:37.473061',3),(713,'POST','/api/chat/conversations/5/read/',200,22,'127.0.0.1','Mozilla/5.0 (Macintosh; Intel Mac OS X 10_15_7) AppleWebKit/537.36 (KHTML, like Gecko) Chrome/144.0.0.0 Safari/537.36 Edg/144.0.0.0','2026-02-24 23:31:37.515527',3),(714,'GET','/api/colleges/',200,30,'127.0.0.1','Mozilla/5.0 (Macintosh; Intel Mac OS X 10_15_7) AppleWebKit/537.36 (KHTML, like Gecko) Chrome/144.0.0.0 Safari/537.36 Edg/144.0.0.0','2026-02-24 23:31:37.591713',NULL),(715,'POST','/api/auth/token/',200,121,'127.0.0.1','curl/8.7.1','2026-02-24 23:31:55.791598',NULL),(716,'POST','/api/chat/conversations/ai/stream/',200,20,'127.0.0.1','curl/8.7.1','2026-02-24 23:31:55.826851',4),(717,'POST','/api/auth/token/',200,108,'127.0.0.1','curl/8.7.1','2026-02-24 23:32:42.555531',NULL),(718,'POST','/api/auth/token/',200,110,'127.0.0.1','curl/8.7.1','2026-02-24 23:32:42.680999',NULL),(719,'POST','/api/auth/token/',200,109,'127.0.0.1','curl/8.7.1','2026-02-24 23:32:42.807222',NULL),(720,'POST','/api/auth/token/',200,112,'127.0.0.1','curl/8.7.1','2026-02-24 23:32:42.934540',NULL),(721,'GET','/api/health/',200,0,'127.0.0.1','curl/8.7.1','2026-02-24 23:32:42.968113',NULL),(722,'GET','/api/auth/me/',200,14,'127.0.0.1','curl/8.7.1','2026-02-24 23:32:42.995124',4),(723,'GET','/api/knowledge/articles/',200,29,'127.0.0.1','curl/8.7.1','2026-02-24 23:32:43.037845',4),(724,'POST','/api/knowledge/articles/6/favorite/',200,22,'127.0.0.1','curl/8.7.1','2026-02-24 23:32:43.074684',4),(725,'POST','/api/knowledge/articles/6/unfavorite/',200,29,'127.0.0.1','curl/8.7.1','2026-02-24 23:32:43.119388',4),(726,'GET','/api/surveys/questionnaires/',200,34,'127.0.0.1','curl/8.7.1','2026-02-24 23:32:43.166040',4),(727,'POST','/api/surveys/questionnaires/14/submit/',400,19,'127.0.0.1','curl/8.7.1','2026-02-24 23:32:43.199787',4),(728,'GET','/api/assessments/results/',200,40,'127.0.0.1','curl/8.7.1','2026-02-24 23:32:43.257933',4),(729,'GET','/api/assessments/alerts/',200,48,'127.0.0.1','curl/8.7.1','2026-02-24 23:32:43.321319',4),(730,'GET','/api/auth/me/',200,16,'127.0.0.1','curl/8.7.1','2026-02-24 23:32:43.352781',4),(731,'POST','/api/interventions/plans/',201,24,'127.0.0.1','curl/8.7.1','2026-02-24 23:32:43.390016',3),(732,'POST','/api/chat/conversations/human/start/',200,25,'127.0.0.1','curl/8.7.1','2026-02-24 23:32:43.432079',4),(733,'POST','/api/chat/conversations/1/messages/',201,21,'127.0.0.1','curl/8.7.1','2026-02-24 23:32:43.471289',4),(734,'GET','/api/chat/conversations/1/messages/',200,22,'127.0.0.1','curl/8.7.1','2026-02-24 23:32:43.505289',3),(735,'POST','/api/chat/conversations/1/read/',200,16,'127.0.0.1','curl/8.7.1','2026-02-24 23:32:43.533497',3),(736,'POST','/api/chat/conversations/ai/',201,1326,'127.0.0.1','curl/8.7.1','2026-02-24 23:32:44.871228',4),(737,'POST','/api/chat/conversations/ai/stream/',200,71,'127.0.0.1','curl/8.7.1','2026-02-24 23:32:44.959951',4),(738,'POST','/api/reports/monthly/',200,34,'127.0.0.1','curl/8.7.1','2026-02-24 23:32:46.090689',2),(739,'GET','/api/reports/list/',200,21,'127.0.0.1','curl/8.7.1','2026-02-24 23:32:46.129512',2),(740,'GET','/api/reports/download/',200,15,'127.0.0.1','curl/8.7.1','2026-02-24 23:32:46.165393',2),(741,'GET','/api/admin/audit-logs/',200,28,'127.0.0.1','curl/8.7.1','2026-02-24 23:32:46.208649',1),(742,'GET','/api/reports/college-risk-overview/',200,20,'127.0.0.1','curl/8.7.1','2026-02-24 23:32:46.240998',1),(743,'POST','/api/auth/token/',200,126,'127.0.0.1','curl/8.7.1','2026-02-24 23:33:12.078385',NULL),(744,'GET','/api/surveys/questionnaires/',200,35,'127.0.0.1','curl/8.7.1','2026-02-24 23:33:12.128906',5),(745,'POST','/api/surveys/questionnaires/14/submit/',201,1326,'127.0.0.1','curl/8.7.1','2026-02-24 23:33:13.485137',5),(746,'GET','/api/assessments/results/291/',200,19,'127.0.0.1','curl/8.7.1','2026-02-24 23:33:13.529540',5),(747,'POST','/api/auth/token/',200,136,'127.0.0.1','curl/8.7.1','2026-02-24 23:35:01.944849',NULL),(748,'GET','/api/admin/users/',200,23,'127.0.0.1','curl/8.7.1','2026-02-24 23:35:01.985888',1),(749,'POST','/api/auth/token/',200,129,'127.0.0.1','curl/8.7.1','2026-02-24 23:35:31.589640',NULL),(750,'POST','/api/majors/',201,23,'127.0.0.1','curl/8.7.1','2026-02-24 23:35:31.626667',1),(751,'POST','/api/classes/',201,22,'127.0.0.1','curl/8.7.1','2026-02-24 23:35:31.663833',1),(752,'POST','/api/admin/users/',201,128,'127.0.0.1','curl/8.7.1','2026-02-24 23:35:31.806339',1),(753,'POST','/api/admin/class-assignments/',201,28,'127.0.0.1','curl/8.7.1','2026-02-24 23:35:31.861791',1),(754,'POST','/api/auth/token/',200,105,'127.0.0.1','curl/8.7.1','2026-02-24 23:35:31.984246',NULL),(755,'POST','/api/auth/token/',200,109,'127.0.0.1','curl/8.7.1','2026-02-24 23:35:32.106444',NULL),(756,'GET','/api/counselor/students/',200,22,'127.0.0.1','curl/8.7.1','2026-02-24 23:35:32.189245',3),(757,'GET','/api/counselor/students/',200,18,'127.0.0.1','curl/8.7.1','2026-02-24 23:35:32.219581',9),(758,'POST','/api/auth/register/',201,123,'127.0.0.1','curl/8.7.1','2026-02-24 23:35:43.608344',NULL),(759,'POST','/api/auth/token/',200,105,'127.0.0.1','curl/8.7.1','2026-02-24 23:35:43.787241',NULL),(760,'GET','/api/auth/me/',200,22,'127.0.0.1','curl/8.7.1','2026-02-24 23:35:43.822138',154),(761,'POST','/api/auth/token/',200,116,'127.0.0.1','curl/8.7.1','2026-02-24 23:35:59.273915',NULL),(762,'POST','/api/auth/token/',200,108,'127.0.0.1','curl/8.7.1','2026-02-24 23:35:59.397303',NULL),(763,'POST','/api/auth/token/',200,110,'127.0.0.1','curl/8.7.1','2026-02-24 23:35:59.521155',NULL),(764,'GET','/api/auth/me/',200,17,'127.0.0.1','curl/8.7.1','2026-02-24 23:35:59.554126',4),(765,'GET','/api/reports/college-risk-overview/',200,21,'127.0.0.1','curl/8.7.1','2026-02-24 23:35:59.587865',1),(766,'POST','/api/interventions/plans/',201,23,'127.0.0.1','curl/8.7.1','2026-02-24 23:35:59.622527',3),(767,'GET','/api/reports/college-risk-overview/',200,21,'127.0.0.1','curl/8.7.1','2026-02-24 23:35:59.659229',1),(768,'PATCH','/api/interventions/plans/116/',200,21,'127.0.0.1','curl/8.7.1','2026-02-24 23:35:59.691969',3),(769,'GET','/api/reports/college-risk-overview/',200,20,'127.0.0.1','curl/8.7.1','2026-02-24 23:35:59.722627',1),(770,'POST','/api/auth/token/',200,115,'127.0.0.1','curl/8.7.1','2026-02-24 23:36:08.367999',NULL),(771,'GET','/api/interventions/plans/',200,80,'127.0.0.1','curl/8.7.1','2026-02-24 23:36:08.466093',2),(772,'POST','/api/auth/token/',200,131,'127.0.0.1','curl/8.7.1','2026-02-24 23:36:18.848543',NULL),(773,'POST','/api/auth/token/',200,118,'127.0.0.1','curl/8.7.1','2026-02-24 23:36:19.023549',NULL),(774,'GET','/api/auth/me/',200,19,'127.0.0.1','curl/8.7.1','2026-02-24 23:36:19.058912',4),(775,'GET','/api/counselor/students/',200,24,'127.0.0.1','curl/8.7.1','2026-02-24 23:36:19.094200',3),(776,'POST','/api/auth/token/',200,124,'127.0.0.1','curl/8.7.1','2026-02-24 23:36:32.121111',NULL),(777,'POST','/api/auth/token/',200,122,'127.0.0.1','curl/8.7.1','2026-02-24 23:36:32.262529',NULL),(778,'GET','/api/auth/me/',200,14,'127.0.0.1','curl/8.7.1','2026-02-24 23:36:32.291532',4),(779,'GET','/api/counselor/students/',200,23,'127.0.0.1','curl/8.7.1','2026-02-24 23:36:32.326742',3),(780,'GET','/api/students/4/profile/',200,78,'127.0.0.1','curl/8.7.1','2026-02-24 23:36:32.426079',3),(781,'POST','/api/auth/token/',200,137,'127.0.0.1','curl/8.7.1','2026-02-24 23:37:23.960661',NULL),(782,'POST','/api/auth/token/',200,126,'127.0.0.1','curl/8.7.1','2026-02-24 23:37:24.124679',NULL),(783,'POST','/api/knowledge/articles/',201,30,'127.0.0.1','curl/8.7.1','2026-02-24 23:37:24.181988',2),(784,'GET','/api/knowledge/articles/',200,35,'127.0.0.1','curl/8.7.1','2026-02-24 23:37:24.238361',4),(785,'POST','/api/auth/token/',200,120,'127.0.0.1','curl/8.7.1','2026-02-24 23:37:36.803431',NULL),(786,'GET','/api/knowledge/articles/',200,85,'127.0.0.1','curl/8.7.1','2026-02-24 23:37:36.902839',4),(787,'POST','/api/auth/token/',200,126,'127.0.0.1','curl/8.7.1','2026-02-24 23:38:05.005538',NULL),(788,'POST','/api/auth/token/',200,115,'127.0.0.1','curl/8.7.1','2026-02-24 23:38:05.148424',NULL),(789,'GET','/api/auth/me/',200,19,'127.0.0.1','curl/8.7.1','2026-02-24 23:38:05.181774',4),(790,'POST','/api/surveys/retest-tasks/',201,31,'127.0.0.1','curl/8.7.1','2026-02-24 23:38:05.225706',3),(791,'GET','/api/surveys/questionnaires/',200,25,'127.0.0.1','curl/8.7.1','2026-02-24 23:38:05.271548',4),(792,'GET','/api/surveys/questionnaires/',200,26,'127.0.0.1','curl/8.7.1','2026-02-24 23:38:05.310366',4),(793,'POST','/api/surveys/questionnaires/14/submit/',201,53,'127.0.0.1','curl/8.7.1','2026-02-24 23:38:05.379994',4),(794,'GET','/api/surveys/retest-tasks/',200,24,'127.0.0.1','curl/8.7.1','2026-02-24 23:38:05.419486',3),(795,'POST','/api/auth/token/',200,169,'127.0.0.1','curl/8.7.1','2026-02-24 23:39:08.699363',NULL),(796,'GET','/api/surveys/questionnaires/',200,33,'127.0.0.1','curl/8.7.1','2026-02-24 23:39:08.750855',4),(797,'POST','/api/auth/token/',200,253,'127.0.0.1','curl/8.7.1','2026-02-24 23:39:38.699389',NULL),(798,'POST','/api/auth/token/',200,119,'127.0.0.1','curl/8.7.1','2026-02-24 23:39:38.841234',NULL),(799,'POST','/api/backups/export/',200,40,'127.0.0.1','curl/8.7.1','2026-02-24 23:39:38.896849',2),(800,'POST','/api/backups/export/',200,54,'127.0.0.1','curl/8.7.1','2026-02-24 23:39:38.966057',1),(801,'POST','/api/auth/token/',200,123,'127.0.0.1','curl/8.7.1','2026-02-24 23:39:48.936309',NULL),(802,'POST','/api/auth/token/',200,107,'127.0.0.1','curl/8.7.1','2026-02-24 23:39:49.062999',NULL),(803,'POST','/api/backups/export/',200,30,'127.0.0.1','curl/8.7.1','2026-02-24 23:39:49.105250',2),(804,'POST','/api/backups/export/',200,71,'127.0.0.1','curl/8.7.1','2026-02-24 23:39:49.191822',1),(805,'GET','/api/health/',200,0,'127.0.0.1','curl/8.7.1','2026-02-24 23:40:09.040668',NULL),(806,'POST','/api/auth/token/',200,136,'127.0.0.1','Mozilla/5.0 (Macintosh; Intel Mac OS X 10_15_7) AppleWebKit/537.36 (KHTML, like Gecko) Chrome/144.0.0.0 Safari/537.36 Edg/144.0.0.0','2026-02-24 23:40:48.729134',NULL),(807,'GET','/api/auth/me/',200,21,'127.0.0.1','Mozilla/5.0 (Macintosh; Intel Mac OS X 10_15_7) AppleWebKit/537.36 (KHTML, like Gecko) Chrome/144.0.0.0 Safari/537.36 Edg/144.0.0.0','2026-02-24 23:40:48.778180',4),(808,'GET','/api/interventions/plans/',200,46,'127.0.0.1','Mozilla/5.0 (Macintosh; Intel Mac OS X 10_15_7) AppleWebKit/537.36 (KHTML, like Gecko) Chrome/144.0.0.0 Safari/537.36 Edg/144.0.0.0','2026-02-24 23:40:48.875034',4),(809,'GET','/api/surveys/questionnaires/',200,63,'127.0.0.1','Mozilla/5.0 (Macintosh; Intel Mac OS X 10_15_7) AppleWebKit/537.36 (KHTML, like Gecko) Chrome/144.0.0.0 Safari/537.36 Edg/144.0.0.0','2026-02-24 23:40:48.876311',4),(810,'GET','/api/assessments/results/',200,79,'127.0.0.1','Mozilla/5.0 (Macintosh; Intel Mac OS X 10_15_7) AppleWebKit/537.36 (KHTML, like Gecko) Chrome/144.0.0.0 Safari/537.36 Edg/144.0.0.0','2026-02-24 23:40:48.897389',4),(811,'GET','/api/assessments/alerts/',200,115,'127.0.0.1','Mozilla/5.0 (Macintosh; Intel Mac OS X 10_15_7) AppleWebKit/537.36 (KHTML, like Gecko) Chrome/144.0.0.0 Safari/537.36 Edg/144.0.0.0','2026-02-24 23:40:48.937548',4),(812,'GET','/api/chat/conversations/',200,50,'127.0.0.1','Mozilla/5.0 (Macintosh; Intel Mac OS X 10_15_7) AppleWebKit/537.36 (KHTML, like Gecko) Chrome/144.0.0.0 Safari/537.36 Edg/144.0.0.0','2026-02-24 23:40:49.690664',4),(813,'GET','/api/chat/conversations/2/messages/',200,32,'127.0.0.1','Mozilla/5.0 (Macintosh; Intel Mac OS X 10_15_7) AppleWebKit/537.36 (KHTML, like Gecko) Chrome/144.0.0.0 Safari/537.36 Edg/144.0.0.0','2026-02-24 23:40:49.743112',4),(814,'GET','/api/chat/conversations/5/messages/',404,25,'127.0.0.1','Mozilla/5.0 (Macintosh; Intel Mac OS X 10_15_7) AppleWebKit/537.36 (KHTML, like Gecko) Chrome/144.0.0.0 Safari/537.36 Edg/144.0.0.0','2026-02-24 23:40:50.041440',4),(815,'GET','/api/chat/conversations/',200,38,'127.0.0.1','Mozilla/5.0 (Macintosh; Intel Mac OS X 10_15_7) AppleWebKit/537.36 (KHTML, like Gecko) Chrome/144.0.0.0 Safari/537.36 Edg/144.0.0.0','2026-02-24 23:40:50.473366',4),(816,'GET','/api/chat/conversations/2/messages/',200,35,'127.0.0.1','Mozilla/5.0 (Macintosh; Intel Mac OS X 10_15_7) AppleWebKit/537.36 (KHTML, like Gecko) Chrome/144.0.0.0 Safari/537.36 Edg/144.0.0.0','2026-02-24 23:40:50.525646',4),(817,'POST','/api/chat/conversations/ai/stream/',200,38,'127.0.0.1','Mozilla/5.0 (Macintosh; Intel Mac OS X 10_15_7) AppleWebKit/537.36 (KHTML, like Gecko) Chrome/144.0.0.0 Safari/537.36 Edg/144.0.0.0','2026-02-24 23:40:52.831762',4),(818,'POST','/api/chat/conversations/ai/stream/',200,37,'127.0.0.1','Mozilla/5.0 (Macintosh; Intel Mac OS X 10_15_7) AppleWebKit/537.36 (KHTML, like Gecko) Chrome/144.0.0.0 Safari/537.36 Edg/144.0.0.0','2026-02-24 23:40:57.551208',4),(819,'POST','/api/chat/conversations/ai/stream/',200,34,'127.0.0.1','Mozilla/5.0 (Macintosh; Intel Mac OS X 10_15_7) AppleWebKit/537.36 (KHTML, like Gecko) Chrome/144.0.0.0 Safari/537.36 Edg/144.0.0.0','2026-02-24 23:41:06.883803',4),(820,'GET','/api/assessments/results/',200,85,'127.0.0.1','Mozilla/5.0 (Macintosh; Intel Mac OS X 10_15_7) AppleWebKit/537.36 (KHTML, like Gecko) Chrome/144.0.0.0 Safari/537.36 Edg/144.0.0.0','2026-02-24 23:41:44.597699',4),(821,'GET','/api/assessments/alerts/',200,102,'127.0.0.1','Mozilla/5.0 (Macintosh; Intel Mac OS X 10_15_7) AppleWebKit/537.36 (KHTML, like Gecko) Chrome/144.0.0.0 Safari/537.36 Edg/144.0.0.0','2026-02-24 23:41:44.619690',4),(822,'GET','/api/surveys/retest-tasks/',200,42,'127.0.0.1','Mozilla/5.0 (Macintosh; Intel Mac OS X 10_15_7) AppleWebKit/537.36 (KHTML, like Gecko) Chrome/144.0.0.0 Safari/537.36 Edg/144.0.0.0','2026-02-24 23:41:45.343268',4),(823,'GET','/api/surveys/questionnaires/',200,59,'127.0.0.1','Mozilla/5.0 (Macintosh; Intel Mac OS X 10_15_7) AppleWebKit/537.36 (KHTML, like Gecko) Chrome/144.0.0.0 Safari/537.36 Edg/144.0.0.0','2026-02-24 23:41:45.359093',4),(824,'GET','/api/assessments/results/',200,77,'127.0.0.1','Mozilla/5.0 (Macintosh; Intel Mac OS X 10_15_7) AppleWebKit/537.36 (KHTML, like Gecko) Chrome/144.0.0.0 Safari/537.36 Edg/144.0.0.0','2026-02-24 23:41:45.378056',4),(825,'GET','/api/chat/conversations/5/messages/',404,32,'127.0.0.1','Mozilla/5.0 (Macintosh; Intel Mac OS X 10_15_7) AppleWebKit/537.36 (KHTML, like Gecko) Chrome/144.0.0.0 Safari/537.36 Edg/144.0.0.0','2026-02-24 23:41:45.865367',4),(826,'POST','/api/chat/conversations/5/messages/',404,28,'127.0.0.1','Mozilla/5.0 (Macintosh; Intel Mac OS X 10_15_7) AppleWebKit/537.36 (KHTML, like Gecko) Chrome/144.0.0.0 Safari/537.36 Edg/144.0.0.0','2026-02-24 23:41:51.085345',4),(827,'POST','/api/auth/token/',200,144,'127.0.0.1','curl/8.7.1','2026-02-24 23:42:56.934893',NULL),(828,'POST','/api/chat/conversations/ai/',201,1050,'127.0.0.1','curl/8.7.1','2026-02-24 23:42:58.002338',4),(829,'POST','/api/auth/token/',200,167,'127.0.0.1','curl/8.7.1','2026-02-24 23:45:05.850944',NULL),(830,'POST','/api/chat/conversations/ai/',201,1259,'127.0.0.1','curl/8.7.1','2026-02-24 23:45:07.124418',4),(831,'GET','/api/auth/me/',200,115,'127.0.0.1','Mozilla/5.0 (Macintosh; Intel Mac OS X 10_15_7) AppleWebKit/537.36 (KHTML, like Gecko) Chrome/144.0.0.0 Safari/537.36 Edg/144.0.0.0','2026-02-24 23:45:37.052373',4),(832,'GET','/api/interventions/plans/',200,73,'127.0.0.1','Mozilla/5.0 (Macintosh; Intel Mac OS X 10_15_7) AppleWebKit/537.36 (KHTML, like Gecko) Chrome/144.0.0.0 Safari/537.36 Edg/144.0.0.0','2026-02-24 23:45:37.227597',4),(833,'GET','/api/surveys/questionnaires/',200,93,'127.0.0.1','Mozilla/5.0 (Macintosh; Intel Mac OS X 10_15_7) AppleWebKit/537.36 (KHTML, like Gecko) Chrome/144.0.0.0 Safari/537.36 Edg/144.0.0.0','2026-02-24 23:45:37.238920',4),(834,'GET','/api/assessments/results/',200,106,'127.0.0.1','Mozilla/5.0 (Macintosh; Intel Mac OS X 10_15_7) AppleWebKit/537.36 (KHTML, like Gecko) Chrome/144.0.0.0 Safari/537.36 Edg/144.0.0.0','2026-02-24 23:45:37.254891',4),(835,'GET','/api/assessments/alerts/',200,127,'127.0.0.1','Mozilla/5.0 (Macintosh; Intel Mac OS X 10_15_7) AppleWebKit/537.36 (KHTML, like Gecko) Chrome/144.0.0.0 Safari/537.36 Edg/144.0.0.0','2026-02-24 23:45:37.279986',4),(836,'GET','/api/chat/conversations/',200,42,'127.0.0.1','Mozilla/5.0 (Macintosh; Intel Mac OS X 10_15_7) AppleWebKit/537.36 (KHTML, like Gecko) Chrome/144.0.0.0 Safari/537.36 Edg/144.0.0.0','2026-02-24 23:45:38.260096',4),(837,'GET','/api/chat/conversations/2/messages/',200,45,'127.0.0.1','Mozilla/5.0 (Macintosh; Intel Mac OS X 10_15_7) AppleWebKit/537.36 (KHTML, like Gecko) Chrome/144.0.0.0 Safari/537.36 Edg/144.0.0.0','2026-02-24 23:45:38.317715',4),(838,'POST','/api/chat/conversations/ai/stream/',200,37,'127.0.0.1','Mozilla/5.0 (Macintosh; Intel Mac OS X 10_15_7) AppleWebKit/537.36 (KHTML, like Gecko) Chrome/144.0.0.0 Safari/537.36 Edg/144.0.0.0','2026-02-24 23:45:40.291956',4),(839,'GET','/api/chat/conversations/5/messages/',401,4,'127.0.0.1','Mozilla/5.0 (Macintosh; Intel Mac OS X 10_15_7) AppleWebKit/537.36 (KHTML, like Gecko) Chrome/144.0.0.0 Safari/537.36 Edg/144.0.0.0','2026-02-24 23:45:49.723809',NULL),(840,'GET','/api/assessments/alerts/',401,1,'127.0.0.1','Mozilla/5.0 (Macintosh; Intel Mac OS X 10_15_7) AppleWebKit/537.36 (KHTML, like Gecko) Chrome/144.0.0.0 Safari/537.36 Edg/144.0.0.0','2026-02-24 23:45:50.556938',NULL),(841,'GET','/api/assessments/results/',401,1,'127.0.0.1','Mozilla/5.0 (Macintosh; Intel Mac OS X 10_15_7) AppleWebKit/537.36 (KHTML, like Gecko) Chrome/144.0.0.0 Safari/537.36 Edg/144.0.0.0','2026-02-24 23:45:50.557061',NULL),(842,'GET','/api/knowledge/articles/',401,0,'127.0.0.1','Mozilla/5.0 (Macintosh; Intel Mac OS X 10_15_7) AppleWebKit/537.36 (KHTML, like Gecko) Chrome/144.0.0.0 Safari/537.36 Edg/144.0.0.0','2026-02-24 23:45:51.506568',NULL),(843,'GET','/api/colleges/',200,44,'127.0.0.1','Mozilla/5.0 (Macintosh; Intel Mac OS X 10_15_7) AppleWebKit/537.36 (KHTML, like Gecko) Chrome/144.0.0.0 Safari/537.36 Edg/144.0.0.0','2026-02-24 23:45:54.297110',NULL),(844,'POST','/api/auth/token/',200,138,'127.0.0.1','Mozilla/5.0 (Macintosh; Intel Mac OS X 10_15_7) AppleWebKit/537.36 (KHTML, like Gecko) Chrome/144.0.0.0 Safari/537.36 Edg/144.0.0.0','2026-02-24 23:45:55.627149',NULL),(845,'GET','/api/auth/me/',200,21,'127.0.0.1','Mozilla/5.0 (Macintosh; Intel Mac OS X 10_15_7) AppleWebKit/537.36 (KHTML, like Gecko) Chrome/144.0.0.0 Safari/537.36 Edg/144.0.0.0','2026-02-24 23:45:55.661201',4),(846,'GET','/api/surveys/questionnaires/',200,69,'127.0.0.1','Mozilla/5.0 (Macintosh; Intel Mac OS X 10_15_7) AppleWebKit/537.36 (KHTML, like Gecko) Chrome/144.0.0.0 Safari/537.36 Edg/144.0.0.0','2026-02-24 23:45:55.757400',4),(847,'GET','/api/interventions/plans/',200,56,'127.0.0.1','Mozilla/5.0 (Macintosh; Intel Mac OS X 10_15_7) AppleWebKit/537.36 (KHTML, like Gecko) Chrome/144.0.0.0 Safari/537.36 Edg/144.0.0.0','2026-02-24 23:45:55.758524',4),(848,'GET','/api/assessments/results/',200,83,'127.0.0.1','Mozilla/5.0 (Macintosh; Intel Mac OS X 10_15_7) AppleWebKit/537.36 (KHTML, like Gecko) Chrome/144.0.0.0 Safari/537.36 Edg/144.0.0.0','2026-02-24 23:45:55.772961',4),(849,'GET','/api/assessments/alerts/',200,115,'127.0.0.1','Mozilla/5.0 (Macintosh; Intel Mac OS X 10_15_7) AppleWebKit/537.36 (KHTML, like Gecko) Chrome/144.0.0.0 Safari/537.36 Edg/144.0.0.0','2026-02-24 23:45:55.810339',4),(850,'GET','/api/chat/conversations/',200,47,'127.0.0.1','Mozilla/5.0 (Macintosh; Intel Mac OS X 10_15_7) AppleWebKit/537.36 (KHTML, like Gecko) Chrome/144.0.0.0 Safari/537.36 Edg/144.0.0.0','2026-02-24 23:45:56.523978',4),(851,'GET','/api/chat/conversations/2/messages/',200,51,'127.0.0.1','Mozilla/5.0 (Macintosh; Intel Mac OS X 10_15_7) AppleWebKit/537.36 (KHTML, like Gecko) Chrome/144.0.0.0 Safari/537.36 Edg/144.0.0.0','2026-02-24 23:45:56.586322',4),(852,'POST','/api/chat/conversations/ai/stream/',200,30,'127.0.0.1','Mozilla/5.0 (Macintosh; Intel Mac OS X 10_15_7) AppleWebKit/537.36 (KHTML, like Gecko) Chrome/144.0.0.0 Safari/537.36 Edg/144.0.0.0','2026-02-24 23:45:58.244345',4),(853,'POST','/api/auth/token/',200,177,'127.0.0.1','curl/8.7.1','2026-02-24 23:46:59.804450',NULL),(854,'POST','/api/chat/conversations/ai/',201,5711,'127.0.0.1','curl/8.7.1','2026-02-24 23:47:05.533210',4),(855,'POST','/api/chat/conversations/ai/stream/',200,23,'127.0.0.1','curl/8.7.1','2026-02-24 23:47:05.674939',4),(856,'GET','/api/auth/me/',200,63,'127.0.0.1','Mozilla/5.0 (Macintosh; Intel Mac OS X 10_15_7) AppleWebKit/537.36 (KHTML, like Gecko) Chrome/144.0.0.0 Safari/537.36 Edg/144.0.0.0','2026-02-24 23:49:44.510166',4),(857,'GET','/api/interventions/plans/',200,73,'127.0.0.1','Mozilla/5.0 (Macintosh; Intel Mac OS X 10_15_7) AppleWebKit/537.36 (KHTML, like Gecko) Chrome/144.0.0.0 Safari/537.36 Edg/144.0.0.0','2026-02-24 23:49:44.643803',4),(858,'GET','/api/assessments/results/',200,83,'127.0.0.1','Mozilla/5.0 (Macintosh; Intel Mac OS X 10_15_7) AppleWebKit/537.36 (KHTML, like Gecko) Chrome/144.0.0.0 Safari/537.36 Edg/144.0.0.0','2026-02-24 23:49:44.656856',4),(859,'GET','/api/surveys/questionnaires/',200,83,'127.0.0.1','Mozilla/5.0 (Macintosh; Intel Mac OS X 10_15_7) AppleWebKit/537.36 (KHTML, like Gecko) Chrome/144.0.0.0 Safari/537.36 Edg/144.0.0.0','2026-02-24 23:49:44.659018',4),(860,'GET','/api/assessments/alerts/',200,110,'127.0.0.1','Mozilla/5.0 (Macintosh; Intel Mac OS X 10_15_7) AppleWebKit/537.36 (KHTML, like Gecko) Chrome/144.0.0.0 Safari/537.36 Edg/144.0.0.0','2026-02-24 23:49:44.685236',4),(861,'GET','/api/assessments/results/',200,52,'127.0.0.1','Mozilla/5.0 (Macintosh; Intel Mac OS X 10_15_7) AppleWebKit/537.36 (KHTML, like Gecko) Chrome/144.0.0.0 Safari/537.36 Edg/144.0.0.0','2026-02-24 23:49:48.963477',4),(862,'GET','/api/assessments/alerts/',200,77,'127.0.0.1','Mozilla/5.0 (Macintosh; Intel Mac OS X 10_15_7) AppleWebKit/537.36 (KHTML, like Gecko) Chrome/144.0.0.0 Safari/537.36 Edg/144.0.0.0','2026-02-24 23:49:48.985269',4),(863,'GET','/api/chat/conversations/',200,43,'127.0.0.1','Mozilla/5.0 (Macintosh; Intel Mac OS X 10_15_7) AppleWebKit/537.36 (KHTML, like Gecko) Chrome/144.0.0.0 Safari/537.36 Edg/144.0.0.0','2026-02-24 23:49:49.353510',4),(864,'GET','/api/chat/conversations/2/messages/',200,45,'127.0.0.1','Mozilla/5.0 (Macintosh; Intel Mac OS X 10_15_7) AppleWebKit/537.36 (KHTML, like Gecko) Chrome/144.0.0.0 Safari/537.36 Edg/144.0.0.0','2026-02-24 23:49:49.409671',4),(865,'POST','/api/chat/conversations/ai/stream/',200,34,'127.0.0.1','Mozilla/5.0 (Macintosh; Intel Mac OS X 10_15_7) AppleWebKit/537.36 (KHTML, like Gecko) Chrome/144.0.0.0 Safari/537.36 Edg/144.0.0.0','2026-02-24 23:49:52.694430',4),(866,'POST','/api/auth/token/',200,199,'127.0.0.1','curl/8.7.1','2026-02-24 23:50:41.188261',NULL),(867,'POST','/api/chat/conversations/ai/stream/',200,45,'127.0.0.1','curl/8.7.1','2026-02-24 23:50:41.449763',4),(868,'GET','/api/auth/me/',401,13,'127.0.0.1','Mozilla/5.0 (Macintosh; Intel Mac OS X 10_15_7) AppleWebKit/537.36 (KHTML, like Gecko) Chrome/145.0.0.0 Safari/537.36 Edg/145.0.0.0','2026-02-24 23:56:15.153588',NULL),(869,'GET','/api/colleges/',200,70,'127.0.0.1','Mozilla/5.0 (Macintosh; Intel Mac OS X 10_15_7) AppleWebKit/537.36 (KHTML, like Gecko) Chrome/145.0.0.0 Safari/537.36 Edg/145.0.0.0','2026-02-24 23:56:15.279115',NULL),(870,'POST','/api/auth/token/',200,130,'127.0.0.1','Mozilla/5.0 (Macintosh; Intel Mac OS X 10_15_7) AppleWebKit/537.36 (KHTML, like Gecko) Chrome/145.0.0.0 Safari/537.36 Edg/145.0.0.0','2026-02-24 23:56:16.300991',NULL),(871,'GET','/api/auth/me/',200,15,'127.0.0.1','Mozilla/5.0 (Macintosh; Intel Mac OS X 10_15_7) AppleWebKit/537.36 (KHTML, like Gecko) Chrome/145.0.0.0 Safari/537.36 Edg/145.0.0.0','2026-02-24 23:56:16.326064',4),(872,'GET','/api/surveys/questionnaires/',200,198,'127.0.0.1','Mozilla/5.0 (Macintosh; Intel Mac OS X 10_15_7) AppleWebKit/537.36 (KHTML, like Gecko) Chrome/145.0.0.0 Safari/537.36 Edg/145.0.0.0','2026-02-24 23:56:16.565483',4),(873,'GET','/api/interventions/plans/',200,58,'127.0.0.1','Mozilla/5.0 (Macintosh; Intel Mac OS X 10_15_7) AppleWebKit/537.36 (KHTML, like Gecko) Chrome/145.0.0.0 Safari/537.36 Edg/145.0.0.0','2026-02-24 23:56:16.565862',4),(874,'GET','/api/assessments/results/',200,211,'127.0.0.1','Mozilla/5.0 (Macintosh; Intel Mac OS X 10_15_7) AppleWebKit/537.36 (KHTML, like Gecko) Chrome/145.0.0.0 Safari/537.36 Edg/145.0.0.0','2026-02-24 23:56:16.581513',4),(875,'GET','/api/assessments/alerts/',200,114,'127.0.0.1','Mozilla/5.0 (Macintosh; Intel Mac OS X 10_15_7) AppleWebKit/537.36 (KHTML, like Gecko) Chrome/145.0.0.0 Safari/537.36 Edg/145.0.0.0','2026-02-24 23:56:16.597719',4),(876,'GET','/api/chat/conversations/',200,59,'127.0.0.1','Mozilla/5.0 (Macintosh; Intel Mac OS X 10_15_7) AppleWebKit/537.36 (KHTML, like Gecko) Chrome/145.0.0.0 Safari/537.36 Edg/145.0.0.0','2026-02-24 23:56:17.264629',4),(877,'GET','/api/chat/conversations/2/messages/',200,41,'127.0.0.1','Mozilla/5.0 (Macintosh; Intel Mac OS X 10_15_7) AppleWebKit/537.36 (KHTML, like Gecko) Chrome/145.0.0.0 Safari/537.36 Edg/145.0.0.0','2026-02-24 23:56:17.314940',4),(878,'POST','/api/chat/conversations/ai/stream/',200,28,'127.0.0.1','Mozilla/5.0 (Macintosh; Intel Mac OS X 10_15_7) AppleWebKit/537.36 (KHTML, like Gecko) Chrome/145.0.0.0 Safari/537.36 Edg/145.0.0.0','2026-02-24 23:56:20.254631',4),(879,'GET','/api/chat/conversations/5/messages/',404,52,'127.0.0.1','Mozilla/5.0 (Macintosh; Intel Mac OS X 10_15_7) AppleWebKit/537.36 (KHTML, like Gecko) Chrome/145.0.0.0 Safari/537.36 Edg/145.0.0.0','2026-02-24 23:56:29.170463',4),(880,'GET','/api/interventions/plans/',200,101,'127.0.0.1','Mozilla/5.0 (Macintosh; Intel Mac OS X 10_15_7) AppleWebKit/537.36 (KHTML, like Gecko) Chrome/145.0.0.0 Safari/537.36 Edg/145.0.0.0','2026-02-24 23:56:32.961484',4),(881,'GET','/api/surveys/questionnaires/',200,112,'127.0.0.1','Mozilla/5.0 (Macintosh; Intel Mac OS X 10_15_7) AppleWebKit/537.36 (KHTML, like Gecko) Chrome/145.0.0.0 Safari/537.36 Edg/145.0.0.0','2026-02-24 23:56:32.963391',4),(882,'GET','/api/assessments/results/',200,123,'127.0.0.1','Mozilla/5.0 (Macintosh; Intel Mac OS X 10_15_7) AppleWebKit/537.36 (KHTML, like Gecko) Chrome/145.0.0.0 Safari/537.36 Edg/145.0.0.0','2026-02-24 23:56:32.976232',4),(883,'GET','/api/assessments/alerts/',200,133,'127.0.0.1','Mozilla/5.0 (Macintosh; Intel Mac OS X 10_15_7) AppleWebKit/537.36 (KHTML, like Gecko) Chrome/145.0.0.0 Safari/537.36 Edg/145.0.0.0','2026-02-24 23:56:32.989612',4),(884,'GET','/api/assessments/results/',401,0,'127.0.0.1','Mozilla/5.0 (Macintosh; Intel Mac OS X 10_15_7) AppleWebKit/537.36 (KHTML, like Gecko) Chrome/145.0.0.0 Safari/537.36 Edg/145.0.0.0','2026-02-25 00:02:07.538415',NULL),(885,'GET','/api/surveys/retest-tasks/',401,0,'127.0.0.1','Mozilla/5.0 (Macintosh; Intel Mac OS X 10_15_7) AppleWebKit/537.36 (KHTML, like Gecko) Chrome/145.0.0.0 Safari/537.36 Edg/145.0.0.0','2026-02-25 00:02:07.538290',NULL),(886,'GET','/api/surveys/questionnaires/',401,3,'127.0.0.1','Mozilla/5.0 (Macintosh; Intel Mac OS X 10_15_7) AppleWebKit/537.36 (KHTML, like Gecko) Chrome/145.0.0.0 Safari/537.36 Edg/145.0.0.0','2026-02-25 00:02:07.538087',NULL),(887,'GET','/api/knowledge/articles/',401,0,'127.0.0.1','Mozilla/5.0 (Macintosh; Intel Mac OS X 10_15_7) AppleWebKit/537.36 (KHTML, like Gecko) Chrome/145.0.0.0 Safari/537.36 Edg/145.0.0.0','2026-02-25 00:02:07.817417',NULL),(888,'GET','/api/colleges/',200,36,'127.0.0.1','Mozilla/5.0 (Macintosh; Intel Mac OS X 10_15_7) AppleWebKit/537.36 (KHTML, like Gecko) Chrome/145.0.0.0 Safari/537.36 Edg/145.0.0.0','2026-02-25 00:02:09.883425',NULL),(889,'POST','/api/auth/token/',200,144,'127.0.0.1','Mozilla/5.0 (Macintosh; Intel Mac OS X 10_15_7) AppleWebKit/537.36 (KHTML, like Gecko) Chrome/145.0.0.0 Safari/537.36 Edg/145.0.0.0','2026-02-25 00:02:10.967831',NULL),(890,'GET','/api/auth/me/',200,18,'127.0.0.1','Mozilla/5.0 (Macintosh; Intel Mac OS X 10_15_7) AppleWebKit/537.36 (KHTML, like Gecko) Chrome/145.0.0.0 Safari/537.36 Edg/145.0.0.0','2026-02-25 00:02:11.001784',4),(891,'GET','/api/interventions/plans/',200,46,'127.0.0.1','Mozilla/5.0 (Macintosh; Intel Mac OS X 10_15_7) AppleWebKit/537.36 (KHTML, like Gecko) Chrome/145.0.0.0 Safari/537.36 Edg/145.0.0.0','2026-02-25 00:02:11.083184',4),(892,'GET','/api/surveys/questionnaires/',200,79,'127.0.0.1','Mozilla/5.0 (Macintosh; Intel Mac OS X 10_15_7) AppleWebKit/537.36 (KHTML, like Gecko) Chrome/145.0.0.0 Safari/537.36 Edg/145.0.0.0','2026-02-25 00:02:11.099899',4),(893,'GET','/api/assessments/results/',200,80,'127.0.0.1','Mozilla/5.0 (Macintosh; Intel Mac OS X 10_15_7) AppleWebKit/537.36 (KHTML, like Gecko) Chrome/145.0.0.0 Safari/537.36 Edg/145.0.0.0','2026-02-25 00:02:11.102548',4),(894,'GET','/api/assessments/alerts/',200,89,'127.0.0.1','Mozilla/5.0 (Macintosh; Intel Mac OS X 10_15_7) AppleWebKit/537.36 (KHTML, like Gecko) Chrome/145.0.0.0 Safari/537.36 Edg/145.0.0.0','2026-02-25 00:02:11.118956',4),(895,'GET','/api/surveys/retest-tasks/',200,42,'127.0.0.1','Mozilla/5.0 (Macintosh; Intel Mac OS X 10_15_7) AppleWebKit/537.36 (KHTML, like Gecko) Chrome/145.0.0.0 Safari/537.36 Edg/145.0.0.0','2026-02-25 00:02:11.521876',4),(896,'GET','/api/surveys/questionnaires/',200,61,'127.0.0.1','Mozilla/5.0 (Macintosh; Intel Mac OS X 10_15_7) AppleWebKit/537.36 (KHTML, like Gecko) Chrome/145.0.0.0 Safari/537.36 Edg/145.0.0.0','2026-02-25 00:02:11.533384',4),(897,'GET','/api/assessments/results/',200,67,'127.0.0.1','Mozilla/5.0 (Macintosh; Intel Mac OS X 10_15_7) AppleWebKit/537.36 (KHTML, like Gecko) Chrome/145.0.0.0 Safari/537.36 Edg/145.0.0.0','2026-02-25 00:02:11.541840',4),(898,'GET','/api/assessments/results/',200,54,'127.0.0.1','Mozilla/5.0 (Macintosh; Intel Mac OS X 10_15_7) AppleWebKit/537.36 (KHTML, like Gecko) Chrome/145.0.0.0 Safari/537.36 Edg/145.0.0.0','2026-02-25 00:02:12.058953',4),(899,'GET','/api/assessments/alerts/',200,72,'127.0.0.1','Mozilla/5.0 (Macintosh; Intel Mac OS X 10_15_7) AppleWebKit/537.36 (KHTML, like Gecko) Chrome/145.0.0.0 Safari/537.36 Edg/145.0.0.0','2026-02-25 00:02:12.075216',4),(900,'GET','/api/chat/conversations/',200,49,'127.0.0.1','Mozilla/5.0 (Macintosh; Intel Mac OS X 10_15_7) AppleWebKit/537.36 (KHTML, like Gecko) Chrome/145.0.0.0 Safari/537.36 Edg/145.0.0.0','2026-02-25 00:02:12.472255',4),(901,'GET','/api/chat/conversations/2/messages/',200,45,'127.0.0.1','Mozilla/5.0 (Macintosh; Intel Mac OS X 10_15_7) AppleWebKit/537.36 (KHTML, like Gecko) Chrome/145.0.0.0 Safari/537.36 Edg/145.0.0.0','2026-02-25 00:02:12.525934',4),(902,'GET','/api/chat/conversations/5/messages/',404,21,'127.0.0.1','Mozilla/5.0 (Macintosh; Intel Mac OS X 10_15_7) AppleWebKit/537.36 (KHTML, like Gecko) Chrome/145.0.0.0 Safari/537.36 Edg/145.0.0.0','2026-02-25 00:02:13.339128',4),(903,'GET','/api/interventions/plans/',200,45,'127.0.0.1','Mozilla/5.0 (Macintosh; Intel Mac OS X 10_15_7) AppleWebKit/537.36 (KHTML, like Gecko) Chrome/145.0.0.0 Safari/537.36 Edg/145.0.0.0','2026-02-25 00:02:14.138594',4),(904,'GET','/api/surveys/questionnaires/',200,53,'127.0.0.1','Mozilla/5.0 (Macintosh; Intel Mac OS X 10_15_7) AppleWebKit/537.36 (KHTML, like Gecko) Chrome/145.0.0.0 Safari/537.36 Edg/145.0.0.0','2026-02-25 00:02:14.140778',4),(905,'GET','/api/assessments/results/',200,63,'127.0.0.1','Mozilla/5.0 (Macintosh; Intel Mac OS X 10_15_7) AppleWebKit/537.36 (KHTML, like Gecko) Chrome/145.0.0.0 Safari/537.36 Edg/145.0.0.0','2026-02-25 00:02:14.152688',4),(906,'GET','/api/assessments/alerts/',200,77,'127.0.0.1','Mozilla/5.0 (Macintosh; Intel Mac OS X 10_15_7) AppleWebKit/537.36 (KHTML, like Gecko) Chrome/145.0.0.0 Safari/537.36 Edg/145.0.0.0','2026-02-25 00:02:14.168658',4),(907,'GET','/api/colleges/',200,22,'127.0.0.1','Mozilla/5.0 (Macintosh; Intel Mac OS X 10_15_7) AppleWebKit/537.36 (KHTML, like Gecko) Chrome/145.0.0.0 Safari/537.36 Edg/145.0.0.0','2026-02-25 00:02:15.389449',NULL),(908,'POST','/api/auth/token/',200,136,'127.0.0.1','Mozilla/5.0 (Macintosh; Intel Mac OS X 10_15_7) AppleWebKit/537.36 (KHTML, like Gecko) Chrome/145.0.0.0 Safari/537.36 Edg/145.0.0.0','2026-02-25 00:02:19.023886',NULL),(909,'GET','/api/auth/me/',200,17,'127.0.0.1','Mozilla/5.0 (Macintosh; Intel Mac OS X 10_15_7) AppleWebKit/537.36 (KHTML, like Gecko) Chrome/145.0.0.0 Safari/537.36 Edg/145.0.0.0','2026-02-25 00:02:19.053311',1),(910,'GET','/api/colleges/',200,27,'127.0.0.1','Mozilla/5.0 (Macintosh; Intel Mac OS X 10_15_7) AppleWebKit/537.36 (KHTML, like Gecko) Chrome/145.0.0.0 Safari/537.36 Edg/145.0.0.0','2026-02-25 00:02:19.102783',1),(911,'GET','/api/admin/users/',200,45,'127.0.0.1','Mozilla/5.0 (Macintosh; Intel Mac OS X 10_15_7) AppleWebKit/537.36 (KHTML, like Gecko) Chrome/145.0.0.0 Safari/537.36 Edg/145.0.0.0','2026-02-25 00:02:19.120299',1),(912,'GET','/api/admin/audit-logs/',200,90,'127.0.0.1','Mozilla/5.0 (Macintosh; Intel Mac OS X 10_15_7) AppleWebKit/537.36 (KHTML, like Gecko) Chrome/145.0.0.0 Safari/537.36 Edg/145.0.0.0','2026-02-25 00:02:19.170872',1),(913,'GET','/api/assessments/alerts/',200,160,'127.0.0.1','Mozilla/5.0 (Macintosh; Intel Mac OS X 10_15_7) AppleWebKit/537.36 (KHTML, like Gecko) Chrome/145.0.0.0 Safari/537.36 Edg/145.0.0.0','2026-02-25 00:02:19.239157',1),(914,'GET','/api/assessments/results/',200,174,'127.0.0.1','Mozilla/5.0 (Macintosh; Intel Mac OS X 10_15_7) AppleWebKit/537.36 (KHTML, like Gecko) Chrome/145.0.0.0 Safari/537.36 Edg/145.0.0.0','2026-02-25 00:02:19.250762',1),(915,'GET','/api/reports/college-risk-overview/',200,37,'127.0.0.1','Mozilla/5.0 (Macintosh; Intel Mac OS X 10_15_7) AppleWebKit/537.36 (KHTML, like Gecko) Chrome/145.0.0.0 Safari/537.36 Edg/145.0.0.0','2026-02-25 00:02:20.151768',1),(916,'GET','/api/colleges/',200,46,'127.0.0.1','Mozilla/5.0 (Macintosh; Intel Mac OS X 10_15_7) AppleWebKit/537.36 (KHTML, like Gecko) Chrome/145.0.0.0 Safari/537.36 Edg/145.0.0.0','2026-02-25 00:02:20.798076',1),(917,'GET','/api/classes/',200,37,'127.0.0.1','Mozilla/5.0 (Macintosh; Intel Mac OS X 10_15_7) AppleWebKit/537.36 (KHTML, like Gecko) Chrome/145.0.0.0 Safari/537.36 Edg/145.0.0.0','2026-02-25 00:02:20.801178',1),(918,'GET','/api/admin/assignments/',200,41,'127.0.0.1','Mozilla/5.0 (Macintosh; Intel Mac OS X 10_15_7) AppleWebKit/537.36 (KHTML, like Gecko) Chrome/145.0.0.0 Safari/537.36 Edg/145.0.0.0','2026-02-25 00:02:20.814032',1),(919,'GET','/api/majors/',200,63,'127.0.0.1','Mozilla/5.0 (Macintosh; Intel Mac OS X 10_15_7) AppleWebKit/537.36 (KHTML, like Gecko) Chrome/145.0.0.0 Safari/537.36 Edg/145.0.0.0','2026-02-25 00:02:20.816878',1),(920,'GET','/api/admin/class-assignments/',200,55,'127.0.0.1','Mozilla/5.0 (Macintosh; Intel Mac OS X 10_15_7) AppleWebKit/537.36 (KHTML, like Gecko) Chrome/145.0.0.0 Safari/537.36 Edg/145.0.0.0','2026-02-25 00:02:20.821613',1),(921,'GET','/api/admin/users/',200,73,'127.0.0.1','Mozilla/5.0 (Macintosh; Intel Mac OS X 10_15_7) AppleWebKit/537.36 (KHTML, like Gecko) Chrome/145.0.0.0 Safari/537.36 Edg/145.0.0.0','2026-02-25 00:02:20.822912',1),(922,'GET','/api/admin/audit-logs/',200,33,'127.0.0.1','Mozilla/5.0 (Macintosh; Intel Mac OS X 10_15_7) AppleWebKit/537.36 (KHTML, like Gecko) Chrome/145.0.0.0 Safari/537.36 Edg/145.0.0.0','2026-02-25 00:02:21.995351',1),(923,'GET','/api/classes/',200,30,'127.0.0.1','Mozilla/5.0 (Macintosh; Intel Mac OS X 10_15_7) AppleWebKit/537.36 (KHTML, like Gecko) Chrome/145.0.0.0 Safari/537.36 Edg/145.0.0.0','2026-02-25 00:02:22.728190',1),(924,'GET','/api/admin/class-assignments/',200,29,'127.0.0.1','Mozilla/5.0 (Macintosh; Intel Mac OS X 10_15_7) AppleWebKit/537.36 (KHTML, like Gecko) Chrome/145.0.0.0 Safari/537.36 Edg/145.0.0.0','2026-02-25 00:02:22.729415',1),(925,'GET','/api/majors/',200,33,'127.0.0.1','Mozilla/5.0 (Macintosh; Intel Mac OS X 10_15_7) AppleWebKit/537.36 (KHTML, like Gecko) Chrome/145.0.0.0 Safari/537.36 Edg/145.0.0.0','2026-02-25 00:02:22.739032',1),(926,'GET','/api/admin/users/',200,56,'127.0.0.1','Mozilla/5.0 (Macintosh; Intel Mac OS X 10_15_7) AppleWebKit/537.36 (KHTML, like Gecko) Chrome/145.0.0.0 Safari/537.36 Edg/145.0.0.0','2026-02-25 00:02:22.742370',1),(927,'GET','/api/admin/assignments/',200,42,'127.0.0.1','Mozilla/5.0 (Macintosh; Intel Mac OS X 10_15_7) AppleWebKit/537.36 (KHTML, like Gecko) Chrome/145.0.0.0 Safari/537.36 Edg/145.0.0.0','2026-02-25 00:02:22.745875',1),(928,'GET','/api/colleges/',200,60,'127.0.0.1','Mozilla/5.0 (Macintosh; Intel Mac OS X 10_15_7) AppleWebKit/537.36 (KHTML, like Gecko) Chrome/145.0.0.0 Safari/537.36 Edg/145.0.0.0','2026-02-25 00:02:22.748084',1),(929,'GET','/api/admin/audit-logs/',200,30,'127.0.0.1','Mozilla/5.0 (Macintosh; Intel Mac OS X 10_15_7) AppleWebKit/537.36 (KHTML, like Gecko) Chrome/145.0.0.0 Safari/537.36 Edg/145.0.0.0','2026-02-25 00:02:23.726714',1),(930,'GET','/api/health/',200,25,'127.0.0.1','Mozilla/5.0 (Macintosh; Intel Mac OS X 10_15_7) AppleWebKit/537.36 (KHTML, like Gecko) Chrome/145.0.0.0 Safari/537.36 Edg/145.0.0.0','2026-02-25 00:02:24.055344',1),(931,'GET','/api/colleges/',200,26,'127.0.0.1','Mozilla/5.0 (Macintosh; Intel Mac OS X 10_15_7) AppleWebKit/537.36 (KHTML, like Gecko) Chrome/145.0.0.0 Safari/537.36 Edg/145.0.0.0','2026-02-25 00:02:24.058703',1),(932,'GET','/api/surveys/templates/',200,25,'127.0.0.1','Mozilla/5.0 (Macintosh; Intel Mac OS X 10_15_7) AppleWebKit/537.36 (KHTML, like Gecko) Chrome/145.0.0.0 Safari/537.36 Edg/145.0.0.0','2026-02-25 00:02:24.059847',1),(933,'GET','/api/surveys/questionnaires/',200,43,'127.0.0.1','Mozilla/5.0 (Macintosh; Intel Mac OS X 10_15_7) AppleWebKit/537.36 (KHTML, like Gecko) Chrome/145.0.0.0 Safari/537.36 Edg/145.0.0.0','2026-02-25 00:02:24.079415',1),(934,'GET','/api/colleges/',200,29,'127.0.0.1','Mozilla/5.0 (Macintosh; Intel Mac OS X 10_15_7) AppleWebKit/537.36 (KHTML, like Gecko) Chrome/145.0.0.0 Safari/537.36 Edg/145.0.0.0','2026-02-25 00:02:24.417363',1),(935,'GET','/api/majors/',200,28,'127.0.0.1','Mozilla/5.0 (Macintosh; Intel Mac OS X 10_15_7) AppleWebKit/537.36 (KHTML, like Gecko) Chrome/145.0.0.0 Safari/537.36 Edg/145.0.0.0','2026-02-25 00:02:24.418403',1),(936,'GET','/api/classes/',200,30,'127.0.0.1','Mozilla/5.0 (Macintosh; Intel Mac OS X 10_15_7) AppleWebKit/537.36 (KHTML, like Gecko) Chrome/145.0.0.0 Safari/537.36 Edg/145.0.0.0','2026-02-25 00:02:24.421661',1),(937,'GET','/api/admin/class-assignments/',200,33,'127.0.0.1','Mozilla/5.0 (Macintosh; Intel Mac OS X 10_15_7) AppleWebKit/537.36 (KHTML, like Gecko) Chrome/145.0.0.0 Safari/537.36 Edg/145.0.0.0','2026-02-25 00:02:24.425716',1),(938,'GET','/api/admin/users/',200,44,'127.0.0.1','Mozilla/5.0 (Macintosh; Intel Mac OS X 10_15_7) AppleWebKit/537.36 (KHTML, like Gecko) Chrome/145.0.0.0 Safari/537.36 Edg/145.0.0.0','2026-02-25 00:02:24.430357',1),(939,'GET','/api/admin/assignments/',200,44,'127.0.0.1','Mozilla/5.0 (Macintosh; Intel Mac OS X 10_15_7) AppleWebKit/537.36 (KHTML, like Gecko) Chrome/145.0.0.0 Safari/537.36 Edg/145.0.0.0','2026-02-25 00:02:24.437800',1),(940,'GET','/api/colleges/',200,21,'127.0.0.1','Mozilla/5.0 (Macintosh; Intel Mac OS X 10_15_7) AppleWebKit/537.36 (KHTML, like Gecko) Chrome/145.0.0.0 Safari/537.36 Edg/145.0.0.0','2026-02-25 00:02:34.009659',1);
/*!40000 ALTER TABLE `audit_auditlog` ENABLE KEYS */;
UNLOCK TABLES;

--
-- Table structure for table `auth_group`
--

DROP TABLE IF EXISTS `auth_group`;
/*!40101 SET @saved_cs_client     = @@character_set_client */;
/*!50503 SET character_set_client = utf8mb4 */;
CREATE TABLE `auth_group` (
  `id` int NOT NULL AUTO_INCREMENT,
  `name` varchar(150) CHARACTER SET utf8mb4 COLLATE utf8mb4_unicode_ci NOT NULL,
  PRIMARY KEY (`id`),
  UNIQUE KEY `name` (`name`)
) ENGINE=InnoDB DEFAULT CHARSET=utf8mb4 COLLATE=utf8mb4_unicode_ci;
/*!40101 SET character_set_client = @saved_cs_client */;

--
-- Dumping data for table `auth_group`
--

LOCK TABLES `auth_group` WRITE;
/*!40000 ALTER TABLE `auth_group` DISABLE KEYS */;
/*!40000 ALTER TABLE `auth_group` ENABLE KEYS */;
UNLOCK TABLES;

--
-- Table structure for table `auth_group_permissions`
--

DROP TABLE IF EXISTS `auth_group_permissions`;
/*!40101 SET @saved_cs_client     = @@character_set_client */;
/*!50503 SET character_set_client = utf8mb4 */;
CREATE TABLE `auth_group_permissions` (
  `id` bigint NOT NULL AUTO_INCREMENT,
  `group_id` int NOT NULL,
  `permission_id` int NOT NULL,
  PRIMARY KEY (`id`),
  UNIQUE KEY `auth_group_permissions_group_id_permission_id_0cd325b0_uniq` (`group_id`,`permission_id`),
  KEY `auth_group_permissio_permission_id_84c5c92e_fk_auth_perm` (`permission_id`),
  CONSTRAINT `auth_group_permissio_permission_id_84c5c92e_fk_auth_perm` FOREIGN KEY (`permission_id`) REFERENCES `auth_permission` (`id`),
  CONSTRAINT `auth_group_permissions_group_id_b120cbf9_fk_auth_group_id` FOREIGN KEY (`group_id`) REFERENCES `auth_group` (`id`)
) ENGINE=InnoDB DEFAULT CHARSET=utf8mb4 COLLATE=utf8mb4_unicode_ci;
/*!40101 SET character_set_client = @saved_cs_client */;

--
-- Dumping data for table `auth_group_permissions`
--

LOCK TABLES `auth_group_permissions` WRITE;
/*!40000 ALTER TABLE `auth_group_permissions` DISABLE KEYS */;
/*!40000 ALTER TABLE `auth_group_permissions` ENABLE KEYS */;
UNLOCK TABLES;

--
-- Table structure for table `auth_permission`
--

DROP TABLE IF EXISTS `auth_permission`;
/*!40101 SET @saved_cs_client     = @@character_set_client */;
/*!50503 SET character_set_client = utf8mb4 */;
CREATE TABLE `auth_permission` (
  `id` int NOT NULL AUTO_INCREMENT,
  `name` varchar(255) CHARACTER SET utf8mb4 COLLATE utf8mb4_unicode_ci NOT NULL,
  `content_type_id` int NOT NULL,
  `codename` varchar(100) CHARACTER SET utf8mb4 COLLATE utf8mb4_unicode_ci NOT NULL,
  PRIMARY KEY (`id`),
  UNIQUE KEY `auth_permission_content_type_id_codename_01ab375a_uniq` (`content_type_id`,`codename`),
  CONSTRAINT `auth_permission_content_type_id_2f476e4b_fk_django_co` FOREIGN KEY (`content_type_id`) REFERENCES `django_content_type` (`id`)
) ENGINE=InnoDB AUTO_INCREMENT=97 DEFAULT CHARSET=utf8mb4 COLLATE=utf8mb4_unicode_ci;
/*!40101 SET character_set_client = @saved_cs_client */;

--
-- Dumping data for table `auth_permission`
--

LOCK TABLES `auth_permission` WRITE;
/*!40000 ALTER TABLE `auth_permission` DISABLE KEYS */;
INSERT INTO `auth_permission` VALUES (1,'Can add log entry',1,'add_logentry'),(2,'Can change log entry',1,'change_logentry'),(3,'Can delete log entry',1,'delete_logentry'),(4,'Can view log entry',1,'view_logentry'),(5,'Can add permission',2,'add_permission'),(6,'Can change permission',2,'change_permission'),(7,'Can delete permission',2,'delete_permission'),(8,'Can view permission',2,'view_permission'),(9,'Can add group',3,'add_group'),(10,'Can change group',3,'change_group'),(11,'Can delete group',3,'delete_group'),(12,'Can view group',3,'view_group'),(13,'Can add content type',4,'add_contenttype'),(14,'Can change content type',4,'change_contenttype'),(15,'Can delete content type',4,'delete_contenttype'),(16,'Can view content type',4,'view_contenttype'),(17,'Can add session',5,'add_session'),(18,'Can change session',5,'change_session'),(19,'Can delete session',5,'delete_session'),(20,'Can view session',5,'view_session'),(21,'Can add 学院',6,'add_college'),(22,'Can change 学院',6,'change_college'),(23,'Can delete 学院',6,'delete_college'),(24,'Can view 学院',6,'view_college'),(25,'Can add 用户',7,'add_user'),(26,'Can change 用户',7,'change_user'),(27,'Can delete 用户',7,'delete_user'),(28,'Can view 用户',7,'view_user'),(29,'Can add 咨询分配',8,'add_counselorstudent'),(30,'Can change 咨询分配',8,'change_counselorstudent'),(31,'Can delete 咨询分配',8,'delete_counselorstudent'),(32,'Can view 咨询分配',8,'view_counselorstudent'),(33,'Can add 知识分类',9,'add_knowledgecategory'),(34,'Can change 知识分类',9,'change_knowledgecategory'),(35,'Can delete 知识分类',9,'delete_knowledgecategory'),(36,'Can view 知识分类',9,'view_knowledgecategory'),(37,'Can add 知识文章',10,'add_knowledgearticle'),(38,'Can change 知识文章',10,'change_knowledgearticle'),(39,'Can delete 知识文章',10,'delete_knowledgearticle'),(40,'Can view 知识文章',10,'view_knowledgearticle'),(41,'Can add 知识收藏',11,'add_knowledgefavorite'),(42,'Can change 知识收藏',11,'change_knowledgefavorite'),(43,'Can delete 知识收藏',11,'delete_knowledgefavorite'),(44,'Can view 知识收藏',11,'view_knowledgefavorite'),(45,'Can add 问卷模板',12,'add_questionnairetemplate'),(46,'Can change 问卷模板',12,'change_questionnairetemplate'),(47,'Can delete 问卷模板',12,'delete_questionnairetemplate'),(48,'Can view 问卷模板',12,'view_questionnairetemplate'),(49,'Can add 问卷',13,'add_questionnaire'),(50,'Can change 问卷',13,'change_questionnaire'),(51,'Can delete 问卷',13,'delete_questionnaire'),(52,'Can view 问卷',13,'view_questionnaire'),(53,'Can add 问卷作答',14,'add_questionnaireresponse'),(54,'Can change 问卷作答',14,'change_questionnaireresponse'),(55,'Can delete 问卷作答',14,'delete_questionnaireresponse'),(56,'Can view 问卷作答',14,'view_questionnaireresponse'),(57,'Can add 评估结果',15,'add_assessmentresult'),(58,'Can change 评估结果',15,'change_assessmentresult'),(59,'Can delete 评估结果',15,'delete_assessmentresult'),(60,'Can view 评估结果',15,'view_assessmentresult'),(61,'Can add 风险预警',16,'add_riskalert'),(62,'Can change 风险预警',16,'change_riskalert'),(63,'Can delete 风险预警',16,'delete_riskalert'),(64,'Can view 风险预警',16,'view_riskalert'),(65,'Can add 干预建议',17,'add_interventionplan'),(66,'Can change 干预建议',17,'change_interventionplan'),(67,'Can delete 干预建议',17,'delete_interventionplan'),(68,'Can view 干预建议',17,'view_interventionplan'),(69,'Can add 会话',18,'add_conversation'),(70,'Can change 会话',18,'change_conversation'),(71,'Can delete 会话',18,'delete_conversation'),(72,'Can view 会话',18,'view_conversation'),(73,'Can add 消息',19,'add_message'),(74,'Can change 消息',19,'change_message'),(75,'Can delete 消息',19,'delete_message'),(76,'Can view 消息',19,'view_message'),(77,'Can add 审计日志',20,'add_auditlog'),(78,'Can change 审计日志',20,'change_auditlog'),(79,'Can delete 审计日志',20,'delete_auditlog'),(80,'Can view 审计日志',20,'view_auditlog'),(81,'Can add 专业',21,'add_major'),(82,'Can change 专业',21,'change_major'),(83,'Can delete 专业',21,'delete_major'),(84,'Can view 专业',21,'view_major'),(85,'Can add 班级',22,'add_classgroup'),(86,'Can change 班级',22,'change_classgroup'),(87,'Can delete 班级',22,'delete_classgroup'),(88,'Can view 班级',22,'view_classgroup'),(89,'Can add 班级咨询分配',23,'add_counselorclassassignment'),(90,'Can change 班级咨询分配',23,'change_counselorclassassignment'),(91,'Can delete 班级咨询分配',23,'delete_counselorclassassignment'),(92,'Can view 班级咨询分配',23,'view_counselorclassassignment'),(93,'Can add 复测任务',24,'add_questionnaireretesttask'),(94,'Can change 复测任务',24,'change_questionnaireretesttask'),(95,'Can delete 复测任务',24,'delete_questionnaireretesttask'),(96,'Can view 复测任务',24,'view_questionnaireretesttask');
/*!40000 ALTER TABLE `auth_permission` ENABLE KEYS */;
UNLOCK TABLES;

--
-- Table structure for table `chat_conversation`
--

DROP TABLE IF EXISTS `chat_conversation`;
/*!40101 SET @saved_cs_client     = @@character_set_client */;
/*!50503 SET character_set_client = utf8mb4 */;
CREATE TABLE `chat_conversation` (
  `id` bigint NOT NULL AUTO_INCREMENT,
  `kind` varchar(16) CHARACTER SET utf8mb4 COLLATE utf8mb4_unicode_ci NOT NULL,
  `created_at` datetime(6) NOT NULL,
  `updated_at` datetime(6) NOT NULL,
  `counselor_id` bigint DEFAULT NULL,
  `student_id` bigint NOT NULL,
  PRIMARY KEY (`id`),
  UNIQUE KEY `uniq_conversation_kind_pair` (`kind`,`student_id`,`counselor_id`),
  KEY `chat_conversation_counselor_id_4a0a2e9b_fk_accounts_user_id` (`counselor_id`),
  KEY `chat_conversation_student_id_3c1ec99e_fk_accounts_user_id` (`student_id`),
  CONSTRAINT `chat_conversation_counselor_id_4a0a2e9b_fk_accounts_user_id` FOREIGN KEY (`counselor_id`) REFERENCES `accounts_user` (`id`),
  CONSTRAINT `chat_conversation_student_id_3c1ec99e_fk_accounts_user_id` FOREIGN KEY (`student_id`) REFERENCES `accounts_user` (`id`)
) ENGINE=InnoDB AUTO_INCREMENT=58 DEFAULT CHARSET=utf8mb4 COLLATE=utf8mb4_unicode_ci;
/*!40101 SET character_set_client = @saved_cs_client */;

--
-- Dumping data for table `chat_conversation`
--

LOCK TABLES `chat_conversation` WRITE;
/*!40000 ALTER TABLE `chat_conversation` DISABLE KEYS */;
INSERT INTO `chat_conversation` VALUES (1,'human','2026-01-31 23:55:51.929863','2026-02-24 23:32:43.468182',3,4),(2,'ai','2026-01-31 23:56:05.210591','2026-02-24 23:56:24.537751',NULL,4),(3,'human','2026-02-06 11:12:41.967598','2026-02-06 11:12:42.008554',9,5),(4,'human','2026-02-06 11:12:42.010678','2026-02-06 11:12:42.017960',10,11),(5,'human','2026-02-06 11:12:42.020176','2026-02-06 11:12:42.027166',3,12),(6,'human','2026-02-06 11:12:42.029808','2026-02-06 11:12:42.037395',9,13),(7,'human','2026-02-06 11:12:42.039302','2026-02-06 11:12:42.046681',10,14),(8,'ai','2026-02-06 11:12:42.050291','2026-02-06 11:12:42.055594',NULL,5),(9,'ai','2026-02-06 11:12:42.057852','2026-02-06 11:12:42.063174',NULL,11),(10,'ai','2026-02-06 11:12:42.065171','2026-02-06 11:12:42.070142',NULL,12),(11,'human','2026-02-06 11:12:42.072179','2026-02-06 11:12:42.078710',32,34),(12,'human','2026-02-06 11:12:42.081734','2026-02-06 11:12:42.089209',33,35),(13,'human','2026-02-06 11:12:42.091278','2026-02-06 11:12:42.099102',32,36),(14,'human','2026-02-06 11:12:42.101334','2026-02-06 11:12:42.108728',33,37),(15,'human','2026-02-06 11:12:42.110716','2026-02-06 11:12:42.118986',32,38),(16,'human','2026-02-06 11:12:42.121696','2026-02-06 11:12:42.131460',33,39),(17,'ai','2026-02-06 11:12:42.134477','2026-02-06 11:12:42.141254',NULL,34),(18,'ai','2026-02-06 11:12:42.144578','2026-02-06 11:12:42.150413',NULL,35),(19,'ai','2026-02-06 11:12:42.154299','2026-02-06 11:12:42.160876',NULL,36),(20,'ai','2026-02-06 11:12:42.164114','2026-02-06 11:12:42.170516',NULL,37),(21,'human','2026-02-06 11:12:42.173850','2026-02-06 11:12:42.183318',55,57),(22,'human','2026-02-06 11:12:42.186409','2026-02-06 11:12:42.196301',56,58),(23,'human','2026-02-06 11:12:42.199829','2026-02-06 11:12:42.209761',55,59),(24,'human','2026-02-06 11:12:42.212452','2026-02-06 11:12:42.221843',56,60),(25,'human','2026-02-06 11:12:42.225514','2026-02-06 11:12:42.236194',55,61),(26,'human','2026-02-06 11:12:42.241303','2026-02-06 11:12:42.255174',56,62),(27,'ai','2026-02-06 11:12:42.259207','2026-02-06 11:12:42.269202',NULL,57),(28,'ai','2026-02-06 11:12:42.272712','2026-02-06 11:12:42.278779',NULL,58),(29,'ai','2026-02-06 11:12:42.281829','2026-02-06 11:12:42.287630',NULL,59),(30,'ai','2026-02-06 11:12:42.290746','2026-02-06 11:12:42.298491',NULL,60),(31,'human','2026-02-06 11:12:42.301593','2026-02-06 11:12:42.311341',78,80),(32,'human','2026-02-06 11:12:42.314926','2026-02-06 11:12:42.324302',79,81),(33,'human','2026-02-06 11:12:42.328017','2026-02-06 11:12:42.338995',78,82),(34,'human','2026-02-06 11:12:42.341761','2026-02-06 11:12:42.352823',79,83),(35,'human','2026-02-06 11:12:42.355724','2026-02-06 11:12:42.366806',78,84),(36,'human','2026-02-06 11:12:42.369556','2026-02-06 11:12:42.380352',79,85),(37,'ai','2026-02-06 11:12:42.383643','2026-02-06 11:12:42.392402',NULL,80),(38,'ai','2026-02-06 11:12:42.395949','2026-02-06 11:12:42.402300',NULL,81),(39,'ai','2026-02-06 11:12:42.405993','2026-02-06 11:12:42.412494',NULL,82),(40,'ai','2026-02-06 11:12:42.415597','2026-02-06 11:12:42.421667',NULL,83),(41,'human','2026-02-06 11:14:47.121909','2026-02-06 11:14:47.156799',100,12),(42,'human','2026-02-06 11:14:47.158825','2026-02-06 11:14:47.166913',3,13),(43,'human','2026-02-06 11:14:47.168848','2026-02-06 11:14:47.176893',9,14),(44,'human','2026-02-06 11:14:47.185185','2026-02-06 11:14:47.192611',111,36),(45,'human','2026-02-06 11:14:47.194980','2026-02-06 11:14:47.202527',32,37),(46,'human','2026-02-06 11:14:47.204570','2026-02-06 11:14:47.213016',33,38),(47,'human','2026-02-06 11:14:47.215719','2026-02-06 11:14:47.225681',111,39),(48,'human','2026-02-06 11:14:47.235366','2026-02-06 11:14:47.244886',122,59),(49,'human','2026-02-06 11:14:47.247936','2026-02-06 11:14:47.263051',55,60),(50,'human','2026-02-06 11:14:47.265986','2026-02-06 11:14:47.274054',56,61),(51,'human','2026-02-06 11:14:47.278103','2026-02-06 11:14:47.288945',122,62),(52,'human','2026-02-06 11:14:47.302646','2026-02-06 11:14:47.311518',133,82),(53,'human','2026-02-06 11:14:47.313891','2026-02-06 11:14:47.324518',78,83),(54,'human','2026-02-06 11:14:47.329179','2026-02-06 11:14:47.339000',79,84),(55,'human','2026-02-06 11:14:47.342104','2026-02-06 11:14:47.352454',133,85),(56,'human','2026-02-24 21:38:01.678774','2026-02-24 21:38:08.548887',3,147),(57,'ai','2026-02-24 21:38:01.908045','2026-02-24 21:38:08.533642',NULL,147);
/*!40000 ALTER TABLE `chat_conversation` ENABLE KEYS */;
UNLOCK TABLES;

--
-- Table structure for table `chat_message`
--

DROP TABLE IF EXISTS `chat_message`;
/*!40101 SET @saved_cs_client     = @@character_set_client */;
/*!50503 SET character_set_client = utf8mb4 */;
CREATE TABLE `chat_message` (
  `id` bigint NOT NULL AUTO_INCREMENT,
  `sender_kind` varchar(16) CHARACTER SET utf8mb4 COLLATE utf8mb4_unicode_ci NOT NULL,
  `content_ciphertext` longtext CHARACTER SET utf8mb4 COLLATE utf8mb4_unicode_ci NOT NULL,
  `created_at` datetime(6) NOT NULL,
  `read_at` datetime(6) DEFAULT NULL,
  `conversation_id` bigint NOT NULL,
  `sender_id` bigint DEFAULT NULL,
  PRIMARY KEY (`id`),
  KEY `chat_message_conversation_id_a1207bf4_fk_chat_conversation_id` (`conversation_id`),
  KEY `chat_message_sender_id_991c686c_fk_accounts_user_id` (`sender_id`),
  CONSTRAINT `chat_message_conversation_id_a1207bf4_fk_chat_conversation_id` FOREIGN KEY (`conversation_id`) REFERENCES `chat_conversation` (`id`),
  CONSTRAINT `chat_message_sender_id_991c686c_fk_accounts_user_id` FOREIGN KEY (`sender_id`) REFERENCES `accounts_user` (`id`)
) ENGINE=InnoDB AUTO_INCREMENT=171 DEFAULT CHARSET=utf8mb4 COLLATE=utf8mb4_unicode_ci;
/*!40101 SET character_set_client = @saved_cs_client */;

--
-- Dumping data for table `chat_message`
--

LOCK TABLES `chat_message` WRITE;
/*!40000 ALTER TABLE `chat_message` DISABLE KEYS */;
INSERT INTO `chat_message` VALUES (1,'user','gAAAAABpfpaIvRZ-j8W8il15BC7tTZEIHgrN8aG4qc2Amrrvee5esdreHgj03oQ9bMesw1eiN5U5uvvolO6wNXeS7UeQJX613-72S3lBvASIG4pJ3u6-euMGQkfjVxdD3-D3_Ospj5ZPAMfD9gGwVjR_rLmSom32CrHo5IflBrF2wSvn-3QoMMo=','2026-01-31 23:55:52.211321','2026-02-05 21:42:40.272225',1,3),(2,'user','gAAAAABpfpaVeBZ5cNMe6WHyAZ4r3lo8LsKCD6tD55RA5m1WC7RrfV1Fs7MZhYAXF-Yx4WiQs5Zy5EuShsZMyx8diSJ6MIXFkF-ppmwFBuddDhfZdCsRJo9vb0X_CNJEfe_qvwaFZwj4','2026-01-31 23:56:05.219768',NULL,2,4),(3,'ai','gAAAAABpfpaVYuuvdJxKxbetO22-63IPSzxrZvPRuPb6znCp1i2CaYVD5j2lAwNCVdZCpv1lxrjNIpXCiEhgRzH2F-bW8GW5hLTWtCIT9f3lU86uY-it0YAuWGANHpvhFv7EwuMjU6KfZs57aW5tFmpkjpHmaKwx2A9gj3_byqVE4NzRzv-7FHkVYdlyebhmgvVa8EM4snoz0xlvHPCln9SUq01mEKzmB8HlytPoDITNbuh5aCGy02YrP_SQAoDaSKKt8U1Ktnoaa4-aSmtsgoddxpf_hIVpYA_HkyeuHRPrN_0_rOgLD6RsP7Dr8MobQkWHYpCsnkAmAFhAzaZqPwYJip0ZOIG1LKc1rspE9jXpYfrQGdlouHOHWdPnb3HSDuRoZaNSt1xQ5AYlNsPZ1iK2-GRnXDfQiu2rN2LuBvF59FO7LQQ33c3MDjvCSUwBjh-XhmM7bX7g','2026-01-31 23:56:05.223899',NULL,2,NULL),(4,'user','gAAAAABpfpaVMoMAH8jhRQaO684CC7PRhzEtySEH4M5jAADBbi9-Msa9ijxTv7ppZJJ184KR6x7T9tRP673LZrnzRj-PQNfc6Q==','2026-01-31 23:56:05.281346',NULL,2,4),(5,'ai','gAAAAABpfpaVgPKGBop0DXJD-urK2mP9xSlomalADUbB7cVkmc5XKZIAvU8THYeE1Q9daLHIuQLDLwt2gRZ0iijE47t23SBcIl7nvmVVyp8o_APA3dQYZTF3-8npdwjmFgI2x9ieGDSjl6OOxegIgtcUn8KtHJkF77DJIsrBJc7Nb3pQcdMba3i33KRtLdR_U1iASjjPoYePf7vc2iU84v-EMdjtdlvQFMtAqqT9Xd5m3MRX0t417jxmrR9MUhCTTl9fwz1gbsf8InTVC9QoY5n88zhTsC8L7D-orAxQamSClMteM08ldSVLLWbpaBGuQayg1q-7CnZkzj5pNRj-ARdUMfgbWdwrMYegGK3e7JxltNOMoieky_lvs3CLanwi2NVPWzkiKwGvCxwmQk899BeYwL1geBexOTaIpdpiKFSCygmR82uL1vXvEoDFTW30L4o6HwfeBRsM','2026-01-31 23:56:05.284781',NULL,2,NULL),(6,'user','gAAAAABphcypJxUpReSMnif_THASelTqe7bWK4Fvw3MgwOPmTc25h2Dyzw-4aOV_al1pzwQwB-zN9v2y5hcen2eoPuivmeLuweipkLKb856CFJxvgy-8smDalf2GK8pm4JVdcMaI1FNU','2026-02-06 11:12:42.002755','2026-02-06 11:12:41.962381',3,5),(7,'user','gAAAAABphcyq9_jZpj1aBpaupiagPnWoB-LQh_uXBF1wwPTkfn57ZCCont0b7LcFb4evaQDcIyNp9GMovwgrB-gSBIc8nBehE8z1Wmi3JVnlX8qY1cekNEXESLemy5bpwafAu6MB1VmHrRZ9C3y1EcvHFMa7OWFabw==','2026-02-06 11:12:42.004643','2026-02-06 11:12:41.962381',3,9),(8,'user','gAAAAABphcyqdtgr66W_6RIdTSSbSpF55mdspAI_DUWgZt4hQu3gURr_wsMIZFghViyNB_9mgZaReeWnDXWuam6tyRfiBf0Nqbru3mg6-p6lrInrcRzOm06UgSiHj10KAWSL8NgVlBL4','2026-02-06 11:12:42.013337','2026-02-06 11:12:41.962381',4,11),(9,'user','gAAAAABphcyqtnrd_UjEIqeTT5_TpNw6pcsqxKxu3Mngx2J28kT98qdihzgS6SLlkxP7VKRVC4ObACjOYtYTwP90B-Ey5wYxCYgKJel4cPFaOtaDARXLDDOskW067APWYqla5zMIq9gjP7BiaYHKaN2jc4xqTvssQw==','2026-02-06 11:12:42.014223','2026-02-06 11:12:41.962381',4,10),(10,'user','gAAAAABphcyqLPiqJLkQC0h3Jh2VAaziu2YaM8GZVcxSvB2jUL8tqMkPmQ47oONqYJQUOzRV1tGSLqWv_QhqfJt5FZnuJO9xz6_flULKinSzW2LZ_3FhTo7oE3q4YBmG2mAziD7mC648','2026-02-06 11:12:42.022333','2026-02-06 11:12:41.962381',5,12),(11,'user','gAAAAABphcyq-jBMbXtg7XLXqcbO6fobof6zKGeBkILFif-srpUHGWcvdFF1B5ED8zP-z-XXTmdkitL--yu_kddaK3xD4Ns3L164tY1CHkpSBc0Q0HhK2UXixlPZpFnWAe3lwPnyoetzrAWeuSr5tcrSinHQTHRecw==','2026-02-06 11:12:42.023294','2026-02-06 11:12:41.962381',5,3),(12,'user','gAAAAABphcyqk0clsOssFagWZleRF8k5MRIfrY4ndfkoNX4tMxOxpKCJc2XmW90WkW4nVgRq5ccQ5z6z6VJ5eJrqG_eA3vccrX0VwuNjSZudEWwyoUUUKriaQTf164FJVBjY-H2wleVN','2026-02-06 11:12:42.032218','2026-02-06 11:12:41.962381',6,13),(13,'user','gAAAAABphcyqS_qEq4bho606AUZ0iKIoGMkNOp8ccrmhBpwo3-nxQyH49Bcj7w1JvQoPHdkEHu8XZsyLrqJjS4r0NecMJdklqCq8oI3lh7rsVvPRG-OiTuc0nribHNo5OmNr90QFqLtngvR-3xYPm_W-B701Bq-hSw==','2026-02-06 11:12:42.033221','2026-02-06 11:12:41.962381',6,9),(14,'user','gAAAAABphcyqhkUaR3EQt7rZ_J0yhFtxRmsSrujCI7DJf9wzZQVZtjMRivfpVPllmIhquNdJfgST-Xt7Pk0rN4Nun_HzK1cTOPnr5XYGv7jXuSo6_HV_FVeRGvIFOPdH76nQn8UOkG1m','2026-02-06 11:12:42.041589','2026-02-06 11:12:41.962381',7,14),(15,'user','gAAAAABphcyqvLnC_JW5xHMl80RY2kdNDIid12naKodITvYfOJIeM-40x7PG7F5QAmY1i-EKl-Nr5gb9xHPLxWSv1YgiXV1IThk5nIIY1g1IkLXJN5bX5REFjVPGmReH_9tTzjwPt2rJE56OXzB4wFjRICsnKTCj2A==','2026-02-06 11:12:42.042742','2026-02-06 11:12:41.962381',7,10),(16,'user','gAAAAABphcyqqOWOmlhEIrBfCH36BMgUv2oR6CJ-yU2GrQtpnLOBphwQyejBFK-55sUIq-vULzSm56qztf5pUCSufgHMETkNxec1kytbcaMyqRb51ru1aswq1eHd2MQAIkh0Rcq0ESZl','2026-02-06 11:12:42.053381',NULL,8,5),(17,'ai','gAAAAABphcyqnrw0wchjxUEeg86NNIwWfBiTdTZgZw9wrOyo5LgJRaw6_zzPj5iZJ0urr7j-l_O8RN_p3NcD1KSP5xQcTioqQr83Wc4gHjgG1bLBvCCMINd83PYqoCkbDOUq-yL3iGkhVVf8JmYobsBk_RhAYneYAMYPZDpNT8a54Kqz5ATBa2o=','2026-02-06 11:12:42.054323',NULL,8,NULL),(18,'user','gAAAAABphcyqA8EoiWVPkPkTLE6Eir8XHFrUT2NJy9mTfWK-n93l_LOTKh3MtBEOj24G5tuCInvKMJcM1LMJc9fJbp5ME_JujjIte2dDEWkPCORO9Uz_oFMV189qxL_Fk0iNGpZy_vX0','2026-02-06 11:12:42.060075',NULL,9,11),(19,'ai','gAAAAABphcyq83GDuNVQEPnGiTowGrWU3LUubZ2MHW5ZfdzTqfwYwhhMHXPnPRWvxqnUyRL95CSmAFDL43sT8gvMqrpEo-ySPVEoAWqdBzU7SzznDgrNZOKgC424hj9gwHIlrSVMBUUzR2aZF48CdFzj6pyweayT0RVsl1-eF0j7qT3PN4IzHxo=','2026-02-06 11:12:42.061066',NULL,9,NULL),(20,'user','gAAAAABphcyqVDAHJl5cZkOb6F_lehUAyDN-07YpUaFwXRz3dZXUTwdW1UYVy46kbaBNx5acwV-JYoCwGqxvdXVE1_xfYNGA3bVVf3LmkFO30UosxYQW-rRKWM35xb1zYrf8oIy4gkQM','2026-02-06 11:12:42.067385',NULL,10,12),(21,'ai','gAAAAABphcyqsfsleRLWkFpqYkGncysjFm6TCCP8wr_VgHr02681u6ozL6C5vvWZjSdsCDSkQxoChjwMOVUBonr-NoGpDmqAeAc5p7TkxrgFfmwgXQC4hJsov7NQXIzmv6Xfz0BZY7vhS_TWmghGDo4x9uEgGh5eC-UD8GNyt6EBGPAAe1js8iI=','2026-02-06 11:12:42.068397',NULL,10,NULL),(22,'user','gAAAAABphcyqBgK9lGxf5JyGBiCZjQQIuVlyywU7dL8I2ewJyUmxNW7bs6r3AES1CJ-i2kKwSLTMeFdgDuQ3Z0YI6n847_0f9hT4vb_0mxEuF9MNHcfl2qyS2dJw7ZUcQKnkkP4PNS7X','2026-02-06 11:12:42.074215','2026-02-06 11:12:41.962381',11,34),(23,'user','gAAAAABphcyqwIV02fmUJL_sfp0ubLlPAFT0AGWp_CssEcHRbwkjN-LGiMT1fQF-Nnem6EM58VAgXDbTE8oJELegiTOdmbhDACWnLGErMcMAOvo8Qqjs800-9VR5ftaZ1C83R3my9wY5rAVeuA24-lsvaSAATxw4vw==','2026-02-06 11:12:42.075216','2026-02-06 11:12:41.962381',11,32),(24,'user','gAAAAABphcyqn2XgOEGPV5VlYs6J0uagu6iZ1GDyhrc5FUGfBcHahyaQuw4m7ht34ofDPZhPfEiY1x3sqD20DTdEwiEgIH4UPwJMCXGSrHmuTVqHRBUqeDv-xDOBUBZxTrIEkRS6gEuv','2026-02-06 11:12:42.084441','2026-02-06 11:12:41.962381',12,35),(25,'user','gAAAAABphcyqj87t1XEu1xlioeviiM1e1zgcnsa7RB4ug5UxQYUUsvP176xFRbKeh53g99Es3lC6QNS7EGJ-8Ry5gnHdzBz7ZaJkZBiHhc7uqTM0A4m1Q3iBTXVBNYOQ5g7ZZqZaweivq3FgPjXAeIng6AFPtyfqMQ==','2026-02-06 11:12:42.085482','2026-02-06 11:12:41.962381',12,33),(26,'user','gAAAAABphcyqUvJuhYs9CbXK-XZ2wTao3GUCpgqDZvMcwWU-sBJtU-0AV5yT8Mu-zVYPBjzLQ5TzkZkn3Mb1_hS4Qfu3rBkpnOXUHziX7EsESHKJ4NqvtdPpPGImXjuyzaoCSGIp5Jpp','2026-02-06 11:12:42.093481','2026-02-06 11:12:41.962381',13,36),(27,'user','gAAAAABphcyq2zdiu1GTrcWCwO7F5_fZTdScTdh9EtcBS6dwGhuStd361_E3NhZ6nIlv4T_tn_tOBLp6FgloyYIrpH3myppHLk4NRssjA_61xarHNT4Ri5_V64SmLkr1WhvDNbMvB06321Y8UOTb2MmlHR7_e6AkBQ==','2026-02-06 11:12:42.094823','2026-02-06 11:12:41.962381',13,32),(28,'user','gAAAAABphcyqG4WGa-CG-38WOeHNw5mC6Sn4ZVFvv-9p_UHcslpk3iZUZmKow_KnIGTxe6Q1enBfvbB2uhuBi7MYZ6wWeIx4KFSwT3P3P6YYzln0iiWMgNm_cJkOyiiBtqmPA1r5yQQ8','2026-02-06 11:12:42.103686','2026-02-06 11:12:41.962381',14,37),(29,'user','gAAAAABphcyq5rjKpuENmsT27M7Qd4bNoWGq6qAKbqQDPy06nLJ7RD50nKvrPChKVY8-RilHrjMmu4_u6cdJYREGQ1xPF4N0J77OFvxxQ_IomQsMr3i_W-MulRASQUnP-1iDbi2lFXczv79cWz4_KOSrfylUYZFrHQ==','2026-02-06 11:12:42.105000','2026-02-06 11:12:41.962381',14,33),(30,'user','gAAAAABphcyq9heknMozUsf1kpKnMTvD5BsjuCwbDBX1aLnw1Y2rg8o1C6fENTs_6QEuFewXwvijrHj_RFZUotVYrZTeGESONSqGafqa18pHIVleyZovxffn74ayhJJq5XLLAh70qJq4','2026-02-06 11:12:42.112975','2026-02-06 11:12:41.962381',15,38),(31,'user','gAAAAABphcyqDEf6jvg8fFv0kpJzqumnoKuJWi8i0t0OgAz-kNrqILaBbL4UhSAKbKa0Su4O04peGNmwkylCmkihWFaZFWY5PMZP_uPhzAuO-aGVLNFsqV5dzS3VJj8YY3VHj3WNJHFampbeJETWB2_bETgkKd4KgA==','2026-02-06 11:12:42.114363','2026-02-06 11:12:41.962381',15,32),(32,'user','gAAAAABphcyquhTHLVqUDn8-GG1anJlv4a9MwmYV7kLKo106cSEHzdvT2uTsanLykXxOQxQAW7BXzOGQN6xNhFT1fcCBDl0TmkOdvoqiFvf8-bnzF_ntHvV7AxqQtYadfsSbu9dLpvt8','2026-02-06 11:12:42.125127','2026-02-06 11:12:41.962381',16,39),(33,'user','gAAAAABphcyqomHA7r3ZHZ5pviowFJg2OrgNxpXTdjMNsOv7n8bmPTDagVw0N_g2JS2f3p8a23PLjKXaXx0giSmFN6-udJh0kcGJwySVQbNNonCbbqNYBoD0F7kG4GFO3DfRJTCmyZN0km870VmUVdg2nhrYiMN1XQ==','2026-02-06 11:12:42.126968','2026-02-06 11:12:41.962381',16,33),(34,'user','gAAAAABphcyqrz5oGQlPi_Dq6AH8gS1PsgVadtl0fjFJXjWRNMxI5a8CvV1epbBtkZY74ZJIEROoxcFWpamPBsqZglWpzmeueJfLSNwinAMT8_eCvpeJYazYNfltDeNw5NgOAyVpjrJh','2026-02-06 11:12:42.138023',NULL,17,34),(35,'ai','gAAAAABphcyqxekVagmIWYkwwQDPTUjRSQMA1JDBOQ4ecKmMHAdI0WsKPaM4I1SD8TB6h9pfOZJMZqMtvulWyqCgaCsiXX0DCNoLgKCMBgSqs5z_ZRuNeYn2-cb1Jp7yqFuFSqOo2--7lnIkktRMJCzhuiGbmARBRByPLqm3t8dGG7pzbRuXbK4=','2026-02-06 11:12:42.139736',NULL,17,NULL),(36,'user','gAAAAABphcyqwCOTzr2So3bUloJAk2QSJBCL39eZzKog6StVHQ9ROmkVg3XJi8wqIko5IJr1cVwfB2KrBDCI5EMgcyv3ESHWH1GSVottOtX-ugaUbZAjV5MOhlKkHt55ch64JHGmJzKX','2026-02-06 11:12:42.147652',NULL,18,35),(37,'ai','gAAAAABphcyqZYMtAPGU6-ddCaVknfks9zmAruoC26T8OPkXwurnGjmeBR7XH2QJfgqOPfrCvfx_cYN3N1K7NAqmj6jeZCjOjuM60ZUsX8NEUMIXDhz7effQKSjB4cQ3itLXoQuL9309O-ni28K7vcYSgGFO26EQOvxOV-gxjaCClLnqjaLA4-g=','2026-02-06 11:12:42.149220',NULL,18,NULL),(38,'user','gAAAAABphcyqPszszJLJ4SEQ0DLBjgoNjGgb3s0Jf_3HIb4SFVGLjP8kDP11X5rtltOQKt676c2rLS00dz7czFbdd9dkTxbC3h9gynNf9UywIZPehir6sTcxKJyFrHRZ7672ZtLmonp2','2026-02-06 11:12:42.158086',NULL,19,36),(39,'ai','gAAAAABphcyqdk64pGsA0kCyT69zqWyO70RI8LK7nr_MXZnJCSRIsc2qo2r2_wV5uM5dS8n-FIYfpKEVW87KpLUI0S4Ac4aHdXbVJ1jlIVhBZL4DQ_ZgL8CO2zzaRB1-veqQ_1bWYIcx81pyDFglrqMuKxhti50BVNgxqTpiQNYCAfyjJeUHrb8=','2026-02-06 11:12:42.159992',NULL,19,NULL),(40,'user','gAAAAABphcyqdFU0re99R45-YBUixqA03aHwmXjLN2kW9P_iKrUUD8FKRchvMpiw7spxErmm5Qr0Hs0FiiiAIfBLNYzaE662u-i_L8_974V7__J0KYZcbAXWyCXrs-EgBfbsOAWeZvvF','2026-02-06 11:12:42.167147',NULL,20,37),(41,'ai','gAAAAABphcyqz71gA35kwrxT9SDhmXPGdV0o20Rj8lcCXMmtKb0Q5SIJIDI7QOqx3dlip3jcKEQ0XT5MbEMXoJLDZ5nj_DhgNtpK4C4PWKcuiYpDYXZrCZ-i_LJrIOa6iQGeSGuC9swm_DSDwr3IWx1t_rFby6x91gw6U1rIeGTH_wU1HLP_9c8=','2026-02-06 11:12:42.168635',NULL,20,NULL),(42,'user','gAAAAABphcyqH9Y1uV7Bd9Gx5Sj0N5mfXkI0H0Sora5_eEN3QSsFgd9dY1soGv35Roof55rctO2dUEig34XF-1Jrnia66cZr5V73p60vbTT1pYWfovo0IBsl9o0aLB7RmmzKla8U0gAu','2026-02-06 11:12:42.177098','2026-02-06 11:12:41.962381',21,57),(43,'user','gAAAAABphcyq3Yjx3OvN_juBWbs_W69_5zc53ICWr7aHNmQzLJXiM3JGTNnWbfAAjYBlYVpZcuNzYUZTqyTrMvLx-49NRERLCff27s85bRyx7yiPLUCxHp_pPRF9WfSIertMGqgAblFS6YuvNM40L2Uu_hRSidH0ug==','2026-02-06 11:12:42.178845','2026-02-06 11:12:41.962381',21,55),(44,'user','gAAAAABphcyq9GXxJSKjAqoybsJgH7sjlVPOH_vr2wdn7IQDiCh8nGfVqVFvgDju3ckKPu-AVH5DwiJBWzXl6LnBP-QBELDhXJTahhbL6PwmfdlDc3lPKOii26hUMtjPfRuzBUIP3r80','2026-02-06 11:12:42.190250','2026-02-06 11:12:41.962381',22,58),(45,'user','gAAAAABphcyqgNnsWMZqm9RvOr2nX_uU6Soo8MjCMq9QOC_BqT13_QYpV8im0hJ46a8QNIgn1oa1VRwcmtWbfKPBcOTSvhccnHkarTjCBmjvvdTol0GF1U4J8-siwPWjSX69BGGARQQUl7bp8shT2iD8tCbwGT_WPw==','2026-02-06 11:12:42.191696','2026-02-06 11:12:41.962381',22,56),(46,'user','gAAAAABphcyqvVgJ9qm2Lk7HviJWSZis1RSze1QUyj2YsAqs7vvogY6GFRkyiJuu55SZmPhbOryh4SaRhvJVs4Yh5THSi9pFLu9MzWWZrbWzujqcaJwACLQmmu4GUt9RIIekMFkApmEP','2026-02-06 11:12:42.203535','2026-02-06 11:12:41.962381',23,59),(47,'user','gAAAAABphcyq2UOcXlumTUT3geKTAfayuCGxHeRZ9BnsY8dcOM0sWsFrMXLdAPWLgzKvCprxOAqvADLy2QBY9DvWuWGjTclZOLPbPp9c4R_Z9Tz3Cz_EVPlqTv2WRyqX1__wibcR1qeee7qI7gLhJsM5oJMAfXPMIg==','2026-02-06 11:12:42.205155','2026-02-06 11:12:41.962381',23,55),(48,'user','gAAAAABphcyqta5z3jNTmL59ET_QniTayAD6sWzM1Ddaprv9KY8CGLDcjZxEmVX07gGY8xyZkjljRqmMHQy7XzCkbW-CAQhEy-cKBnbPUe3FuKi9WSN9vTVF2FStukFGjaeB2MC8eBqT','2026-02-06 11:12:42.215685','2026-02-06 11:12:41.962381',24,60),(49,'user','gAAAAABphcyqYLturj_9LVBhWZEAhcNVXkGJFYewzBWrUvrqSk1Jmo8knsc8fLatpZtYX62Rz7HKgvPoMwVhb2JKdTq7htZpUZDXXxCY4ZQsUIRrrcYrjmAoKGYpQbjHEoHDsWPIxcqM_dcBuu-lwuUrEB021RUuBg==','2026-02-06 11:12:42.217186','2026-02-06 11:12:41.962381',24,56),(50,'user','gAAAAABphcyq1Fw27aGXsWtLjjFfgU3JiU3qheUH-f59Olid1kK_-syeJFNXauDbcvcsS8vOjmwnoPolMLNk0U29_UZywvVE5B4CuMs2LKSOca7RqnuF300oR1KEnh7gFFRBP1Wmn5a5','2026-02-06 11:12:42.229904','2026-02-06 11:12:41.962381',25,61),(51,'user','gAAAAABphcyqa2uxcuiIwM-M_OhT_EgttrFRBXBoVVvTtnyCqngale8JNxWWbMZ9BUKljZkahvPcUcN9Zcmw1A_J_D8FfH9TM7JTxXUuwWoTMInLQDGwSW-kajKW_kVxwqC1oFDuH1D0_AwFx3cdFRFZdm5SR7OyRA==','2026-02-06 11:12:42.232120','2026-02-06 11:12:41.962381',25,55),(52,'user','gAAAAABphcyqEZcyVXa6g4LoNZ4QO8xbv2i4UvbBc-V9rVfulfGbIwzoMzYUdOdY92bxn7GvQOm48Ael455ydVCCsp1E0xZNN4uQiCeys3_ts3YvBuu6PsiNbKjkF6_TytqsMMYIr1O9','2026-02-06 11:12:42.247531','2026-02-06 11:12:41.962381',26,62),(53,'user','gAAAAABphcyqO1wY78MYfT2rwIYXo-_clxESWQ8A35vPLBnPCpzDmzD5fmLEy4daFQ_RExg40TZLTKvBTc_Vs_-OSKpQFM6eakrdgX_Q2phbepPGAy7ipLly3-cFPGOAlItDFUfiAySgMFPdHB1oqhllSKeM7i4nWA==','2026-02-06 11:12:42.249931','2026-02-06 11:12:41.962381',26,56),(54,'user','gAAAAABphcyq_LOwk9PUp90WfI6LuUMVBgakNabh0KyM_2BtDuOM6Nbo7v5duR_XHUvjP4hSkPG9whdCkLAjgTOIGYqsz9w2VIbgRCRfBPL2hUiywRtGxbNpNM5urVyapD8n7wXR7Y5x','2026-02-06 11:12:42.264774',NULL,27,57),(55,'ai','gAAAAABphcyqRrf3Cj265nssCqzzSLyDUDmvglhb1MOEWwo_fmDMGS04PBy-OcC1AaX_VPrtCxZVPrkNYMidDEIuM_P32ayJ1ZQbsbXaaJgCDhOabpLw-AJIqN9kOwONc27ngSf8Pl_so67LdPmqhxkIUHyjK8FPxPWZiT6ZzAviAv_9xFffkTg=','2026-02-06 11:12:42.267784',NULL,27,NULL),(56,'user','gAAAAABphcyq4j7iyhhOkVecDgLzkLOHwSP34jcJGvLR4rqXuVQLn-klWxEjS25PzlEKo17usjsmUrTnmBQUgK1yiU5ySX7548rkBz02VQH3etRPumJfVMlvn8Q79ZGOLaquDVChU4tE','2026-02-06 11:12:42.275786',NULL,28,58),(57,'ai','gAAAAABphcyqUBgLvIwgH519TqxPSKtNoiw_UFaAsK7TcUElEuU-Sr7QvpP3m9--uC2TKLAmH3_tX4nyfhZ65XEDK9NRKPyPBy9IPWJ15ODM364WaKMoTnimjYq8akBQcsDLOcKzMcRdKZZyuEEuzSMVL-kYW_hyflSdCdPz19OdEPC81YTbVIw=','2026-02-06 11:12:42.277371',NULL,28,NULL),(58,'user','gAAAAABphcyqSBiMYIeOzDKhkTanm-bFmhxqOKcM2NtIVoqoyRea4WfbVZ0vOlLTkgHCyXC7LvmEKS_YpNDNWrGlHklRRfmBQMFV1WzPbO3Dv3cR9bB64oz_5FH2DisOQxcdVA_8mZCR','2026-02-06 11:12:42.284848',NULL,29,59),(59,'ai','gAAAAABphcyqOXbD0vaMaj5Tb5pXG2Isl9NEpAPN04Gn7zc8lDu_-1EfF0A7XjFgr1xz18ugXGiA_xDiF9RsedIfocEzyrh26YQpdnVWzt29HIHLYkTmQORTfwtpl4dG5GX0-tMS7Mbr0gtQ_M_kPxlZIX2LT7Jd_R04keTbfyNRuvrqTKXdScw=','2026-02-06 11:12:42.286344',NULL,29,NULL),(60,'user','gAAAAABphcyqfIzpWStpcAZ2HfcIgDwd7Eo7F4LJIpQnMqbnfmPLWFWDkFZa9fflzKAERI_Q2dlKjfqRwhD8yskmbRvHHBpt3ex46YlSdSsJYPQ05wkLvC37_MXWzu8Z8_RwKx6d3cXB','2026-02-06 11:12:42.294651',NULL,30,60),(61,'ai','gAAAAABphcyqGfhbn05l0YLZVw3OeGjgNZb-oCbKgyGkSWjRDNyRHOdRxcVj_yfyWTBwpN5Ntr-Ua7W1QX2pzo_htCoz7JEImvIpb8Baljl1jXJH92ZmttgH9hpj2wLMT9sWe8xMFLCvgj5Px1LspNRBQiEA6IrNbMFZnblIhrcsUelL8n2tf6A=','2026-02-06 11:12:42.296727',NULL,30,NULL),(62,'user','gAAAAABphcyqqEpYUur8DR-f4-QBU3ynq6JLpqL7bLZXcwmNbRVjJN4HVf8ZJuw0OjJFoJoABIGiiMV5lkJtq0BAQEH9OIwr_uts7ucMseiGGKjomRlWFxW88SQ4b5oIC_A7erNfcpD1','2026-02-06 11:12:42.304725','2026-02-06 11:12:41.962381',31,80),(63,'user','gAAAAABphcyqMh-Wu9eRCWRFueMk1bSBoh6qJaVc1bStpe0uxJEGLfbUme74D3OYDz3m5o0R1k3gjt97HqIwJaClsc0WYchIRShFDWdYlD1CqzzX0ZPvl26LTm5R_ra5-79yhW8FL6-lNokTjjpiG9rusybUxEDQog==','2026-02-06 11:12:42.306641','2026-02-06 11:12:41.962381',31,78),(64,'user','gAAAAABphcyq1vaqk2lb6J2cQzYRULK0PUSIxeCqDKr8y-Kt1eBKlMd9sfDdyJOPmUh8jVih9gXpy_UtIcFjOcAVPHlCHlDxaso48_qZE9UkEzmrbpH3sCIclg5E7MNk4DecX85ongGp','2026-02-06 11:12:42.318218','2026-02-06 11:12:41.962381',32,81),(65,'user','gAAAAABphcyq0k4aPBZ_Jtyc_-6qY1uJLzt_YEuvJRDZKBEX95osvhK2EFnGfynMLuKd6BPZill3xTBBk1N7u7HhYpN_48CDgMKxGvZ3fZgftrPVL-SePUr6hR9p0Xm7TmuwVo1BOmWOa322C9F9PpqYWXqQv8imuQ==','2026-02-06 11:12:42.319633','2026-02-06 11:12:41.962381',32,79),(66,'user','gAAAAABphcyqxwIU27qxjgQ2lPPy9DIBcnLLn4Qjqs2ftLCtI3TeHGmoJcGQ7mxtWwTS7_J-_fkref1e0PFDVsWGxVprYMsqJ28KlPzWN-L8Yrz8288fSyjGZC1XV8ljh1kUMlBUOsjo','2026-02-06 11:12:42.331828','2026-02-06 11:12:41.962381',33,82),(67,'user','gAAAAABphcyqSllNe3Vun-u3gl5iNu0emHpzSXh9_em5c8BQRVRR6BFjk8ChLSx5juX8nAousGbP0SOBpyU6xqvbQ3Srt3KM04eWeHCpBw3AjflzOr41Mc6bPLLn7Or3GE9tGADnBE9Nt-2VAPnHRJ5iP3aYhO9v5A==','2026-02-06 11:12:42.333544','2026-02-06 11:12:41.962381',33,78),(68,'user','gAAAAABphcyqcahlDEmrnkrnQEqfAOBN5ytMsF-mdlaG4_fpwMki7mPXH-GXBEiFEExAvyzC4uHbqTHyrhdD2Nu5OROLtcuQDktGlwqNu8zZcxkebdhUkEJu6qk8n-juIFyxUulcytoV','2026-02-06 11:12:42.344986','2026-02-06 11:12:41.962381',34,83),(69,'user','gAAAAABphcyqwWxriB6saVzuSLarOF_FD75i64Kvsa1Ad4pGuZZ916p7zcDICHttuCJkZWjMxFFHVDqt1-Fe6v2L1lc8Mw-FsfFrrmL0qwwimmhY6Aam2lMzGtCTyXSjQ3QMwXbPsmFG3J8XxK4iyMnBkbNfM1KEIQ==','2026-02-06 11:12:42.348162','2026-02-06 11:12:41.962381',34,79),(70,'user','gAAAAABphcyqr_9THvoN-Giuk3bD9UTDR4hB2WGX1uXtUnZu2cyG64Ev71TcbUkSwWsH5O_4nZO9wTtQ5UsJG7UvTaG2UI8ZxOWwFGuXNEHXjBL9aNjhZ6uyLd2gcVLJbWPJRqiRAzVq','2026-02-06 11:12:42.358943','2026-02-06 11:12:41.962381',35,84),(71,'user','gAAAAABphcyqQulP-ii6Qv8avTD2UNjHKePnPSERTfNwbGRxTLWBRsAcWAma2Nn-Eq6LoQLhSJgJhisI0PyVAPUZ-scTVwqiZOkLMajHYbn_Jp4mLQDOFRflg7UI4tKcDNhTOF5Ed-chEAlyt35gbmkPAFTsJbH5Ag==','2026-02-06 11:12:42.360704','2026-02-06 11:12:41.962381',35,78),(72,'user','gAAAAABphcyq3KRTaObgNeDxC-MRjNPMaaa5_zARtR7fSzRj9bMbCjqDrKtyx93dsXK8ip5JTAmeIw4uc7OjrjyifWhYvf0CKxFg3JPaxSLGCk0z84Xz-aI7k9Rh2BiALS9frj8IVeI4','2026-02-06 11:12:42.373166','2026-02-06 11:12:41.962381',36,85),(73,'user','gAAAAABphcyqCmgehlWnXfsTO6IO4OfXsdFtHfPU4JAdfN93nDGdzpeuQIlJblCjCvX0jPDRXC8rSWkOme-AbPBwlqq3usq6hEPxfE1CKXzOnUtRXp5YSxrf_us6CCac-d_zNIUTIpCPXAniVAYnPqVuTF8TIljiDA==','2026-02-06 11:12:42.374831','2026-02-06 11:12:41.962381',36,79),(74,'user','gAAAAABphcyqNU4fpQvqsqrhUCGcvMf3q9AIEVfVZD-LNdv-GMovQ4KGN-CyDY_KxYXjyst0ykhoxhGPs9TgvVeBbo3DkZACBX2OcssbkKVOdA2Gp3K6Mno1BYofoylNKVcIt5dVLTLl','2026-02-06 11:12:42.387502',NULL,37,80),(75,'ai','gAAAAABphcyqqLoWSSPZJbBwSPr6KM0rV1pxtZJJnmcWNqhweDRFFpS6qxyunXs1UZde2s_dCYTWolK1pUh6sBmKDz2sHBPZkA4KOF803wgbsWO7njFnZiCiizdxK-MGXE0XxqZWo1mnjMAQJZJcESaqZKT70ZEXUEcShCB51prk-gposgU8Ya4=','2026-02-06 11:12:42.391195',NULL,37,NULL),(76,'user','gAAAAABphcyqX5SbjBSMjNLlGMjVSkyHd4GH7ulnNKR0Uvc5IStbMCYPmL8qN8334HokAsyUHibay97Bfg0EAmUEyd21Y09IVRv97XYEYhw40oWCLQcU5EDV_gAwWrPKu7LmBdG3jlki','2026-02-06 11:12:42.399129',NULL,38,81),(77,'ai','gAAAAABphcyqedbaHRdv9D3djGLUd5s1e-qCE0dhZH2T4FL6ZPc5ob2kQWpTxMT3KxKD-Niwhx-uLTjNPPXquoBFxfBIKt-gix6WyL9NejLW3Zqls7kMxXovFyRIeAOtKyir0UjuF-HMxhne-f2e8m_XjG61QeHWntWJKlqMMth-X-NbQYPZCt0=','2026-02-06 11:12:42.400875',NULL,38,NULL),(78,'user','gAAAAABphcyq3wd9z3vTnqitfk2oFDhXMyGiWFriuhkTlVuEm5wEGNVJu5aut8ggz4ZfmHLorglguIAQXzxOEoeOKBb2FJr6-EU9Ki-3IjicBI5sm3wR_20pxQSVNsl6Wm1we5oOcqDq','2026-02-06 11:12:42.409664',NULL,39,82),(79,'ai','gAAAAABphcyqcmwpLgxTUvYPCRmcimalJaJQtxjVfJi-qTd7Z09dl7aieot7wfI8j7rKpavIWNvURwoV6VtyPHJP6CSlSqyWvDzfjeK0Ul2SyvHuYlPd0jaMROgPBuJ636blo_1rapfnmpPHE9zmMh43eP-7QrS1eWmW_gMRBGK-Q0EtAJXOa-8=','2026-02-06 11:12:42.411252',NULL,39,NULL),(80,'user','gAAAAABphcyqdvTfuNHjc_VhtgbIX4pPK9UU57zyC1OTXC9jR9zEiXbaQ0G-FBOdOzIC8flB5kWG7ZjEgh6ggNN-DoIkjnPPon2PNJ5JduCkG6eBHzVv8fycfspHGxGYVr9hceI03U8k','2026-02-06 11:12:42.418682',NULL,40,83),(81,'ai','gAAAAABphcyqq8fQFhziINggj6iJkCuM_PBcBWs15nCtiM4kZaul5dShXOcrUUPj346GgNVmsSosaATlNBFHubx5YZJQZGr2yVjQbfCpqxNkVDuVOkG0vv7wLFEAkjr3OjnCg2Im01Fc4SjyZnjg5tRJiI4AdN5SSRNHXzzZM7XIEhoO8Z1-UDI=','2026-02-06 11:12:42.420180',NULL,40,NULL),(82,'user','gAAAAABphc0n_G4T2tXlThCKTqUBW5G0bnC6WSFBVLGk7oY5XifGEeoejnx4izXJ1rxueIfWRJUz60oWpRYGJelqsV47_NOAaHqgQ6b6kNubOUAmtPYUKIOECjVO_p3bOI-KgKe8jwUQ','2026-02-06 11:14:47.150782','2026-02-06 11:14:47.112538',41,12),(83,'user','gAAAAABphc0naE2GL52xawABURFFW2vFeOcxfjmH4xUefR7-aqMP7-KahEdTNZKFGVOdlBuJkHsn2_z-WtFzkrg3VF0FBmVcF3BMyID3yhByXYX3KVySbGOWMf6x5NlvLFEIODUzX2Bp0nyV8P-aZlnnPxT3f7Epbg==','2026-02-06 11:14:47.152991','2026-02-06 11:14:47.112538',41,100),(84,'user','gAAAAABphc0nt6PZFkAty4_5pnUlvzphHofgq5bHtPSfnEQf2jA4riw79iBJbciAn9_WJqmjtC4jX_E-WaOGZTSGKpJavBHJgCfj6pfrS-Ri3x8-oDQS6gyO6RkvDirBy0KuCGAp6baw','2026-02-06 11:14:47.162033','2026-02-06 11:14:47.112538',42,13),(85,'user','gAAAAABphc0nGODGoBpEjiPJQr57iaxSYxfTUSBWJROk4NnkIrFrGAYM6vP3OCkQXHpY6F6m2mLsTJYuqj0-ZqtVfXYGn_29hXesyEMk_blvGK4GwZcU3PZO_zdXRxVVF5IMSTbPViTTvkLVL0fWUha8zQ5OzSI7lQ==','2026-02-06 11:14:47.163417','2026-02-06 11:14:47.112538',42,3),(86,'user','gAAAAABphc0nEzkiJIYNTcicHjJHIKiKKe2S8V80jnPCsMqH4WRbG-8euMUn7PY2IU4AGcOyl8VAqZe3TYtDVhlZ8U3SLHB2fU9LBoSiQNNnav3WUMUEO2EIwBJu4P_55yKLY0RWXzB6','2026-02-06 11:14:47.171072','2026-02-06 11:14:47.112538',43,14),(87,'user','gAAAAABphc0nQxgDk61UoY3wJS0NctQGSqZbW_Pfv_6vl9leSjMEPppCSw0Gg_4lOqzfvl1xWWZ18ttqQhO1Jw2G64PmFjtogGdZSTVry0hs2lNYePgaJMsa0AwNwN6sFQwIeHMpkusTMz-JJuVtQl70Rcztvo1jwA==','2026-02-06 11:14:47.172548','2026-02-06 11:14:47.112538',43,9),(88,'user','gAAAAABphc0nj-Gf3YGfPKM9Yam8eCisddb-e8CN3eC-ciUPnRR3R4qZ_G0QH6f4kM3yIdyrSGwBI1eXJ3lzUQWuiNuxyoR62XIQA9vgHXhDWyhjzgtcg8n387VkSvBq3xhXA1meS1V8','2026-02-06 11:14:47.187186','2026-02-06 11:14:47.112538',44,36),(89,'user','gAAAAABphc0nJNOGziaL0rAGkVXJQlhocCSw21VwiVF9v3LntV7zd0-YTncFdrv4kqB2N9IHWC6OrLixwq-rD3JXwWNUAYRo6GcrFbXgiv8st5wOuHv0SIgrrfWyc9D1lqH1Y3cBEmVi1DUFycFe7xrob7jjuiNDkw==','2026-02-06 11:14:47.188674','2026-02-06 11:14:47.112538',44,111),(90,'user','gAAAAABphc0nk0COWvUH2njwW2x-lfd_bbqIGekw4xz1GAyWI8Kq6SqG3irNJT-kKrL_IvzASg2Nv48qkiXUu9ZrcGksR8grD-BrSZUOhwwJ8tnxcDEZmy26o_cAdPK7PbXwao6zEvo7','2026-02-06 11:14:47.197775','2026-02-06 11:14:47.112538',45,37),(91,'user','gAAAAABphc0ncvRVVD1XQleQmIA_Hz1ns0F_IIBxT35aHFDZr7YPQzc83tMB8S8lGrEe2q0JgyaZwZNp-uw2aSYRk2AiY9kWLFUJN2OZ8crTNAsKriWGUMB1_szEqDIIDVxAqS_VcOw0imKnPQZXgqyTPAwvvu7FPg==','2026-02-06 11:14:47.198809','2026-02-06 11:14:47.112538',45,32),(92,'user','gAAAAABphc0n5cA8eZIiqiw8dsSENp3PaUuo9RNwInq22XA_ZPvx_7OcCDuo7-0JNItoMCJqiTMnU5tmJhO8GHgqeiwniDjO1z22Q5sBHALV3U9WdL6QREOGTKudq2v8_gM2knvMceZe','2026-02-06 11:14:47.206490','2026-02-06 11:14:47.112538',46,38),(93,'user','gAAAAABphc0n_16SrPywTDBE4tSJf_ZmCKq4djMQJmCFmAS_crJVP3ZwI7UR5G2aY8XTKiZw1eK2bvNcvecogTM0ZP44TOrkG1zrc-h4hs0qFh2iqg-6ffFdwml0o4PNRP0GNbodKZxGLdJzFfBWWCLdd5JIuzXa7g==','2026-02-06 11:14:47.207531','2026-02-06 11:14:47.112538',46,33),(94,'user','gAAAAABphc0nM5K_fEjtotIn8Gfrh0mtxaQggFwz81_u7DUhD-K1IPEESEO18LZAC31L41Ys0ax1djrnBN3jPqcGOWu1RGBJeeEFpDSfOrGHX2jHjzlDL4MOYJ1WyA45mTAf2tXTH5q0','2026-02-06 11:14:47.219746','2026-02-06 11:14:47.112538',47,39),(95,'user','gAAAAABphc0nF-AFHIy1vkas22SBvpBp6T3lwLJLKhDGmuKc9Fx9zdpjbbmaQfXk0dhb9pKU9qKIjdyZk3b5XgpqBQKlq0pdUgIkyMusJiYYH5UoznoRO9I9hxF7OGvbC9Csu0yYrQH_QTrpGPJUZWy6i3LrExeZgA==','2026-02-06 11:14:47.221240','2026-02-06 11:14:47.112538',47,111),(96,'user','gAAAAABphc0nJtXHfoaLqfdGw-x-10WQfgmASqSlm971lRWemUbKAQaAlFnDxTA4HbGE8e2-1ROdNFtNoRl9Um64DgDSyrVBWx6GXR2HZNwZ7GNPbf_lueYQ6zQtntjft2th12HmAsJ4','2026-02-06 11:14:47.238080','2026-02-06 11:14:47.112538',48,59),(97,'user','gAAAAABphc0nSMGhGRrM-7hT8nQ2vR1c5791KIq2nSM0qHyxtk2a5V5MfOmNd00TOWvXtdN34BU_Cp1ctdHTT26g3bLZ8KaRBJUqZsaycVo0VH12B_KCFL46QBwCjmv0-uXmbZ4pmvLFu1jHoLaQz-kOSyagVub_Bw==','2026-02-06 11:14:47.239694','2026-02-06 11:14:47.112538',48,122),(98,'user','gAAAAABphc0nKRTUOr8BLQ--w8RM2WjIKnEJh4ozpL85XwItm1w0j7giCLqk25VV8W7X2V2Iaytm8aNDi_74cpmI_hc48eC1bnXq3BATGu03TxXluvQ-AKd8wSt_JMH2fuqyCUe2gUIk','2026-02-06 11:14:47.253719','2026-02-06 11:14:47.112538',49,60),(99,'user','gAAAAABphc0nJ_9wMx2HnqlSs8I-WSD477EoHSfI7Sj4TcFdMA2V23jREx8qRHHlAc60wRi-LXVIoVyF44IGAEvOCpd9-9Ipi6h3ocsMcpJPg9nG362fySxSbMtB0HZfSe-1L9lpeAbf3P4nUaOxzAvUibQvd1hJnA==','2026-02-06 11:14:47.255258','2026-02-06 11:14:47.112538',49,55),(100,'user','gAAAAABphc0ndFU99l3Fb8bPb2CL8sGPMFzRTAxV7XNhKK-pHUSYytewZdYISuVWcxNzQGcIuaZsI_0myyptehss-8GvlKjSdYk9jxYBtg_Tr_7Oc8NIV2jrXgLfJl0n9sopAF_jwGle','2026-02-06 11:14:47.268176','2026-02-06 11:14:47.112538',50,61),(101,'user','gAAAAABphc0nTMA3s0D_xNwtZg7RGAZRs6WROQvDvH1atdYf3pV2xmZCub38TBbvjA3Q4Vz29SZ06g9QWR7daYwHeYSOpqBv1jVPZStf_hXBQ9tmqC8jupsyxwKEu4cs06-A8ygVZIswSlDk8xzLbuG-1JNwAguJLA==','2026-02-06 11:14:47.270152','2026-02-06 11:14:47.112538',50,56),(102,'user','gAAAAABphc0nZLH78ogT3AFxv3mmFzImJ6eVf9MdcseSefsl68uhx8xRjvx6v4HxE-X7YVgP6P_oWxWlqBKsvLZz1VlrsWN9Y4Gfu0S19zSCpRj-tRsQmtk4GqImYQFiUvQinr4GxF_L','2026-02-06 11:14:47.282173','2026-02-06 11:14:47.112538',51,62),(103,'user','gAAAAABphc0nf2ntDV_a-XOLFT44mHiXbz081G9FDyE4FLMJulcFJfzNZ2Cc9JfFZk7kflnPpJctWZxN2iOzdW4Flc8jeuXceMR-CpjkybCNWoWj0ltjf8InjLCkbz0G-zLZFBdnKjwLioN1PKpsdI8uEJ7HcEdnkQ==','2026-02-06 11:14:47.284089','2026-02-06 11:14:47.112538',51,122),(104,'user','gAAAAABphc0n0LYFxNanTyEmFon87hAnKB9GgMMmmhaBIpCQccJf5fD53e-Sams61dXqDG9rt7mlJGajhmXJYhDx9qefhkWD8kHwfvgw0jOufhNN6YByGj7X_sKlS2zRgnNtXf_vp-eJ','2026-02-06 11:14:47.305437','2026-02-06 11:14:47.112538',52,82),(105,'user','gAAAAABphc0nCRd0dzZbOxrOzRr2PSNScbgcQs4YeCzEdj2UEEq6n8BSREnoWSU8GqcYL2A_R85kZBfSlH22J4jhcgjexhIZLn84zLcIwM4Tt_O3QXqynRMAd8mgUGUpbP4_q0yTwj68tSae2yTuLMw5GJIf77qp-g==','2026-02-06 11:14:47.306669','2026-02-06 11:14:47.112538',52,133),(106,'user','gAAAAABphc0n7ZKGp9qk28TXD6qfqy08qYzvmTFBksjtkR5knUYiMO3C_YgGEkQFWqdme4SAjOVNICdqXU3LQo-sSwnWyV1N0vejha5ZY73L1bXNhhrRYSOK64tPq532aOy6AR3hPaEM','2026-02-06 11:14:47.317191','2026-02-06 11:14:47.112538',53,83),(107,'user','gAAAAABphc0nyjg0QBkN2TNiS7Bxag9U8zf393IoiiFLURRCmQGwej8fYIc3RbQuxs6QcW4DAImVb-InmbbSMJVl096QRhlAyVs3wPJwOP_AAWMagAhFCGh8d0iGKFfR-2aTCLelNd8i0bBuc_-5EcQL1VjlUe8WDg==','2026-02-06 11:14:47.319922','2026-02-06 11:14:47.112538',53,78),(108,'user','gAAAAABphc0n_5Abkvcmop2ypmRV6BaMG10krORlHSsLjefrtt8RkENkd-j463vvkfZkUt5XzaOmnIWpuVUXO-zmho-px2B2KbunWpj_wnRGD2a0Mg23Yv9h1uZYI6YzERH-OV1VMT_g','2026-02-06 11:14:47.332412','2026-02-06 11:14:47.112538',54,84),(109,'user','gAAAAABphc0nDPylEC5gqAbSNmxZjt9fAn_G3AECXRA6npZeqWzljY2XtqKsMHZqJnI6uoSunXYEhqqHd7sIjmr1AigKwEXSGzoSReNUfqI4Zl1IU2QGdh4LM7i0QJHmO8moJ9ECr4pNFa0jDGi759kA8VaJRTlsCg==','2026-02-06 11:14:47.333942','2026-02-06 11:14:47.112538',54,79),(110,'user','gAAAAABphc0nRrwQhqwRyQ27Ix_e2oacqTQ-qeI2FhnrLB6-uB_2Z9xhTqyyD5cIqQl2A9u5us8OGrCcpw51oIwwlKPyjX6OiQ1YFTd-BnWtvQ-k4QG5Tnd8pzP6icGxCFtGZj9lwcEB','2026-02-06 11:14:47.346270','2026-02-06 11:14:47.112538',55,85),(111,'user','gAAAAABphc0nKkjjDS_FvCrjiMjPXSkEAk_auFBLhn8Z3poTAcFqVtiGKZ_ls-gcF5vuOt7TZ7dg8t2w2TUO2ecULowK89LPQnY7e55j88yyf03zg61u4C1xnLMCUU1wxOrLwU9FbWOIbkV4XDcmDAqmr87ZOzJS-w==','2026-02-06 11:14:47.347925','2026-02-06 11:14:47.112538',55,133),(112,'user','gAAAAABphdM_Lj5LdF3AQw2FiOMheRci4a3rIT4Hr4eodloGxaoX7NBbAUUaY6KLAF2OfDAsk5CDRjnTdGjrXcvcsS6aVwg2qg==','2026-02-06 11:40:47.162398','2026-02-06 11:41:23.920325',1,4),(113,'user','gAAAAABphdNmFrMdd0fRy66S5Ap23SExz6Z9bld3NU5Pm3e4oXUsE9TXi71HXbLCjtJfLizwDAEXDuXTtfH37nRn_kKI8U7v7Q==','2026-02-06 11:41:26.025890','2026-02-24 21:57:49.000784',1,3),(114,'user','gAAAAABphdXhJgXlR29GFzrA-yqIMYCuJOllf1JH3AvDXdmUlm0x0W4U8j9UPAfiwMQYx78RMbU1Y_1Em1zwqOwc62jBtTe9VZwlTFsvsFNprpa-8g5Xs1aF0Spdtj7D3Neu73YFj30q','2026-02-06 11:52:01.261105',NULL,2,4),(115,'ai','gAAAAABphdXqoOPewK-Uc9Bh-_fKj1RoZI2FpmI9sxy-VLjyCWVU-ZykQBM70GlG6_lnCgwalN9XTBdTq9AxICu0baHeffoC2hw6ftiOiQ0mOuSHzGoknST8W8b6AZ1PmbSjCohLpMbVt4hYvbsVhe6TbkBcPkofkYbZPnhFuvfSqEL0-9IB8ajMyLi9lxnWkxwoRDl3ng3x9RS4KNJOLVUsVDPjdQbwJPD82CXl1JVSYnIZmX3kyIifXgdrFtZozYQpcRHibvIhOItASy60MchGv-PEILsv95x61xuDhksDACNITZCf49mhzMsDGVwN1l9cmrIJsRBBp53jhKb_6yrz07-m6y3VTLWDetaN7TnnLZpPPZMBLQLkjFqrTecVE0mzZ3VJlaaOuNpo5IA5FORvVpCA0dNGOnQm2_ba0sV0tjHf7XrVoaZ4hM2BmvW_e8SButodx1tcZWwOcHerqUtQslf0njsbd1VTUW6KadLmp2_mEtL2YtJVF_j1IoSbhoOVd3mwSnYjIehuWbbmdRO6hQgeeTeu9Xo0mIgA0si3x4AwI4OCeZKLYSI2UdTUaWaVkHUYw3_mSyBVVLsFp720y4Ry30b_3SZ9Hr_Xh_36QOvvDUhzo27I3_wdi10sJT2-d39taHCzC0Iyf0v1EuN5TIUTdezMxX14EZCRJZKhDFSuI1WoJWHfWXRCyXMdqupKc-OKXihzxWW2Wvqe68KBuUynw8jvPtboKfHPKBJeOv_AaHAgAl2SoIC5YZP4aAmpBCm12tpp_iMNhv-BM17kFntA9N7PNFdWTkBG8uTphP0kNsPndnLJbJxrI-AIvLCXFNNqc2CxHj_2bIJQHcxCtjHGIG1hMvfh7ScCP_Ft860gMsajM-C5PLlO4n0lKqiFCp13wnP65JThGja-KWoGEu07u5A_exTwTwmw8okYnlrLlXc8BM702lR6i_14q8ddRXAPoefQkNtZ4tU4_Xk9VwcFxEAVMjB2L_6Nr70J27bvV8uK11Q1FXQVrqbCXnc5GEu2ch0Ab0Ro40ThKubhD7Qm70cLY5mj3cmtZABHN-vY6GvtMMD8x69hDTW38BARj-uaAVrMFu3jFTK5JHQBQmnTIi13Pw==','2026-02-06 11:52:10.288705',NULL,2,NULL),(116,'user','gAAAAABphdX3OkS1ML9RcMXlNVSX6cbRpn0K6ut40_mhNoHS25AIArtd48Oqnl6UBlpeOb4XDJc9STdBC5kPKhvoxvm0l3jQInN8nhYbTa3zIaoEu0Ur3Wo=','2026-02-06 11:52:23.624442',NULL,2,4),(117,'ai','gAAAAABphdX8q4KNk_VMJpMFlTZIsOfr-PxOBSiifwE5ImAajnQDueCadfaw6MyT7QbCOEIflZFiGA37zPBn_BUwWssQrjNFENci42uOSG5l27adTpIxPopqdTNIWiZ-BvgrFG55gG7wa6l6N94ZBcDco5GZeJ4YFhrmfl2KmcvxciEfo3amYAMtzpn8KNGsKmlb-gfvqdmSEK8RfrYlCC8bMpRddKUUXdvWn9cVrs0RRd2-I6Y0nGhed56h-eHqDufN2M-k32_NSn_Lx1Ly04FkAr7brtKH9KqSZpr7aXOKSgaL5hFXdLMItJhqrvfzW_GKf9obxB0RyVdi8-JL1BGQw28pigrjkcEX4BXOtA6qgCZe0VBfCVYys3u07sVwvgMNnv2XRKWzDfy7tKVap9PK7_ER-wkhUJDuoFiHY3fq_WrlCLWKNy8tynI8G9v9o8eU4yE3bOccUHV9X5_MZUGlrpq_GiM0_SHCWytaj0oebN6Qlp2IayuZvAwDw-gUTmHjAgREIWzBvabRGYfOkQao5ksVupW_hjWM4smlhJ8eOgaMsXrkFPTQGQNmqkAIyszZsIXCTRNSBrlLB9NfSWE5iF8yO6CyGdgndiRc2nzWJVDllMJCQxa1ViIpPkQuJ_l7SkK4XLZQHzR9rpLVheDw2T5lxqJ7dLKZmSNIO2uSZ5QIbbVkgP_dKpQiphvQj7FGXGASbRi00XqzsrBrHdGOJ1tKNhvo1RmUh02b-9y27UU-jEi9mArrFcpcdsFKhbUwKPWdKfVigJx9TOCR0y25wetXCnVTzzN7nZTCtGotfEkchXEKQTnJETAZ0ihYeIfzbGUWsZ3E','2026-02-06 11:52:28.702295',NULL,2,NULL),(118,'system','gAAAAABphdX8WuNksfst1Sw2QnqH7DZPYKY3X0e-v4jx60Ucy54gnNkyRVu9cCIvUTe2e_QLkh1mwcgumAu8TyGeRuwHwlh8dkrWJA9ZeqCtSMSMkri1b-COhV09IxfY312tLDx8cTL8lYNnf_FuzL0vSxK2pzsLYw==','2026-02-06 11:52:28.720449','2026-02-24 21:57:49.000784',1,NULL),(119,'user','gAAAAABphdcEoKXiW0aNnTJwKWRY1psTFGceSRE-fjABwkgwMUSMZuTMOhmoqye4EjA5okz5uC33KFT5JofxmgmKxCBnd9JOVKgbKASFvoff_mHHcp7AxWMbXuD3AlYzOTiPuVf8Y0AN8Pfn6SzVoWTezoGfFObgQvD3Ggoxhube05YtRsSYpYo=','2026-02-06 11:56:52.963589',NULL,2,4),(120,'ai','gAAAAABphdcT6MblWIs5UkTuQI5fOvlYGffeKzGa1VPgXB-norXS4x-Uv3u7PzvLHwiG-PnWwtLV0T5Jn2yTM1CEhupKw4LfUqQZg4kFL1cy7JP91o0jULKr8hRrOn1B8DY2mvE9WqaG9dq_4U0-1y5oeRlTUz_gcefGtH_rz5uFmAxa1dosntGiT6sEqIQtdyPVt4QsoZhhf1kJCXTVR7NmpLQrBcvOmRrDMQu1O2Gz5pBbNMjcUUX78m_ruBH06rkeelaaHET2V13QRiSliVQBKEqRi26P1jX-LllcisJ8m8OzXbQoMP9bYrEzNsI1UcuYuegvHRhzGsU6Xc0BKxuZW1kg-jkdwGOG7w7W8JIsuk9ExQ0WheabTx2gFT8A1Cql3faaOU9JeSHBkFY-d3XzwFMzaayyZMg9uh7wL48RHv6_-IVOYXkh6M_OffAkEVWNYpvW8kmKivceWy5EigCyQBjC_sO1v7pwqIae1iNxOMVVYcBYp38SKyqhWOIOxVpqfmpcz0Nmb3T7K8kBOQCxH7M0QR7GYQfwK_Xjecbyt7wUDRZfGdpUxmYh-T7cyFOgYlbYWHMaT3yMswGzOnfXzP9O4Md5kNoFQZEAWfDmx3exYswFuBO0iDnJv3XKfpzib-1C60aYvEE5678RvbJ6Tza8i206Hz-9GBIly-SgTPYvNzidxZXrn1Jll-T64XuL_oA0XD3nCBCedDp0LwiQsRZpb9ZPOxEPQwNnAMCP8V6tZcW6Y7cM71UZKA36UOtR2jGAq3NV1YB-aby8wLdKE9n9MNTikOynzNvkb9Sk-VLhfNCvma8qh4Pr2gaORQtndlg2srp6ERDpcKzHaLZmAfJUtsaR3j3eBQx-AVV03v-_0mPGetEsHXUE73Gfd_R_91UYOlajkqjr9GrnJc1MPKeFgZz7DUYLGIrHWGCV6grti-oebUvNO7RVDQ4PSpD5O6YLj2_EzXP4MSoyR6KekayilZLbuZHS_1Xz-a4rVeXN9WQtQkjL9e5OAz2tmDCaNc32htRI4aC1HxiU3HeP6RgjqhqyK_tgC0B_abnoSi1w050tTCRDQPmr4mnNDRjJFvop880U5s4UrpbaZ_GjIiPPNf-btxxRZlaGst9Wm4GoWebAf6bvNRrkMmZSI18BDTNbJbxx_mqhtAMiNaL143ZlMhJ495XnbJuC6TdJEOS0RDiA7sYTUS6APvCzeZWj6JRylMINylw8JSORzzaQKOJ6z2qt_JVXzilJlbzHEISQcEI6AMtypm5i1Nk2V-OOk8QpZ9NQkd-K7N6VTqtN7y7RCTqzXxsPsLJ2_BphjPBS0irwK03KYTFVZXtUkm4MfxxCA1kOZ3XCwermW-m8m_eTKMOuSBz9sEc_-fKgA2nC8cJ58ZQawC0e8KMBeJQTZCZgGkC3CbmfUS-ikYE55DyS1snullPzgjQEpeAOPQX-7dF8Z79lJ44lwWzQAjLRn03pyA5c8nsk5ZZP7RfaNTBPZOebiClMK6YWc_1HBuu33by6FPz-PDzKkhB3IWum7WE74xshVcBPGPIrCRTpbsVUOQjLO6paMMm6ELMXhNT79f5nYjvSfJqVeubpzshEFgQ-n53xF8qaQ21riRX8WrId2LLGxxTajVwHFYulbaM5F7VWKaM-wQXXBTt-PvD2wXJ9TP95-6OIjBznqBrqDxBBeTY5kzidqDjn7aC4ct7sJefirC29Dc0Qm2vQhIKz1V0lKyIFkRPLKjS7midcAs97xYUEs9fqhd4sUVSiDcQ7m8NLonLQo0eJRqyrNN_iCM0tyEuRAZFjBRA8nBBFaV1etQrTySUU7Q-0U8XxWWyrAvJI-OPlZZEJNV0ItbTj4hsEhLqG5diBKLgQU18hM5ZmLlOimKeGODl8zWc8MoWQWyOyi1A24KnIjOMbbWkGTvyquRfXQ7evzRk3sICRpIYMfFDKSPghTF4CYm7QhAbMAcCoYn9FNqKzhv_LyZAHk11CPItlSaoyxjibdyXj77Sm6Zi1JaQFt2Fuhi6q-_TYoD3XSM8L5Nh2hLWSeR9M2klRiEQI9Yir-4ERYchBIs5hE5-O9PFW1ftiYCThlhoC3-VOjCaVJwQlIAS6v9FX4pUQKaLjb6BjdKLBKodLgntS2KbdVZ6zU5QS4K8qNR_Sil-i38eHt_nQat19UO0ex0h3wOBvc64NLmLpDS7BbnQDjqPGrw2JjI6EQRj3_iWSx-2VoEM=','2026-02-06 11:57:07.522745',NULL,2,NULL),(121,'user','gAAAAABphdc-9T8QyYh1YNQNakkR0qERAliRIRFaLEt4NpAlAtIS6f0Q1qtawRyT0ZqxqxtOLUCHRuUYTJQWvQwL_vnpR46917quMLMrdGgLU0Gyyr0z6KA=','2026-02-06 11:57:50.958402',NULL,2,4),(122,'ai','gAAAAABphddHbqzVD60VAMcjJ7y567gpDrXvbFRmfRMppa-FLxndjgapmTE7jtY2cGcaUVWmjV-asU2DueRZvUuA8RLoVWL4RjPnejEn2ngDjHIfqFyX24A0BscQMqHbRUAk1ZZb3Ix0G0qzZ2_BXN1vp5Y9yz3jzWQgu_Ia5WyfKkxTSivSu4NmMDYIrjfzjUGNXp_wzoAiG4er1EBsu70lCLS6cjXiuoQjr4-daeOGZn2Qj4CZN6LRBSidJrveJahN9E4cSsG06NlgvPlzRCYBAGiJPQCX4_Eg0Wu7VNFl3lvVG0ZbZkrJBTqWOS_RSBdnmgwyIg7mvg0J6OTnuMAnmA-X7ZgI8lfHmbsGEW7blU265aFz-tGO195frPcIAIf9kbbqVXTXv53pzYLGDNdaGDTVukN6ARSSNfRySOixFlPouSEtZpkQSVpJCMwZo4D-143_ggJqwEdFbXzXUeNyGu4qBI840akK2fugAPno4_FBnJ7GNgGSV9mRuAPW6jyIm_PnyJCAEIiYZEEjEjRhkga096Z8RmB0nucetk5L4_B7VBP5C8baT1i0l4lKoaQpUUROYvawUihjl4teicI-w1-luonHNeDcTF36k-646K0fweR-JtlZ_66PDHC1FQ5cp2LkIIW3qFebXZSRzNsnJ_MSvieUdO7ROv-mNAOC1jQbLXZR_yf2R7f_dVxacIO1glhtAOowlKgPu1rKYI7bHjpeb25bOAk_330HBruL6z6SW-sROBj8Wp5nhCRds0ahKotP2CO4zahZv0SjY3OXV8XNYB1Ge8jXtjZDYmlSioxBj_3tNyuG3fPp7sYjJmogNa_i1LoCdetc2EGqmvr9ky1h-u8yKtC9DMbf4650i5WNREULUs21XJmYvE5pJpRCjXz0yEma4WOC5R7qdKgo5epff4QzBmdPaqQYi7LGuOow0orU5kpes-s49naC2ZPyZcjxchWcTWX-blTzNA9UTSgGf_EA8rkYmsbgczxyt_JvdhppjAo1q_8GCViZKfKFTjLVGK6oDORg7AbH6c9oertI-jw5wLGABfUCMPtQMvEJzVpA4Y9V2pClJWYzpXh_7CWnFy76sJW93-LTY5xDAdpf4Dh4MRRL-yDKnm6vAgGa9W0m1O33t7y8c9EELMqgEthhTuFZ7fAenKOvie8konikdea1-SniCJ_m3b4zLQ37CrXvxW1H8llv8aLSquu9kWYd6rvza6RABMFmImgvjStKmcwY_4iqpq0qeVLinUqz2KNf95cdKdx7e0b9ECbN82fGj8q3C_OWxy8VB90IcSdh8l6COwD0thLQDBUzx_nUPrwSc2V61Y3DgSF-mxdhNyEnbVdz','2026-02-06 11:57:59.511880',NULL,2,NULL),(123,'system','gAAAAABphddHUUHmJPagDrL_hwq24axnypRBWkPEwYwbVKDd28F9TT3SesoLhoebNJkQ-82JQDngF3gPc3pXBP9CdF1JjMfgm5cqh1m8LBYk-wugrEDIuAd-lB5eU1DCr4YvYCOHaamW0kbgsvu2pDwkRMAhQlIkAg==','2026-02-06 11:57:59.527512','2026-02-24 21:57:49.000784',1,NULL),(124,'user','gAAAAABpnho5JvOKgFFmObSykznGq0YdE13t6f1VBVcYO4z7Bc48LFS13kqFyZzt9pgTvq1oCfWYaFuzK1aohxNQcwuA2-Sbz4Zz41TLjzzqNvWoD4RZWhk=','2026-02-24 21:38:01.760695','2026-02-24 21:38:01.864032',56,147),(125,'user','gAAAAABpnho5ni0vDGQ4cDi-QkZbDCVTU0domb48XYpx6EtZiTJL5QUU6Tmx3Wgk_saWWV7CgdIDCA5oUUYORWrsRlPPTLNzGg==','2026-02-24 21:38:01.911738',NULL,57,147),(126,'ai','gAAAAABpnhpAdgcBNlKDobjB4NHaQCWdlnoxx19AZfVIVKG-Kd5A9JvhgTCIdnCvNGg5GYSXAiWbdljt-CBb0HGuEsjDJb3t3XnI5ADUyC0Xx6rMFQaUmxCfmVPyv5mh-q1FGtukNLkxQyyIb8ZQWjQ_tHc6cqAP4vAmjjlKPx3ja3c974mJyiYcNrArc8DIRebnl6RwsNuvk5pKKo4WLajcePXaKsGkNk3yvnCw1Y_T2RAexVbiFVn9M7azX0JtYYlRTTQSN0tOWzA7n9c0c-TmnVKD1O-Xy7mLeyrH7QlNW8KqJE41Khw73czf_1yg4y-qBPqjOmLlsweUjZTMnlTF3fUx3se-K-3E4lLvXHJ7KiOR7b-YOd2glcrnbNRAv2Ocl0Nlzu0O5nDPn7tPsMJ7EoaIzhzuCF5qFVtBw2AcnGylj6GHktFDcaI1ELKGGmfuMehiQij8lBBn-fgq2OTEHzG_wdSfH5Gb4YzFLb_esmgoGiviDt0FOtfGsMhzJj_-gFTS0aZVMNKii3BHQFerCCvaHQDgIB3joheUgQzPBigP7sYCdQlayurT0qbev-zzT_XI6xLPf9grEdVrtx1ZjrJhV-EUPS4QcJoDiCzhZ0I5VJ2HyaZzFzq40ULsEfReQQsdJ8uolK9_aosHXXmUtmPCxbk7PYuZgWYOnoB0yVvM84L3FLn21V3z75iracyfUtla6vokxQqesdqIiY0oNtkbw61SejSXNjZQTMewZVucQJEwc2SA6oCtvaYfcDaXcNTYQXiVDCURvUScDLhBSSCCX3dS9i4PmkXWg8zt9b4abAW5QCeNX8xctQa1Wy7HKunCWoKc03F4G5nDqsE1Ee8GnsjquwbSSPkmkx_I2goUzkShXH9tfaNuc38JRMRB1BSBmeOaKkIK3ffxmGI8suiZnIYlUtpjo-U-5Re7otbF9Cu_L2J0z9xlPIrU9WahKtwjN2bA4umqPnhjixl6iLQZ0jNA1glHZZ-3mbKwBwqxw7wMtcpibd5Jl73Gnc5YdhMBa5futnG-08BQgSB_LITLMgbTtvdcpiCUB7dftsfofjoZl3C75JRTZV1uG_6NWhYHhr-KsXSXeZCP7IQaPwy1jyEf9lfHYv3Y46JzyyTvmT7cn8zmAA9iYs6oxDaLGYofv1j5p7C1BmEphQcm4yeVV-6rpnwd7xLVPSFQe5W4JzvMSnLl6C1WSsJNXtH2GZc2QFKBhG3Kk_mZqjZWxAF8cCJqt0gcNb6rj-QA2nBLsNm49VpyS-6Fu03r3TmU8ZD_TwazolzOPbu5XQRyyhX6Sy9ylULEhbxDPM4qhgvHTdrvbFMT2k5NMTpMAQr2C4aw90KKJU-_xynsjb7LJqtoXrsGHUUG3yAwe9ib94NICbiXQGknnxt9pTjUVwIbnVcFq2vndKdkT-W0f1quiH-ljqf7ofZ7FreVDUeHjp1mAmJmFnCXt0XDLAgdOz9FtW63mgh-fVP1AcTo5PnjtXoneeIVzRz-6WpUluIKMVAwZkfqZ7KXkeZ6nw7d8IVkxocEtheSJMErlLN-H-qEnx_j9QsP431V87HzdDrXGbETyMWAlsYhkV5RESyviJFW1UiAADWEW1LSeCymgVGo6csCNj7Vajsa_0KkcLCd-hpEitXY_iOlknKxjOo-PeHF8q_jkned7pq20kk_JQMNNPlEhX2riw==','2026-02-24 21:38:08.518201',NULL,57,NULL),(127,'system','gAAAAABpnhpAUjecWiFBtU1K813bt_NiMHXe6id7QOONsBKcVRvHLExUaHxV-h89eE7jxhWzt3gj2ZJczvW2QXKO4PMoaExDn9BefYPT10vlpPe_b7h7Jezt3Pv1rV4zi6HZSDP9DtzpHK9IejBah1qSPxuPIQQf6A==','2026-02-24 21:38:08.546775','2026-02-24 23:31:33.275620',56,NULL),(128,'user','gAAAAABpnh7fKjUuhSUmU2duQyE60vzD9bo4tRWdM4BUgFqYExtomAWUzHs1DWWMEDhwldF97sQtNHUDwruUeAk9Fn19grhbrA==','2026-02-24 21:57:51.234619','2026-02-24 23:31:29.685125',1,4),(129,'user','gAAAAABpnh7lxuGnFcDh6aBJSIu5BGS0ELbddtoiTSjo_3kS7m59s4uh4nXYNSvE45Uvw233yDDSA3iVfnzi_aLts0ZsrX3ovg==','2026-02-24 21:57:57.520406',NULL,2,4),(130,'ai','gAAAAABpnh7oVsFtQ5p0NZBm1eWeA-CN620PK7b1kzPFnWPewxeKkcRxjujG_-hH7Px_pJIDB7cX4jefHAwjAZgYQlSdv9WulYWFy1nw3PQwWyHnapWyS052MK3Llzi-p6D-nJ5dLIO86VOk_BxsuvI-ksDhpZQFt1lgplQgB0EIdIZdfN-ZgJ-oLFdug2Kse2iyVGloQxcWtttUmw3r_8t3ZIDgZnpeedhxCsh9uPlBDQb2Imf5KW8pfLql8tIQI_FfX5UO-cR5v7urmz_vE6tzPboi-VRlFX3oKdKXKS2F83fjaPegktU1lvGQ1sMvDmHbBNH6S5dge_63vUFiDM3hGZvYCjKdVsMucCMIVROxfPUjVR2Al0bj3VBXOerBNfbFWqZq2PtGTor7gdQca2pyh1gJzY2gm3kbzOXbNflEhhwRRMGBrQ9Rsf3Hfl-5bGTXNtt5QDNrKpnFYmgEiCLdy22Heedgp8AFakee0AzsByKr0xBm73BHvnpItvJQloQyajReahExPwti8ZQmPNGahdf64yjpKxRi_A53lhHmVCAF-7Mdltc=','2026-02-24 21:58:00.685639',NULL,2,NULL),(131,'user','gAAAAABpnieUphMlXaa9dxeGClDXl69O6y5Eg3HYSw7FQzQP7qsK5Qas155b-8adurnVUt7pse4aIBTTZjLqFPUZHs_KDnUuLonvon1Gd-saLUeUWSfhuXnlzeZ56pE6iU6uqE-9t6Fd','2026-02-24 22:35:00.519364',NULL,2,4),(132,'ai','gAAAAABpnieW5suoxcuRVD9RhtdAMW2qRW0Sl-mSGSWFcH8jP6MAVeu01feYlpRijnCB5xnTvgjfYYILI1SkQzHl9G7AzBQONO4BLy1lUYrgtNjDnCFzmrP_e5G3kx-wERGCTF3EDrV9xa0pvUKXe3y8g1YNJ293yPZtQS776FSfg1Pq6s36AGHt-dqSOYU4ZT4cI0aQKA_1hUQpxTbsDQJ8RoR94hY3Af98douA97ITPU5fdQZbUtHSFYpV66y7j_BqCAoncVHerTPej0q48q_qUkqXQfLvo4XGZstP0ukZofCHPNxVbpDIXUDmTFpqrP7xDWx-SWbaHqt7x-68aGe4F20zwcFCOgzJ2ONOTBAD0Tdk0QWcaI5-F-xO5Q6T75JMm8pVyZ9x','2026-02-24 22:35:02.255134',NULL,2,NULL),(133,'user','gAAAAABpnieiPm0uqb8ZD3MefemsMF953kST8oTdOrwDHO2GWM5MbkYp7IFhEzz4DGxtZ6XG9FrO6TW4YSe2SaoBE8WLHwobxkJCZLzml0MMEdf6Q1zq9N8=','2026-02-24 22:35:14.911565',NULL,2,4),(134,'ai','gAAAAABpniek3WGzjTW9xlekgSz9zY4_1Wn_bk61vRTBOeu0VsFhJg1I7RRDUU-pTF6e3bxfeWC6GHeTwcqkP9RbO4uLeJ_ridkKJK-773rE5vizwYLeF-UOR_BYCeLTbARhYyddXfqPRRUvmIdki41-cNXQPB4ZaRWAYZfxTLI3_MF0kUYdbyXQewa93XeHfQ31UAlVm0ph033VCW1FSfNcih4Uk_PUyw==','2026-02-24 22:35:16.337938',NULL,2,NULL),(135,'user','gAAAAABpnie2rcSMDAM1jo40nUV_RpKL2AcxowpYlFrjCdAFYk3DHVwHyptI9WFL6iyWqPUyPVVP4lsiPq-IvV9mxBNFbqEpLMThSoxHhSkr9Caa-DdI-uQ=','2026-02-24 22:35:34.962716',NULL,2,4),(136,'ai','gAAAAABpnie4V0XEqgYHsHc-yFXi83WI77NInIQY5bO_6eDXXlkB9AFCUuEa_IgHzzDQ8NuXZRPoQaR1cJon-F5cDfmVGX-QGmvqGhylmP8ujVBHnN0nWjLJSzaFprhFJ5KbXLc3QcU3qL93guwR6yevxFiYocwsxGj51OhgKj9x2AA56Zb7a09YWymzI0ySjpeF2QtQkQocfKwAcdbncNOxsGduDf-fCA==','2026-02-24 22:35:36.959296',NULL,2,NULL),(137,'user','gAAAAABpnifTCHXBTwx3fFfCQkQKRoxYQME4d1n4SkphF04PFmNguL0QpO-IwOqrNj2aGwR6GpJF49fAn6ecZRRkRt73WofbvDLNgviH4uMZ100rhzuKixHlL_1vDQNnOsf8LshyVrYD','2026-02-24 22:36:03.966925',NULL,2,4),(138,'ai','gAAAAABpnifVTLXvQ36E_42A8DqNikCN1c5aeTOTMKSzAmEC9UvOSsb_jEJHtxlDu6u69iDyOgOOPrOI6_pjLN8HjKOKDk3BK2y-GovwF5zjg5j7RmwO5Js3FWgM3Q2JUIfFT3D3qMpAHzP6HxUerO4ty4GRFRmE0_VnxoO485xooVA_wfCfOdzW8XvehBi8v4Y0fnJBXf_2X0shUdQZE1-jKKzEm6MwiOtXUDEMVToSS6LZRVab2-fVTVptyhhR_3gC_iCEeqbjNmxBpvbE7IFNOkjYWZxQKHWTcdgPXaYJQwR62QgkZOhgO07_Bgrs5WJnNLEfVBxXZjSr1IjOj6eAFI3TD6D7jZ5PTjYHQdp1tw5sRP315rbH4JBdzVbYOT74XkQLw2Zc','2026-02-24 22:36:05.729369',NULL,2,NULL),(139,'user','gAAAAABpnjTTBX9gdrd1gDBCRQOFd2T09hvg5oh3MkzG6y6gM7IBbpSzeCPcsAfebWVbLCF3zYoV9O5YHACoo-YbD73rRTaY7Q==','2026-02-24 23:31:31.860437',NULL,1,3),(140,'user','gAAAAABpnjTrlPQCr19_Yj9mYhCBUsnfy4I8DydWP3dB375OEKbtZwYYyr6cIKdYZM01gRtz9DbSav2pDUmuQyHVeJbri2pd3DS8sS92H_U-ZT5T5bC9Yw0=','2026-02-24 23:31:55.824154',NULL,2,4),(141,'ai','gAAAAABpnjTtlvoOuRtYb37LNLM6EynjId7kPe6FFhc_ma8cz2FuoeqHac1re_s3eGbYT-JFkydBbyQNuCRjCdn9-mosFS8Ltr2ZM7ahlPctieaNywcJFiK7eakM6pdeZd7chJ2UY5B8JZ8BU8T10Od0rGTH8Uu5Gk4t2YV1AUDYzwQmZpgFh8TCxPv68y87yRMZfQk-D6ybEz9Vqm6JIgPmrR0NQLf0YApAQHqjN1JkyQUZ-F5Od03s4PVG0mbxqqAfrJaa7TindRQm5v0vfmk8aEMW7l-tGwgR4WvLtL8abneV_191uwyvIQtNbEvAW3SvSvVe4Cz_9Y1vohz_HHZeoR4UChGjuHHpi1eBOOHokEN1SukaRlNQ2gYadixqf888J0BZGZUA','2026-02-24 23:31:57.266271',NULL,2,NULL),(142,'user','gAAAAABpnjUbhdh--Fhmoo7T7JbnsvXFw0zXAa1wCMuSua9H4-PL1dpTy-5x-E79NjpWeDiM6rX7nJw-93ImT107xYpm4UJSZwjz8TyOGVtYe-X2MZLXvaMfRVMUSsqZtHRs6tgotu7k','2026-02-24 23:32:43.466238','2026-02-24 23:32:43.530777',1,4),(143,'user','gAAAAABpnjUbfefgUuI4-YxXss8RAoVX1JnMdnDbbC8ZIsHNrOlXuY0ieM2CBTdZQY2v_c5jbCMveMLxzmiQS6ckJBFxQ3k1Aew7oLIgE_5k-lE2PFhfq52CKg2BRhV7YPY-2j3yTe_b','2026-02-24 23:32:43.557973',NULL,2,4),(144,'ai','gAAAAABpnjUcz8JbpLMYX-dxtNsUD-t4O-hPx_g7h9FmP1cAP4e2ebUfpP0muQpgh-zgIMEdrV_9bOzO8jl6OweSF3W9v9O7HnLSQsWQpy4GkRmkJmvLQjdbH8no340n2Ml6BBSXLqaZ3qkPZQNBhwoQSz37Jdhtqa19ckvURbrTs-G5uqe8-a9XfNzoyHG_xgYneQ75YzrOSqDSLAZUDwnmVBTrxm482jnhmR31cn-2geGfznFkLyXSHME68Rrxho3VqcRN-paZ830ywF6b_YjLthTjuxTqsDBvo9HPLNbPdvAawhRxmlj5Cr4q-DE1Ld315_0Lh81g88UN0xwPqO3bDYnnb1UTTENALnqUaqMhdlSXVSnMbLHbAqYCRHVfoKbP2AdMKvN4','2026-02-24 23:32:44.853727',NULL,2,NULL),(145,'user','gAAAAABpnjUc2FJXfwQfQX2NGYxpm_mr9FC-388CumTpnpmxhuaEc_Vq2FpPHY7OJQvAquCY_kPDBA3l22O1ILoKYqgik6Px6ksYtI89OoK35CXJ-0m1b1o=','2026-02-24 23:32:44.954653',NULL,2,4),(146,'ai','gAAAAABpnjUeaTIsQTPhFkNtUFl0wfW5YEXij_0mzQlCOgdxfNm18H2J0kgxQj3HdPoc4LQwTENKZ9jpHu4f7Ex_GmWIOgCiBQF8g0pob0GZOAkXYsxoIctBaYg8kq13JHhvHw4vpuiEcrAn3Io-lUdhCuUoBci5LXQf94iPIT_w0AJ1T8H8Ol8ahaW-kwfSbXV8fdUH3ftmibqgbhQcQzIx5GWP5-hAt9LRfrO1sVqPM_6xYVAI5jy0szJhUggK7c_xKN6E_speTZSUxpR7EpR5ghhWlXBMOl3flZjb2b1ufcAuW_yStOKZBS0FeJzsSObXvVrOJbZbJTHf2GWt8TSkqgqngC-Tgp1MQPJRIrg6uukixtZQxS-9UJHdk7klHG4z4pNeVhQj','2026-02-24 23:32:46.026069',NULL,2,NULL),(147,'user','gAAAAABpnjcEh3BTgEKVp_qtnu_3ahkWJEPVh2ubaD_DGH1zzRAP2AUWzBAT8xmpc_yOEov56D2Or-gbBV458bhfReqxSeT8Hw==','2026-02-24 23:40:52.827497',NULL,2,4),(148,'ai','gAAAAABpnjcG7e12EIHzWWXIQwxtTbwGl8eqbKDflGtSsKFqnTmZNEtEos08hbP5j6gB3V3RxFOOCr21J7z8MqJuVeVrEj7b7dPunQJhIo7ZHDEECCbc1fGk0ncDdcGvC9HhmxZ9bnGSd1I6cJsa8XZZN9XOj1sPco5NcPjLhNiSMHWIyt6FOw0jMuRvVerMdxJuTCqQ2AlCY-Nlp-wX5cWVUGr3SfgkoA==','2026-02-24 23:40:54.131600',NULL,2,NULL),(149,'user','gAAAAABpnjcJB8xJ2X2ybSvv-XB_oakSJr2afSJgvLX-MCGkbIr8PKLcEMvA2HjaJeOIxOeHpwunh88HMrZKPoVzcZRRl7fD9w==','2026-02-24 23:40:57.548771',NULL,2,4),(150,'ai','gAAAAABpnjcK1-VOQltqrfIqCM3qnbgldzi57yP1mzGGm-WP3ro2pT_mtXlrPW3uCbkzmRA7EHGTjzJq4Gvip7lHg79a3AtOJDEyIpuSyXZCR9XytLVl210490rcr9rcGPCfZjTtVPGkiMBZARqHp22dGkbk5gjn1a6JW_N8Z3eMf_AopkSNG2YoL40Lx95g-19UXv4psZL8YmjEfeMoRKvhb7TXxOebbw==','2026-02-24 23:40:58.792781',NULL,2,NULL),(151,'user','gAAAAABpnjcSftkOGKXqix1QSLjN-MEdl7QgOVoOwTBP1JlwNvJZrYwAhH__1AgHYrTqC-YaO47vhSVatSDKeN2-mjRC8s5dmw==','2026-02-24 23:41:06.880429',NULL,2,4),(152,'ai','gAAAAABpnjcUo50-TN8gRQLT2wqsQT9KYPMnC-TtyNZzWDbVDPgF9a32Aol6Ojf0VTidkNb5eWnL-81Ann7dw_ruxyJHvx7tpSeQsxkJ4WphcxTdYLAjwjhM2wA4VRmAb53dzxEQZewPC41Mhksy3-Y0zM4gNgaOYKQbWm9fnJ0P3YPoZqLUn2e_pJxIpAqKkZaCzh7_G7bxSzzs5C1a2zLqNKj-nMVa4g==','2026-02-24 23:41:08.163954',NULL,2,NULL),(153,'user','gAAAAABpnjeANQaRb3MPc649bfqzk1O_uWit3rvN1sSsGUJOn1ekDKfO7f13vOoBTCjM2TTs-7WdSsQTcYNtkpMWihPXE0yqg_ETOBTIE3xPFlkSC4qARX_i6IZOvpu2FVPRAAbn4iz4','2026-02-24 23:42:56.972840',NULL,2,4),(154,'ai','gAAAAABpnjeBzUiblX4f_dC4Ea3lr6fBZWrHWt6bgzIDup38HCEt1uyZkYIxoMWKCDt3W_Qbl5BYHfjD6cgv380OO2XG_OYa5IWlMW6fT-YKVTCyGtfkwU4SDLmZJ0B2uUPZ2llKF1CnuCeYcA2Q-3NjZ10ag_8qZWpyZYP3O_rDgK0-QxyUbgyhGypc8MUagUcEtbmfT73DTONiEbopIhrJCVAkFmC8eA==','2026-02-24 23:42:57.975672',NULL,2,NULL),(155,'user','gAAAAABpnjgBcMzVfksJCzMVojttl_gtjIhg40sQ_GuYbrjSQhRov5lGBcbUVbJ7zLZid3fZYRm6D3PL2z1AixHMNNAnGH7cigb97GwBKDNw5OAxUlUUEJw_8YhwkYK2p8t2SavMIuQ1','2026-02-24 23:45:05.890000',NULL,2,4),(156,'ai','gAAAAABpnjgDJ0sMnPXqDJgJMlCia80t3pzXdR-ynH1WV3C3jmNFywZJ1lc7MG4eQIHqure0v7CIrIOQTB6AV8GwLitldsShZsEPWtQpF1bO3JLvQyO_7wi5GYtDmRNGZUswW7NnXxfBYe4wX4pmk4Imyfn1mqhqOGMfcxSZtlQFT5VyasFwDlZjhpSgl3EZFVjoVPwLxsgOZJ0HaJTo-Y3CHIBSn3hKnw==','2026-02-24 23:45:07.100189',NULL,2,NULL),(157,'user','gAAAAABpnjgk521hRSmFVamUsq7HblEePAMIL_ZqAZFsyY4e1GuRlGGXDpddZHxAp6O6tZZlwdev1NFQUcfXm5KU4QCmaQOgRg==','2026-02-24 23:45:40.288182',NULL,2,4),(158,'ai','gAAAAABpnjglnfDWb4GEkdsROQNsvxBWvA1b_EKmXoWAPrK8E7896sKH98rXDIhVMASl9itzK7C7dbH-Cj1tMgK7iZ_Z3MC83PMR33E9vURAAewhEPEeo-yHrizTGOK3r4TcUxPTtWG8iJ_os2D2dahtxETRoHzelHbojHnCjEfrxmZOQNqNaui3ZU7GdH1PZZwHIP9edPa_85xPcS_txxL1zxUkas_-iQ==','2026-02-24 23:45:41.626800',NULL,2,NULL),(159,'user','gAAAAABpnjg2yduIlYNU6GtJc2kJo15twx_UkY-7Mg3v5CkVzhpPd9GEqoixSUd2TGw16cqfVcZZVI5jbycPm0v41gSiViAGoA==','2026-02-24 23:45:58.240517',NULL,2,4),(160,'ai','gAAAAABpnjg3APgHRPnb9-KCDhxCWTAlze5nAlYNaZzTNXC9SKKrNpanZp-84kjnnm_iBYWkFXxqX9mcoijRo7Bh2rXP2RT5oBnaGgUBn8DyY10TLcM9BWl_6QoekQ1mVUA36Fwhmrz6kqCEkzQDLuZOTrRNMVqJ7JpYUJMt-_9r2NFGm2jZUrjUzIDSlZ8fhJDkn1YcLOQe08w25G95SgTaP8C7O3tdaQ==','2026-02-24 23:45:59.296873',NULL,2,NULL),(161,'user','gAAAAABpnjhz2MjZPZX7-DpFg7X6YC6E_qE8mnVFK3bgkS2DH4HPITixa-glXAypyaU6648R4nW7HhgTiPazK0m8h_Rn0aYdeq7splPd7E-HSMY-GlMwY8rOSylvW_Rc3b1qpMgvGH5jXY8kixZ9mP4YsDG7726WVko7rr62s54khGCyj3pPX4w=','2026-02-24 23:46:59.855948',NULL,2,4),(162,'ai','gAAAAABpnjh5SqfWP37G_6v3PfZo1EZk-CZjIJSgdoyhGypUq7iN8x-KC-PoTq6rZfCOGcnQOtQQX8mxSsA_DSw4zdPZPivLuGsvjQ2fRZILJ7P7PGdWxDNkIMgyCtv1wb1CKQmnB9FhPe9IgYZaKPNpoS3wiIR-JNkFcJVgVS3eUDF4srIRidp2Nu6zeF5T1BL-kCBKpc6c','2026-02-24 23:47:05.502513',NULL,2,NULL),(163,'user','gAAAAABpnjh5JmD_T0_qFZkrvPUBt-JdMfiSlGnNcFHANVSj8c9mQDDaOuErQJobOhC7UxWu7CPpGVJznbf7d678Yx9fauJ8HDnO09JdeC9w-uQ8npEAAZ4=','2026-02-24 23:47:05.672793',NULL,2,4),(164,'ai','gAAAAABpnjh-XVDQAav3-GasZ9QBMxw7yRPTTNjTn0kB9dlkol5hBYF0sGEOp9L2bA1-MBRf7rGjd4mJ4qXox3ZLTQO84I1weg==','2026-02-24 23:47:10.381490',NULL,2,NULL),(165,'user','gAAAAABpnjkgfO42UzppE3-ls96UvQhOCRtc0VMV1FnX8joIT24vOJVVg5lJC8k-7OksyBvIcvjOHCIZsz58turrHA-SRVp3Ug==','2026-02-24 23:49:52.691235',NULL,2,4),(166,'ai','gAAAAABpnjklYfSsxXSNiccpqmBD5fN68_hFoLdYF4qX4hP-SCCN4a5VBy1PYx0iZR3e_4zVuo7ajBy2o1F50462n5GYsmqhrvER3DwU_7zKz88uwF3d7bsoK0YH3x7ve7aJKX6dtYe4poj8UQ0nesiw2VT_eETkXJWqBW_jpfHhXmA3MGQYRB55t2gBE6D6N6U5ZDWx8KTRyyNuS4YiMP-uPV_08hNOen6ls2Mk19ko1cwZ6YZwh89sT_IEHFOqytHxIv2TIJcs','2026-02-24 23:49:57.103862',NULL,2,NULL),(167,'user','gAAAAABpnjlR3OSaLzLqv7Neu1gi-q0ZnJKvkCSw6B7icwFA_FAFizTOQ9MKOwVAvLZRZ6l54J_2Hx9u1ja8brJ3VWK6gk_MEyy8NYUWi9t_Ql-EIZV9kWsckPZmkgoxsFn2EixHrjEhsFa9yhPTU448xydtMOeL3SCOZWyRvmv4zHV_FRE8m5vQvaFyQ9RdBtp5SeJThUSN0RBpi8WsUpDavwW14fyJj1RpO8v93oI7-ldo9NnAo7o=','2026-02-24 23:50:41.444016',NULL,2,4),(168,'ai','gAAAAABpnjlZpEQ6uZ6VUFJEDSEAUxHf-RoUQTOjMVefvxGWgdq2ZdLOcXJ3SAAlErngxDQUJVn5JUZCg37MJVAYqv-7NUboVudOP7I9xafkGzBtAZsSsPhbSGGOxiA1QXIjmIpu6PTJNjEywvjQ6wzG8gw3YGTptr9iUquqUmCKJZT5Qhq2fbqiJywk0YzEsYtHSolZz9dbevWMQem-ChDwbqAQCIZk15AMyGTXHasXFd7yFBPZQfKLYMS0rWnEfCpvbMKeiw4OwTvArMd04W1YYs6qEIGakIPARsE2B7vVyEnXpK6yGAK7IN4xhca1E5oeUb-D--Xeq8Bx3d1RQV_ND1NXqx69eBDlu6_ng9SnE8dCv4xhMwji9ILkDBm1Ic7P8saNJ71mzb8Rz62h7iXxkfG0-WPH9LZ65S-Tol9rwLDiie9aIemYPGdlB1UnEMsjA1sWlW_O7c6P__-AJc07wo0ijgG278JHx9fwmLQiFnLtiOtWhQLAE5G6rF6jts5pJqexH4vt4a0766KBcwzxFJEk9-VbkRPaSvaFTXc971UQI0rqANVl-CO9nT4EHtXrgeWb5RZKLyvLGw1UjvPiDA5oQssny2vcAci7dnnyF_XtHzgpOPr6UZ3OBavZHxS-Pn94SFx1-vhM-O8FUCTQ1jKq_-dGdvbwLCC_5IVjbZ4aX_0PY2XttrT5K98_mMHrMjgUSSHMHIbBkKwIASqrVWiNuPmiInNOu26UeUmO9rP4yKjTwuCZG3Mc_h-tJIvAdJ6B2i32Yfps8oWqEjXEmDX2XwVdVldDOcL4RdFltJwy3DlqeYoqd1ExLIGkHmjR89tNRwwdO5aYHAv8pia4CcZImeBTPQUlJO5rJW86qTSjiwe_Jq52SLQeO4fYpXCn-1eJtiqmurt3GOgy8UegGemjsoo2pmBiUbFlTYNifdqXUiQQiOfo_DnMLj0Un8D8bdbuPQIOofTNML3B998xnLB5F0jkQhVL24-I_mfABBJzR8PH9XZC_R7bxdhTX0MFBaMcJ52LVqgZfwl4zNefRHjjXwZdPDnQygQXkvqfmHDJsLrP20g68RkHydtBqFUKYP6eaeXNrqBQstd4TmhaKGyGFiwsAo9ADy81IMPiVYh9ja7hcAV2LNWy8gCg0QT8dUD9V147cF0jrPbwYo3G8-7jMgArV93ooCRO0Kkmv7f4IZLlXvgXeFCc87E1nbLpWTTGuUW2esBYu4Fnpu6Wz1agm_RnY7U4Ys8R6YfMhpSYdexJOgObrA4sLX_cd9F1x0v_EKbLz7D__IEIOg9t_nj4jGx6sBuHLg2tz9DYdOUAvwpuYY-_pN6xGZRohKnPDVKuHW8hig6E93JU_yXDl0mouyHx6Xrubfl048gVwRdFEHB7zJO5Um2z98368LU5N0CzU0AAAuL-VP_37DZ_1uYLzDi8wQrg_lUc_mwK9_VZE3ggDncVNhx507Di3qGphY5d58RxhJuOTffheY34BcZViQ5kaoVIdkHVKClZOHGVjK4-wCsB5DxXrMNx0sz7cyb21ZhaAtk1ElKF6b7OHTdH0SCPLmtqGlICy3pzPqyEpZGAifgqMR4lW5grBQhtARtqwhXOxV6NC7V65OU5mGg3zAyRNFmab_GCC0w8ST74--_aAca_46w4k3Cri9BiqqU8Mv6s5gonG-Q1fdRRoDAV04AYdlF-0KtWD1iUDvGQ-ySRad6BaTNUWYTNK_zr9NRuFihqsGlh4nmFuEe51s_nizm1xJVNwUD6KOKRhPyQN799AP7BC-gUapoaq1mDbFrfEwFX_wQ0s6LxXooZrgoXjmwQiJmi_S3qc784W32lSf7qJHRsRfyk514uPSjnjSpb2pAqgSubiwhf3zTtbmXxiTnWQBaqguajm0LVYVsEVV4yklGK1ilgW2IVM-xeKsRlz_ScOECL2rwUFLL-cGBVulHNgWQxx2Yf6if-fWmhMDZoUI-2byAqNOUnjsHhE1kuCwaGA-U7RWnxEGRH-39-V4WAALhiws_eQlO3m4X4c-JGkFerLNyEu61Y31HJTcs_IFtmLWWkIlBF6bmZZa6enVrcyL9-SgcF1R2NsBeocYSzWjJ89Hy3gHwABzLoC-RRKhqiiUMqacivQdh54bKF04DjmeTDaEuKs-tzHfM_pvbMVtUOwjaKfoG94SWPJF8tEs2afexcWxz1RC4ptjTupo0soZbkSW6KK85CYdgPyY4HkeIiJWwbEn-vSwBEkrD6IXKY5zHg605_yw_DRIHYpJ1LJhas_K1YXgmM09LHU1yJnlDa1IIJbnbTQVwTAa15xO6jia7_Z9Ci0DLG3XeDlUdSLKq-5xQ_9ii7HM0nannrLWuZrUaIzQG-xcCmhjQMp0Z4texzqB0ZoKf3ualNiO4ulwbZHb552Qa63z9KAIw5F4UMjuAmyvpqywRMLHuSuYesNCxed-TbY5TodAiuwb_QQovC0_XKjwxEsos_tUYSu3V9yegMTw8Mg-8iV7ZU9OS-eGe6NlweSPxcEG_AB07nv72fCdh0OAdenJjRVH8i-3MOHxhZQCZFsxfBGXyXVi4v9iYWLfAEVcjsrpyQZejToxgd8fTOw5a5XuAsyelKx1uubxjA969k-tPq-cPasTUf-Koex2wk-v_Zc-BTju7R73lxGBrg3vN2AugJw4VvzwsDFY-Hor0GQODWgZymLfxeZl6sylzqWOcc2WxXc9RqFlqEUR94hYyG8BhJf23iwGnfeEzb2mG9tLuv-9VdSAyuH_49P_cp8bxvmXQZSBjMgEN-Mqz6_1-Se5s2UY9kWeA=','2026-02-24 23:50:49.701093',NULL,2,NULL),(169,'user','gAAAAABpnjqktgtMOVd3iwblscF_i0PYUVJDAxwLux93jgRITK2Y3jAU9vOm-vB3W-0F6-7gnCG8m5yFnu2X64UW0QdeDa-21g==','2026-02-24 23:56:20.252197',NULL,2,4),(170,'ai','gAAAAABpnjqoEuaZYAjwnYKdIMS9zXADpfkCgjbDVoPRviXhGa3W8ESD_Dcbcm-2w25-1WCayt1CJuLVfEIrCkHulXI1b5mJ-He5l7BiTeK8LYvBP3UwYp9upRsewYYBGpHu53mfwKjklp0QN42yCwwPYLKEHAYOeROoELj9WH5GBUGGj8e7FKiIONsKnN5wRzem_eH-29zfjsNVjf-OyLfd3ujTz5siLN9huD0075KxVfElVDXYPMMXiabJjzRNaBDRbS9bH2jX75OFWa_FyexwgKTzaEKUunNyfGN554y7nFnJuwy7XUNhacmBRgXRdUVO_-E8UGP8o4GRhc9nyxc0-UdxIdYUTtR8SExhI_0SKqfbUoIXFBiVRVE7o0rbsmpRTsCet73Pfi_D8g8P7JmAAfMZRLHklFLn1cHNq1_xlQvXaeCV7GciYt1Q-8unzHgfK8C1q4rmsdDBK3By9c_yyRuOF200mkHYEY8265ul-zXkNxastaU=','2026-02-24 23:56:24.533397',NULL,2,NULL);
/*!40000 ALTER TABLE `chat_message` ENABLE KEYS */;
UNLOCK TABLES;

--
-- Table structure for table `django_admin_log`
--

DROP TABLE IF EXISTS `django_admin_log`;
/*!40101 SET @saved_cs_client     = @@character_set_client */;
/*!50503 SET character_set_client = utf8mb4 */;
CREATE TABLE `django_admin_log` (
  `id` int NOT NULL AUTO_INCREMENT,
  `action_time` datetime(6) NOT NULL,
  `object_id` longtext CHARACTER SET utf8mb4 COLLATE utf8mb4_unicode_ci,
  `object_repr` varchar(200) CHARACTER SET utf8mb4 COLLATE utf8mb4_unicode_ci NOT NULL,
  `action_flag` smallint unsigned NOT NULL,
  `change_message` longtext CHARACTER SET utf8mb4 COLLATE utf8mb4_unicode_ci NOT NULL,
  `content_type_id` int DEFAULT NULL,
  `user_id` bigint NOT NULL,
  PRIMARY KEY (`id`),
  KEY `django_admin_log_content_type_id_c4bce8eb_fk_django_co` (`content_type_id`),
  KEY `django_admin_log_user_id_c564eba6_fk_accounts_user_id` (`user_id`),
  CONSTRAINT `django_admin_log_content_type_id_c4bce8eb_fk_django_co` FOREIGN KEY (`content_type_id`) REFERENCES `django_content_type` (`id`),
  CONSTRAINT `django_admin_log_user_id_c564eba6_fk_accounts_user_id` FOREIGN KEY (`user_id`) REFERENCES `accounts_user` (`id`),
  CONSTRAINT `django_admin_log_chk_1` CHECK ((`action_flag` >= 0))
) ENGINE=InnoDB DEFAULT CHARSET=utf8mb4 COLLATE=utf8mb4_unicode_ci;
/*!40101 SET character_set_client = @saved_cs_client */;

--
-- Dumping data for table `django_admin_log`
--

LOCK TABLES `django_admin_log` WRITE;
/*!40000 ALTER TABLE `django_admin_log` DISABLE KEYS */;
/*!40000 ALTER TABLE `django_admin_log` ENABLE KEYS */;
UNLOCK TABLES;

--
-- Table structure for table `django_content_type`
--

DROP TABLE IF EXISTS `django_content_type`;
/*!40101 SET @saved_cs_client     = @@character_set_client */;
/*!50503 SET character_set_client = utf8mb4 */;
CREATE TABLE `django_content_type` (
  `id` int NOT NULL AUTO_INCREMENT,
  `app_label` varchar(100) CHARACTER SET utf8mb4 COLLATE utf8mb4_unicode_ci NOT NULL,
  `model` varchar(100) CHARACTER SET utf8mb4 COLLATE utf8mb4_unicode_ci NOT NULL,
  PRIMARY KEY (`id`),
  UNIQUE KEY `django_content_type_app_label_model_76bd3d3b_uniq` (`app_label`,`model`)
) ENGINE=InnoDB AUTO_INCREMENT=25 DEFAULT CHARSET=utf8mb4 COLLATE=utf8mb4_unicode_ci;
/*!40101 SET character_set_client = @saved_cs_client */;

--
-- Dumping data for table `django_content_type`
--

LOCK TABLES `django_content_type` WRITE;
/*!40000 ALTER TABLE `django_content_type` DISABLE KEYS */;
INSERT INTO `django_content_type` VALUES (22,'accounts','classgroup'),(6,'accounts','college'),(23,'accounts','counselorclassassignment'),(8,'accounts','counselorstudent'),(21,'accounts','major'),(7,'accounts','user'),(1,'admin','logentry'),(15,'assessments','assessmentresult'),(16,'assessments','riskalert'),(20,'audit','auditlog'),(3,'auth','group'),(2,'auth','permission'),(18,'chat','conversation'),(19,'chat','message'),(4,'contenttypes','contenttype'),(17,'interventions','interventionplan'),(10,'knowledge','knowledgearticle'),(9,'knowledge','knowledgecategory'),(11,'knowledge','knowledgefavorite'),(5,'sessions','session'),(13,'surveys','questionnaire'),(14,'surveys','questionnaireresponse'),(24,'surveys','questionnaireretesttask'),(12,'surveys','questionnairetemplate');
/*!40000 ALTER TABLE `django_content_type` ENABLE KEYS */;
UNLOCK TABLES;

--
-- Table structure for table `django_migrations`
--

DROP TABLE IF EXISTS `django_migrations`;
/*!40101 SET @saved_cs_client     = @@character_set_client */;
/*!50503 SET character_set_client = utf8mb4 */;
CREATE TABLE `django_migrations` (
  `id` bigint NOT NULL AUTO_INCREMENT,
  `app` varchar(255) CHARACTER SET utf8mb4 COLLATE utf8mb4_unicode_ci NOT NULL,
  `name` varchar(255) CHARACTER SET utf8mb4 COLLATE utf8mb4_unicode_ci NOT NULL,
  `applied` datetime(6) NOT NULL,
  PRIMARY KEY (`id`)
) ENGINE=InnoDB AUTO_INCREMENT=30 DEFAULT CHARSET=utf8mb4 COLLATE=utf8mb4_unicode_ci;
/*!40101 SET character_set_client = @saved_cs_client */;

--
-- Dumping data for table `django_migrations`
--

LOCK TABLES `django_migrations` WRITE;
/*!40000 ALTER TABLE `django_migrations` DISABLE KEYS */;
INSERT INTO `django_migrations` VALUES (1,'contenttypes','0001_initial','2026-01-31 23:54:33.637094'),(2,'contenttypes','0002_remove_content_type_name','2026-01-31 23:54:33.737332'),(3,'auth','0001_initial','2026-01-31 23:54:33.980037'),(4,'auth','0002_alter_permission_name_max_length','2026-01-31 23:54:34.029968'),(5,'auth','0003_alter_user_email_max_length','2026-01-31 23:54:34.035846'),(6,'auth','0004_alter_user_username_opts','2026-01-31 23:54:34.042195'),(7,'auth','0005_alter_user_last_login_null','2026-01-31 23:54:34.049109'),(8,'auth','0006_require_contenttypes_0002','2026-01-31 23:54:34.054483'),(9,'auth','0007_alter_validators_add_error_messages','2026-01-31 23:54:34.061907'),(10,'auth','0008_alter_user_username_max_length','2026-01-31 23:54:34.070548'),(11,'auth','0009_alter_user_last_name_max_length','2026-01-31 23:54:34.078658'),(12,'auth','0010_alter_group_name_max_length','2026-01-31 23:54:34.100067'),(13,'auth','0011_update_proxy_permissions','2026-01-31 23:54:34.113143'),(14,'auth','0012_alter_user_first_name_max_length','2026-01-31 23:54:34.123596'),(15,'accounts','0001_initial','2026-01-31 23:54:34.883582'),(16,'admin','0001_initial','2026-01-31 23:54:35.076644'),(17,'admin','0002_logentry_remove_auto_add','2026-01-31 23:54:35.088218'),(18,'admin','0003_logentry_add_action_flag_choices','2026-01-31 23:54:35.099836'),(19,'surveys','0001_initial','2026-01-31 23:54:35.462649'),(20,'assessments','0001_initial','2026-01-31 23:54:35.779041'),(21,'chat','0001_initial','2026-01-31 23:54:36.221777'),(22,'interventions','0001_initial','2026-01-31 23:54:36.527135'),(23,'knowledge','0001_initial','2026-01-31 23:54:36.954130'),(24,'sessions','0001_initial','2026-01-31 23:54:36.986842'),(25,'audit','0001_initial','2026-02-01 17:40:26.126382'),(26,'assessments','0002_assessmentresult_model_meta','2026-02-05 21:06:30.751303'),(27,'accounts','0002_academic_hierarchy','2026-02-24 23:16:00.946718'),(28,'knowledge','0002_article_document','2026-02-24 23:16:00.967917'),(29,'surveys','0002_retest_task_and_repeatable_response','2026-02-24 23:16:01.156847');
/*!40000 ALTER TABLE `django_migrations` ENABLE KEYS */;
UNLOCK TABLES;

--
-- Table structure for table `django_session`
--

DROP TABLE IF EXISTS `django_session`;
/*!40101 SET @saved_cs_client     = @@character_set_client */;
/*!50503 SET character_set_client = utf8mb4 */;
CREATE TABLE `django_session` (
  `session_key` varchar(40) CHARACTER SET utf8mb4 COLLATE utf8mb4_unicode_ci NOT NULL,
  `session_data` longtext CHARACTER SET utf8mb4 COLLATE utf8mb4_unicode_ci NOT NULL,
  `expire_date` datetime(6) NOT NULL,
  PRIMARY KEY (`session_key`),
  KEY `django_session_expire_date_a5c62663` (`expire_date`)
) ENGINE=InnoDB DEFAULT CHARSET=utf8mb4 COLLATE=utf8mb4_unicode_ci;
/*!40101 SET character_set_client = @saved_cs_client */;

--
-- Dumping data for table `django_session`
--

LOCK TABLES `django_session` WRITE;
/*!40000 ALTER TABLE `django_session` DISABLE KEYS */;
/*!40000 ALTER TABLE `django_session` ENABLE KEYS */;
UNLOCK TABLES;

--
-- Table structure for table `interventions_interventionplan`
--

DROP TABLE IF EXISTS `interventions_interventionplan`;
/*!40101 SET @saved_cs_client     = @@character_set_client */;
/*!50503 SET character_set_client = utf8mb4 */;
CREATE TABLE `interventions_interventionplan` (
  `id` bigint NOT NULL AUTO_INCREMENT,
  `title` varchar(120) CHARACTER SET utf8mb4 COLLATE utf8mb4_unicode_ci NOT NULL,
  `content` longtext CHARACTER SET utf8mb4 COLLATE utf8mb4_unicode_ci NOT NULL,
  `status` varchar(20) CHARACTER SET utf8mb4 COLLATE utf8mb4_unicode_ci NOT NULL,
  `created_at` datetime(6) NOT NULL,
  `updated_at` datetime(6) NOT NULL,
  `assessment_id` bigint DEFAULT NULL,
  `counselor_id` bigint DEFAULT NULL,
  `student_id` bigint NOT NULL,
  PRIMARY KEY (`id`),
  KEY `interventions_interv_assessment_id_cd797808_fk_assessmen` (`assessment_id`),
  KEY `interventions_interv_counselor_id_c3d8a9bb_fk_accounts_` (`counselor_id`),
  KEY `interventions_interv_student_id_5d1196e5_fk_accounts_` (`student_id`),
  CONSTRAINT `interventions_interv_assessment_id_cd797808_fk_assessmen` FOREIGN KEY (`assessment_id`) REFERENCES `assessments_assessmentresult` (`id`),
  CONSTRAINT `interventions_interv_counselor_id_c3d8a9bb_fk_accounts_` FOREIGN KEY (`counselor_id`) REFERENCES `accounts_user` (`id`),
  CONSTRAINT `interventions_interv_student_id_5d1196e5_fk_accounts_` FOREIGN KEY (`student_id`) REFERENCES `accounts_user` (`id`)
) ENGINE=InnoDB AUTO_INCREMENT=117 DEFAULT CHARSET=utf8mb4 COLLATE=utf8mb4_unicode_ci;
/*!40101 SET character_set_client = @saved_cs_client */;

--
-- Dumping data for table `interventions_interventionplan`
--

LOCK TABLES `interventions_interventionplan` WRITE;
/*!40000 ALTER TABLE `interventions_interventionplan` DISABLE KEYS */;
INSERT INTO `interventions_interventionplan` VALUES (1,'干预建议（示例）','建议：规律作息 + 每日10分钟放松训练；必要时预约面谈。','sent','2026-01-31 23:55:51.824108','2026-01-31 23:55:51.824441',NULL,3,4),(2,'风险学生跟进计划（模拟）','1) 本周完成一次面谈；2) 每日情绪打卡；3) 睡眠与作息调整。','in_progress','2026-02-06 11:12:39.656698','2026-02-06 11:12:39.656712',8,3,17),(3,'风险学生跟进计划（模拟）','1) 本周完成一次面谈；2) 每日情绪打卡；3) 睡眠与作息调整。','in_progress','2026-02-06 11:12:39.672911','2026-02-06 11:12:39.672925',9,9,18),(4,'风险学生跟进计划（模拟）','1) 本周完成一次面谈；2) 每日情绪打卡；3) 睡眠与作息调整。','in_progress','2026-02-06 11:12:39.689293','2026-02-06 11:12:39.689319',10,10,19),(5,'风险学生跟进计划（模拟）','1) 本周完成一次面谈；2) 每日情绪打卡；3) 睡眠与作息调整。','in_progress','2026-02-06 11:12:39.706671','2026-02-06 11:12:39.706683',11,3,20),(6,'风险学生跟进计划（模拟）','1) 本周完成一次面谈；2) 每日情绪打卡；3) 睡眠与作息调整。','in_progress','2026-02-06 11:12:39.800460','2026-02-06 11:12:39.800495',19,10,16),(7,'风险学生跟进计划（模拟）','1) 本周完成一次面谈；2) 每日情绪打卡；3) 睡眠与作息调整。','in_progress','2026-02-06 11:12:39.819213','2026-02-06 11:12:39.819237',20,3,17),(8,'风险学生跟进计划（模拟）','1) 本周完成一次面谈；2) 每日情绪打卡；3) 睡眠与作息调整。','in_progress','2026-02-06 11:12:39.836871','2026-02-06 11:12:39.836892',21,9,18),(9,'风险学生跟进计划（模拟）','1) 本周完成一次面谈；2) 每日情绪打卡；3) 睡眠与作息调整。','in_progress','2026-02-06 11:12:39.853206','2026-02-06 11:12:39.853233',22,10,19),(10,'风险学生跟进计划（模拟）','1) 本周完成一次面谈；2) 每日情绪打卡；3) 睡眠与作息调整。','in_progress','2026-02-06 11:12:39.955022','2026-02-06 11:12:39.955060',30,9,15),(11,'风险学生跟进计划（模拟）','1) 本周完成一次面谈；2) 每日情绪打卡；3) 睡眠与作息调整。','in_progress','2026-02-06 11:12:39.973020','2026-02-06 11:12:39.973044',31,10,16),(12,'风险学生跟进计划（模拟）','1) 本周完成一次面谈；2) 每日情绪打卡；3) 睡眠与作息调整。','in_progress','2026-02-06 11:12:39.990466','2026-02-06 11:12:39.990494',32,3,17),(13,'风险学生跟进计划（模拟）','1) 本周完成一次面谈；2) 每日情绪打卡；3) 睡眠与作息调整。','in_progress','2026-02-06 11:12:40.011066','2026-02-06 11:12:40.011096',33,9,18),(14,'风险学生跟进计划（模拟）','1) 本周完成一次面谈；2) 每日情绪打卡；3) 睡眠与作息调整。','in_progress','2026-02-06 11:12:40.158702','2026-02-06 11:12:40.158716',41,3,14),(15,'风险学生跟进计划（模拟）','1) 本周完成一次面谈；2) 每日情绪打卡；3) 睡眠与作息调整。','in_progress','2026-02-06 11:12:40.174171','2026-02-06 11:12:40.174182',42,9,15),(16,'风险学生跟进计划（模拟）','1) 本周完成一次面谈；2) 每日情绪打卡；3) 睡眠与作息调整。','in_progress','2026-02-06 11:12:40.187813','2026-02-06 11:12:40.187825',43,10,16),(17,'风险学生跟进计划（模拟）','1) 本周完成一次面谈；2) 每日情绪打卡；3) 睡眠与作息调整。','in_progress','2026-02-06 11:12:40.200949','2026-02-06 11:12:40.200961',44,3,17),(18,'风险学生跟进计划（模拟）','1) 本周完成一次面谈；2) 每日情绪打卡；3) 睡眠与作息调整。','in_progress','2026-02-06 11:12:40.281501','2026-02-06 11:12:40.281532',52,32,36),(19,'风险学生跟进计划（模拟）','1) 本周完成一次面谈；2) 每日情绪打卡；3) 睡眠与作息调整。','in_progress','2026-02-06 11:12:40.300496','2026-02-06 11:12:40.300531',53,33,37),(20,'风险学生跟进计划（模拟）','1) 本周完成一次面谈；2) 每日情绪打卡；3) 睡眠与作息调整。','in_progress','2026-02-06 11:12:40.319262','2026-02-06 11:12:40.319286',54,32,38),(21,'风险学生跟进计划（模拟）','1) 本周完成一次面谈；2) 每日情绪打卡；3) 睡眠与作息调整。','in_progress','2026-02-06 11:12:40.336308','2026-02-06 11:12:40.336320',55,33,39),(22,'风险学生跟进计划（模拟）','1) 本周完成一次面谈；2) 每日情绪打卡；3) 睡眠与作息调整。','in_progress','2026-02-06 11:12:40.425742','2026-02-06 11:12:40.425772',63,33,35),(23,'风险学生跟进计划（模拟）','1) 本周完成一次面谈；2) 每日情绪打卡；3) 睡眠与作息调整。','in_progress','2026-02-06 11:12:40.442016','2026-02-06 11:12:40.442045',64,32,36),(24,'风险学生跟进计划（模拟）','1) 本周完成一次面谈；2) 每日情绪打卡；3) 睡眠与作息调整。','in_progress','2026-02-06 11:12:40.459077','2026-02-06 11:12:40.459104',65,33,37),(25,'风险学生跟进计划（模拟）','1) 本周完成一次面谈；2) 每日情绪打卡；3) 睡眠与作息调整。','in_progress','2026-02-06 11:12:40.476518','2026-02-06 11:12:40.476541',66,32,38),(26,'风险学生跟进计划（模拟）','1) 本周完成一次面谈；2) 每日情绪打卡；3) 睡眠与作息调整。','in_progress','2026-02-06 11:12:40.563466','2026-02-06 11:12:40.563509',73,33,45),(27,'风险学生跟进计划（模拟）','1) 本周完成一次面谈；2) 每日情绪打卡；3) 睡眠与作息调整。','in_progress','2026-02-06 11:12:40.583542','2026-02-06 11:12:40.583572',74,32,34),(28,'风险学生跟进计划（模拟）','1) 本周完成一次面谈；2) 每日情绪打卡；3) 睡眠与作息调整。','in_progress','2026-02-06 11:12:40.601037','2026-02-06 11:12:40.601072',75,33,35),(29,'风险学生跟进计划（模拟）','1) 本周完成一次面谈；2) 每日情绪打卡；3) 睡眠与作息调整。','in_progress','2026-02-06 11:12:40.619097','2026-02-06 11:12:40.619109',76,32,36),(30,'风险学生跟进计划（模拟）','1) 本周完成一次面谈；2) 每日情绪打卡；3) 睡眠与作息调整。','in_progress','2026-02-06 11:12:40.633123','2026-02-06 11:12:40.633135',77,33,37),(31,'风险学生跟进计划（模拟）','1) 本周完成一次面谈；2) 每日情绪打卡；3) 睡眠与作息调整。','in_progress','2026-02-06 11:12:40.715015','2026-02-06 11:12:40.715047',84,32,44),(32,'风险学生跟进计划（模拟）','1) 本周完成一次面谈；2) 每日情绪打卡；3) 睡眠与作息调整。','in_progress','2026-02-06 11:12:40.733151','2026-02-06 11:12:40.733183',85,33,45),(33,'风险学生跟进计划（模拟）','1) 本周完成一次面谈；2) 每日情绪打卡；3) 睡眠与作息调整。','in_progress','2026-02-06 11:12:40.751863','2026-02-06 11:12:40.751893',86,55,57),(34,'风险学生跟进计划（模拟）','1) 本周完成一次面谈；2) 每日情绪打卡；3) 睡眠与作息调整。','in_progress','2026-02-06 11:12:40.771060','2026-02-06 11:12:40.771091',87,56,58),(35,'风险学生跟进计划（模拟）','1) 本周完成一次面谈；2) 每日情绪打卡；3) 睡眠与作息调整。','in_progress','2026-02-06 11:12:40.788769','2026-02-06 11:12:40.788799',88,55,59),(36,'风险学生跟进计划（模拟）','1) 本周完成一次面谈；2) 每日情绪打卡；3) 睡眠与作息调整。','in_progress','2026-02-06 11:12:40.885337','2026-02-06 11:12:40.885372',95,56,66),(37,'风险学生跟进计划（模拟）','1) 本周完成一次面谈；2) 每日情绪打卡；3) 睡眠与作息调整。','in_progress','2026-02-06 11:12:40.964966','2026-02-06 11:12:40.964979',96,55,67),(38,'风险学生跟进计划（模拟）','1) 本周完成一次面谈；2) 每日情绪打卡；3) 睡眠与作息调整。','in_progress','2026-02-06 11:12:40.978447','2026-02-06 11:12:40.978456',97,56,68),(39,'风险学生跟进计划（模拟）','1) 本周完成一次面谈；2) 每日情绪打卡；3) 睡眠与作息调整。','in_progress','2026-02-06 11:12:40.993694','2026-02-06 11:12:40.993718',98,55,57),(40,'风险学生跟进计划（模拟）','1) 本周完成一次面谈；2) 每日情绪打卡；3) 睡眠与作息调整。','in_progress','2026-02-06 11:12:41.011132','2026-02-06 11:12:41.011158',99,56,58),(41,'风险学生跟进计划（模拟）','1) 本周完成一次面谈；2) 每日情绪打卡；3) 睡眠与作息调整。','in_progress','2026-02-06 11:12:41.095918','2026-02-06 11:12:41.095946',106,55,65),(42,'风险学生跟进计划（模拟）','1) 本周完成一次面谈；2) 每日情绪打卡；3) 睡眠与作息调整。','in_progress','2026-02-06 11:12:41.113523','2026-02-06 11:12:41.113550',107,56,66),(43,'风险学生跟进计划（模拟）','1) 本周完成一次面谈；2) 每日情绪打卡；3) 睡眠与作息调整。','in_progress','2026-02-06 11:12:41.130826','2026-02-06 11:12:41.130862',108,55,67),(44,'风险学生跟进计划（模拟）','1) 本周完成一次面谈；2) 每日情绪打卡；3) 睡眠与作息调整。','in_progress','2026-02-06 11:12:41.147378','2026-02-06 11:12:41.147412',109,56,68),(45,'风险学生跟进计划（模拟）','1) 本周完成一次面谈；2) 每日情绪打卡；3) 睡眠与作息调整。','in_progress','2026-02-06 11:12:41.165563','2026-02-06 11:12:41.165591',110,55,57),(46,'风险学生跟进计划（模拟）','1) 本周完成一次面谈；2) 每日情绪打卡；3) 睡眠与作息调整。','in_progress','2026-02-06 11:12:41.248654','2026-02-06 11:12:41.248684',117,56,64),(47,'风险学生跟进计划（模拟）','1) 本周完成一次面谈；2) 每日情绪打卡；3) 睡眠与作息调整。','in_progress','2026-02-06 11:12:41.265627','2026-02-06 11:12:41.265658',118,55,65),(48,'风险学生跟进计划（模拟）','1) 本周完成一次面谈；2) 每日情绪打卡；3) 睡眠与作息调整。','in_progress','2026-02-06 11:12:41.281585','2026-02-06 11:12:41.281602',119,56,66),(49,'风险学生跟进计划（模拟）','1) 本周完成一次面谈；2) 每日情绪打卡；3) 睡眠与作息调整。','in_progress','2026-02-06 11:12:41.299263','2026-02-06 11:12:41.299291',120,55,67),(50,'风险学生跟进计划（模拟）','1) 本周完成一次面谈；2) 每日情绪打卡；3) 睡眠与作息调整。','in_progress','2026-02-06 11:12:41.401922','2026-02-06 11:12:41.401946',128,78,86),(51,'风险学生跟进计划（模拟）','1) 本周完成一次面谈；2) 每日情绪打卡；3) 睡眠与作息调整。','in_progress','2026-02-06 11:12:41.419464','2026-02-06 11:12:41.419481',129,79,87),(52,'风险学生跟进计划（模拟）','1) 本周完成一次面谈；2) 每日情绪打卡；3) 睡眠与作息调整。','in_progress','2026-02-06 11:12:41.434280','2026-02-06 11:12:41.434290',130,78,88),(53,'风险学生跟进计划（模拟）','1) 本周完成一次面谈；2) 每日情绪打卡；3) 睡眠与作息调整。','in_progress','2026-02-06 11:12:41.449378','2026-02-06 11:12:41.449407',131,79,89),(54,'风险学生跟进计划（模拟）','1) 本周完成一次面谈；2) 每日情绪打卡；3) 睡眠与作息调整。','in_progress','2026-02-06 11:12:41.550888','2026-02-06 11:12:41.550916',139,79,85),(55,'风险学生跟进计划（模拟）','1) 本周完成一次面谈；2) 每日情绪打卡；3) 睡眠与作息调整。','in_progress','2026-02-06 11:12:41.569019','2026-02-06 11:12:41.569049',140,78,86),(56,'风险学生跟进计划（模拟）','1) 本周完成一次面谈；2) 每日情绪打卡；3) 睡眠与作息调整。','in_progress','2026-02-06 11:12:41.588259','2026-02-06 11:12:41.588312',141,79,87),(57,'风险学生跟进计划（模拟）','1) 本周完成一次面谈；2) 每日情绪打卡；3) 睡眠与作息调整。','in_progress','2026-02-06 11:12:41.607653','2026-02-06 11:12:41.607682',142,78,88),(58,'风险学生跟进计划（模拟）','1) 本周完成一次面谈；2) 每日情绪打卡；3) 睡眠与作息调整。','in_progress','2026-02-06 11:12:41.707375','2026-02-06 11:12:41.707406',150,78,84),(59,'风险学生跟进计划（模拟）','1) 本周完成一次面谈；2) 每日情绪打卡；3) 睡眠与作息调整。','in_progress','2026-02-06 11:12:41.728114','2026-02-06 11:12:41.728141',151,79,85),(60,'风险学生跟进计划（模拟）','1) 本周完成一次面谈；2) 每日情绪打卡；3) 睡眠与作息调整。','in_progress','2026-02-06 11:12:41.745622','2026-02-06 11:12:41.745643',152,78,86),(61,'风险学生跟进计划（模拟）','1) 本周完成一次面谈；2) 每日情绪打卡；3) 睡眠与作息调整。','in_progress','2026-02-06 11:12:41.761805','2026-02-06 11:12:41.761831',153,79,87),(62,'风险学生跟进计划（模拟）','1) 本周完成一次面谈；2) 每日情绪打卡；3) 睡眠与作息调整。','in_progress','2026-02-06 11:12:41.849133','2026-02-06 11:12:41.849162',161,79,83),(63,'风险学生跟进计划（模拟）','1) 本周完成一次面谈；2) 每日情绪打卡；3) 睡眠与作息调整。','in_progress','2026-02-06 11:12:41.866492','2026-02-06 11:12:41.866521',162,78,84),(64,'风险学生跟进计划（模拟）','1) 本周完成一次面谈；2) 每日情绪打卡；3) 睡眠与作息调整。','in_progress','2026-02-06 11:12:41.882260','2026-02-06 11:12:41.882288',163,79,85),(65,'风险学生跟进计划（模拟）','1) 本周完成一次面谈；2) 每日情绪打卡；3) 睡眠与作息调整。','in_progress','2026-02-06 11:12:41.899557','2026-02-06 11:12:41.899583',164,78,86),(66,'风险学生跟进计划（模拟）','1) 本周完成一次面谈；2) 每日情绪打卡；3) 睡眠与作息调整。','in_progress','2026-02-06 11:14:44.229849','2026-02-06 11:14:44.229864',174,9,27),(67,'风险学生跟进计划（模拟）','1) 本周完成一次面谈；2) 每日情绪打卡；3) 睡眠与作息调整。','in_progress','2026-02-06 11:14:44.247054','2026-02-06 11:14:44.247086',175,10,28),(68,'风险学生跟进计划（模拟）','1) 本周完成一次面谈；2) 每日情绪打卡；3) 睡眠与作息调整。','in_progress','2026-02-06 11:14:44.266249','2026-02-06 11:14:44.266284',176,3,29),(69,'风险学生跟进计划（模拟）','1) 本周完成一次面谈；2) 每日情绪打卡；3) 睡眠与作息调整。','in_progress','2026-02-06 11:14:44.284705','2026-02-06 11:14:44.284736',177,9,30),(70,'风险学生跟进计划（模拟）','1) 本周完成一次面谈；2) 每日情绪打卡；3) 睡眠与作息调整。','in_progress','2026-02-06 11:14:44.431199','2026-02-06 11:14:44.431249',181,3,26),(71,'风险学生跟进计划（模拟）','1) 本周完成一次面谈；2) 每日情绪打卡；3) 睡眠与作息调整。','in_progress','2026-02-06 11:14:44.452917','2026-02-06 11:14:44.452931',182,9,27),(72,'风险学生跟进计划（模拟）','1) 本周完成一次面谈；2) 每日情绪打卡；3) 睡眠与作息调整。','in_progress','2026-02-06 11:14:44.470883','2026-02-06 11:14:44.470912',183,10,28),(73,'风险学生跟进计划（模拟）','1) 本周完成一次面谈；2) 每日情绪打卡；3) 睡眠与作息调整。','in_progress','2026-02-06 11:14:44.491681','2026-02-06 11:14:44.491712',184,3,29),(74,'风险学生跟进计划（模拟）','1) 本周完成一次面谈；2) 每日情绪打卡；3) 睡眠与作息调整。','in_progress','2026-02-06 11:14:44.631226','2026-02-06 11:14:44.631266',188,10,25),(75,'风险学生跟进计划（模拟）','1) 本周完成一次面谈；2) 每日情绪打卡；3) 睡眠与作息调整。','in_progress','2026-02-06 11:14:44.650267','2026-02-06 11:14:44.650295',189,3,26),(76,'风险学生跟进计划（模拟）','1) 本周完成一次面谈；2) 每日情绪打卡；3) 睡眠与作息调整。','in_progress','2026-02-06 11:14:44.669811','2026-02-06 11:14:44.669826',190,9,27),(77,'风险学生跟进计划（模拟）','1) 本周完成一次面谈；2) 每日情绪打卡；3) 睡眠与作息调整。','in_progress','2026-02-06 11:14:44.686437','2026-02-06 11:14:44.686449',191,10,28),(78,'风险学生跟进计划（模拟）','1) 本周完成一次面谈；2) 每日情绪打卡；3) 睡眠与作息调整。','in_progress','2026-02-06 11:14:44.877646','2026-02-06 11:14:44.877684',195,9,24),(79,'风险学生跟进计划（模拟）','1) 本周完成一次面谈；2) 每日情绪打卡；3) 睡眠与作息调整。','in_progress','2026-02-06 11:14:44.894517','2026-02-06 11:14:44.894571',196,10,25),(80,'风险学生跟进计划（模拟）','1) 本周完成一次面谈；2) 每日情绪打卡；3) 睡眠与作息调整。','in_progress','2026-02-06 11:14:44.914399','2026-02-06 11:14:44.914442',197,3,26),(81,'风险学生跟进计划（模拟）','1) 本周完成一次面谈；2) 每日情绪打卡；3) 睡眠与作息调整。','in_progress','2026-02-06 11:14:44.932670','2026-02-06 11:14:44.932700',198,9,27),(82,'风险学生跟进计划（模拟）','1) 本周完成一次面谈；2) 每日情绪打卡；3) 睡眠与作息调整。','in_progress','2026-02-06 11:14:45.060689','2026-02-06 11:14:45.060718',202,32,46),(83,'风险学生跟进计划（模拟）','1) 本周完成一次面谈；2) 每日情绪打卡；3) 睡眠与作息调整。','in_progress','2026-02-06 11:14:45.078463','2026-02-06 11:14:45.078490',203,33,47),(84,'风险学生跟进计划（模拟）','1) 本周完成一次面谈；2) 每日情绪打卡；3) 睡眠与作息调整。','in_progress','2026-02-06 11:14:45.096016','2026-02-06 11:14:45.096050',204,32,48),(85,'风险学生跟进计划（模拟）','1) 本周完成一次面谈；2) 每日情绪打卡；3) 睡眠与作息调整。','in_progress','2026-02-06 11:14:45.114006','2026-02-06 11:14:45.114034',205,33,49),(86,'风险学生跟进计划（模拟）','1) 本周完成一次面谈；2) 每日情绪打卡；3) 睡眠与作息调整。','in_progress','2026-02-06 11:14:45.266156','2026-02-06 11:14:45.266185',210,32,46),(87,'风险学生跟进计划（模拟）','1) 本周完成一次面谈；2) 每日情绪打卡；3) 睡眠与作息调整。','in_progress','2026-02-06 11:14:45.284362','2026-02-06 11:14:45.284395',211,33,47),(88,'风险学生跟进计划（模拟）','1) 本周完成一次面谈；2) 每日情绪打卡；3) 睡眠与作息调整。','in_progress','2026-02-06 11:14:45.303231','2026-02-06 11:14:45.303263',212,32,48),(89,'风险学生跟进计划（模拟）','1) 本周完成一次面谈；2) 每日情绪打卡；3) 睡眠与作息调整。','in_progress','2026-02-06 11:14:45.463179','2026-02-06 11:14:45.463210',218,32,46),(90,'风险学生跟进计划（模拟）','1) 本周完成一次面谈；2) 每日情绪打卡；3) 睡眠与作息调整。','in_progress','2026-02-06 11:14:45.482664','2026-02-06 11:14:45.482695',219,33,47),(91,'风险学生跟进计划（模拟）','1) 本周完成一次面谈；2) 每日情绪打卡；3) 睡眠与作息调整。','in_progress','2026-02-06 11:14:45.671574','2026-02-06 11:14:45.671606',226,55,69),(92,'风险学生跟进计划（模拟）','1) 本周完成一次面谈；2) 每日情绪打卡；3) 睡眠与作息调整。','in_progress','2026-02-06 11:14:45.783535','2026-02-06 11:14:45.783566',233,56,76),(93,'风险学生跟进计划（模拟）','1) 本周完成一次面谈；2) 每日情绪打卡；3) 睡眠与作息调整。','in_progress','2026-02-06 11:14:45.997595','2026-02-06 11:14:45.997628',240,55,75),(94,'风险学生跟进计划（模拟）','1) 本周完成一次面谈；2) 每日情绪打卡；3) 睡眠与作息调整。','in_progress','2026-02-06 11:14:46.021095','2026-02-06 11:14:46.021115',241,56,76),(95,'风险学生跟进计划（模拟）','1) 本周完成一次面谈；2) 每日情绪打卡；3) 睡眠与作息调整。','in_progress','2026-02-06 11:14:46.225277','2026-02-06 11:14:46.225308',247,56,74),(96,'风险学生跟进计划（模拟）','1) 本周完成一次面谈；2) 每日情绪打卡；3) 睡眠与作息调整。','in_progress','2026-02-06 11:14:46.246973','2026-02-06 11:14:46.247007',248,55,75),(97,'风险学生跟进计划（模拟）','1) 本周完成一次面谈；2) 每日情绪打卡；3) 睡眠与作息调整。','in_progress','2026-02-06 11:14:46.267008','2026-02-06 11:14:46.267041',249,56,76),(98,'风险学生跟进计划（模拟）','1) 本周完成一次面谈；2) 每日情绪打卡；3) 睡眠与作息调整。','in_progress','2026-02-06 11:14:46.441404','2026-02-06 11:14:46.441432',254,78,96),(99,'风险学生跟进计划（模拟）','1) 本周完成一次面谈；2) 每日情绪打卡；3) 睡眠与作息调整。','in_progress','2026-02-06 11:14:46.457778','2026-02-06 11:14:46.457793',255,79,97),(100,'风险学生跟进计划（模拟）','1) 本周完成一次面谈；2) 每日情绪打卡；3) 睡眠与作息调整。','in_progress','2026-02-06 11:14:46.475391','2026-02-06 11:14:46.475418',256,78,98),(101,'风险学生跟进计划（模拟）','1) 本周完成一次面谈；2) 每日情绪打卡；3) 睡眠与作息调整。','in_progress','2026-02-06 11:14:46.493485','2026-02-06 11:14:46.493522',257,79,99),(102,'风险学生跟进计划（模拟）','1) 本周完成一次面谈；2) 每日情绪打卡；3) 睡眠与作息调整。','in_progress','2026-02-06 11:14:46.634469','2026-02-06 11:14:46.634501',261,79,95),(103,'风险学生跟进计划（模拟）','1) 本周完成一次面谈；2) 每日情绪打卡；3) 睡眠与作息调整。','in_progress','2026-02-06 11:14:46.653766','2026-02-06 11:14:46.653803',262,78,96),(104,'风险学生跟进计划（模拟）','1) 本周完成一次面谈；2) 每日情绪打卡；3) 睡眠与作息调整。','in_progress','2026-02-06 11:14:46.675608','2026-02-06 11:14:46.675650',263,79,97),(105,'风险学生跟进计划（模拟）','1) 本周完成一次面谈；2) 每日情绪打卡；3) 睡眠与作息调整。','in_progress','2026-02-06 11:14:46.700435','2026-02-06 11:14:46.700467',264,78,98),(106,'风险学生跟进计划（模拟）','1) 本周完成一次面谈；2) 每日情绪打卡；3) 睡眠与作息调整。','in_progress','2026-02-06 11:14:46.816599','2026-02-06 11:14:46.816620',268,78,94),(107,'风险学生跟进计划（模拟）','1) 本周完成一次面谈；2) 每日情绪打卡；3) 睡眠与作息调整。','in_progress','2026-02-06 11:14:46.834327','2026-02-06 11:14:46.834351',269,79,95),(108,'风险学生跟进计划（模拟）','1) 本周完成一次面谈；2) 每日情绪打卡；3) 睡眠与作息调整。','in_progress','2026-02-06 11:14:46.851820','2026-02-06 11:14:46.851883',270,78,96),(109,'风险学生跟进计划（模拟）','1) 本周完成一次面谈；2) 每日情绪打卡；3) 睡眠与作息调整。','in_progress','2026-02-06 11:14:46.869864','2026-02-06 11:14:46.869897',271,79,97),(110,'风险学生跟进计划（模拟）','1) 本周完成一次面谈；2) 每日情绪打卡；3) 睡眠与作息调整。','in_progress','2026-02-06 11:14:47.012980','2026-02-06 11:14:47.013012',275,79,93),(111,'风险学生跟进计划（模拟）','1) 本周完成一次面谈；2) 每日情绪打卡；3) 睡眠与作息调整。','in_progress','2026-02-06 11:14:47.031811','2026-02-06 11:14:47.031842',276,78,94),(112,'风险学生跟进计划（模拟）','1) 本周完成一次面谈；2) 每日情绪打卡；3) 睡眠与作息调整。','in_progress','2026-02-06 11:14:47.053676','2026-02-06 11:14:47.053713',277,79,95),(113,'风险学生跟进计划（模拟）','1) 本周完成一次面谈；2) 每日情绪打卡；3) 睡眠与作息调整。','in_progress','2026-02-06 11:14:47.073916','2026-02-06 11:14:47.073946',278,78,96),(114,'E2E干预','请尽快线下面谈','done','2026-02-24 21:37:34.986070','2026-02-24 21:37:35.048780',NULL,3,147),(115,'冒烟干预建议','建议：规律作息 + 放松训练','sent','2026-02-24 23:32:43.383941','2026-02-24 23:32:43.383958',NULL,3,4),(116,'同步测试计划','待完成','done','2026-02-24 23:35:59.616805','2026-02-24 23:35:59.687898',NULL,3,4);
/*!40000 ALTER TABLE `interventions_interventionplan` ENABLE KEYS */;
UNLOCK TABLES;

--
-- Table structure for table `knowledge_knowledgearticle`
--

DROP TABLE IF EXISTS `knowledge_knowledgearticle`;
/*!40101 SET @saved_cs_client     = @@character_set_client */;
/*!50503 SET character_set_client = utf8mb4 */;
CREATE TABLE `knowledge_knowledgearticle` (
  `id` bigint NOT NULL AUTO_INCREMENT,
  `title` varchar(120) CHARACTER SET utf8mb4 COLLATE utf8mb4_unicode_ci NOT NULL,
  `summary` varchar(240) CHARACTER SET utf8mb4 COLLATE utf8mb4_unicode_ci NOT NULL,
  `content` longtext CHARACTER SET utf8mb4 COLLATE utf8mb4_unicode_ci NOT NULL,
  `is_published` tinyint(1) NOT NULL,
  `created_at` datetime(6) NOT NULL,
  `updated_at` datetime(6) NOT NULL,
  `created_by_id` bigint DEFAULT NULL,
  `target_college_id` bigint DEFAULT NULL,
  `category_id` bigint DEFAULT NULL,
  `document` varchar(100) COLLATE utf8mb4_unicode_ci DEFAULT NULL,
  PRIMARY KEY (`id`),
  KEY `knowledge_knowledgea_created_by_id_7285a7be_fk_accounts_` (`created_by_id`),
  KEY `knowledge_knowledgea_target_college_id_007a3153_fk_accounts_` (`target_college_id`),
  KEY `knowledge_knowledgea_category_id_cde9c6bb_fk_knowledge` (`category_id`),
  CONSTRAINT `knowledge_knowledgea_category_id_cde9c6bb_fk_knowledge` FOREIGN KEY (`category_id`) REFERENCES `knowledge_knowledgecategory` (`id`),
  CONSTRAINT `knowledge_knowledgea_created_by_id_7285a7be_fk_accounts_` FOREIGN KEY (`created_by_id`) REFERENCES `accounts_user` (`id`),
  CONSTRAINT `knowledge_knowledgea_target_college_id_007a3153_fk_accounts_` FOREIGN KEY (`target_college_id`) REFERENCES `accounts_college` (`id`)
) ENGINE=InnoDB AUTO_INCREMENT=11 DEFAULT CHARSET=utf8mb4 COLLATE=utf8mb4_unicode_ci;
/*!40101 SET character_set_client = @saved_cs_client */;

--
-- Dumping data for table `knowledge_knowledgearticle`
--

LOCK TABLES `knowledge_knowledgearticle` WRITE;
/*!40000 ALTER TABLE `knowledge_knowledgearticle` DISABLE KEYS */;
INSERT INTO `knowledge_knowledgearticle` VALUES (1,'60 秒情绪降噪练习（示例）','一个适合在课堂/宿舍快速做的呼吸放松练习。','1) 吸气 4 秒 → 屏息 2 秒 → 呼气 6 秒，重复 5 轮。\\n2) 观察身体感受，不评价。',1,'2026-01-31 23:54:50.725522','2026-01-31 23:54:50.725545',2,1,1,NULL),(2,'考试周减压四步法（示例）','把任务拆到30分钟粒度，按番茄钟完成。','把任务拆到30分钟粒度，按番茄钟完成。',1,'2026-02-06 11:12:39.537225','2026-02-06 11:12:39.537242',2,NULL,2,NULL),(3,'宿舍关系冲突降温指南（示例）','先描述事实，再表达感受，最后提出可执行请求。','先描述事实，再表达感受，最后提出可执行请求。',1,'2026-02-06 11:12:39.539948','2026-02-06 11:12:39.539958',2,NULL,3,NULL),(4,'改善睡眠节律的三个习惯（示例）','固定起床时间、减少晚间强光、睡前放松。','固定起床时间、减少晚间强光、睡前放松。',1,'2026-02-06 11:12:39.542582','2026-02-06 11:12:39.542590',2,NULL,4,NULL),(5,'情绪急救卡（示例）','识别情绪-呼吸放松-找人求助，按顺序执行。','识别情绪-呼吸放松-找人求助，按顺序执行。',1,'2026-02-06 11:12:39.544645','2026-02-06 11:12:39.544652',2,NULL,1,NULL),(6,'计算机学院心理支持资源导航（示例）','计算机学院学院定向心理支持资源（示例）','面向计算机学院学生的模拟资源页：\n1) 学业压力：每周复盘一次；\n2) 睡眠作息：固定起床；\n3) 人际支持：和同伴建立支持清单。',1,'2026-02-06 11:12:39.547312','2026-02-06 11:12:39.547323',2,1,1,NULL),(7,'外国语学院心理支持资源导航（示例）','外国语学院学院定向心理支持资源（示例）','面向外国语学院学生的模拟资源页：\n1) 学业压力：每周复盘一次；\n2) 睡眠作息：固定起床；\n3) 人际支持：和同伴建立支持清单。',1,'2026-02-06 11:12:39.549861','2026-02-06 11:12:39.549869',2,2,1,NULL),(8,'机械工程学院心理支持资源导航（示例）','机械工程学院学院定向心理支持资源（示例）','面向机械工程学院学生的模拟资源页：\n1) 学业压力：每周复盘一次；\n2) 睡眠作息：固定起床；\n3) 人际支持：和同伴建立支持清单。',1,'2026-02-06 11:12:39.552612','2026-02-06 11:12:39.552619',2,3,1,NULL),(9,'经济管理学院心理支持资源导航（示例）','经济管理学院学院定向心理支持资源（示例）','面向经济管理学院学生的模拟资源页：\n1) 学业压力：每周复盘一次；\n2) 睡眠作息：固定起床；\n3) 人际支持：和同伴建立支持清单。',1,'2026-02-06 11:12:39.555030','2026-02-06 11:12:39.555039',2,4,1,NULL),(10,'附件冒烟073724','附件测试','正文',1,'2026-02-24 23:37:24.175605','2026-02-24 23:37:24.175622',2,1,NULL,'knowledge_docs/knowledge_doc_XXXX.txt');
/*!40000 ALTER TABLE `knowledge_knowledgearticle` ENABLE KEYS */;
UNLOCK TABLES;

--
-- Table structure for table `knowledge_knowledgecategory`
--

DROP TABLE IF EXISTS `knowledge_knowledgecategory`;
/*!40101 SET @saved_cs_client     = @@character_set_client */;
/*!50503 SET character_set_client = utf8mb4 */;
CREATE TABLE `knowledge_knowledgecategory` (
  `id` bigint NOT NULL AUTO_INCREMENT,
  `name` varchar(64) CHARACTER SET utf8mb4 COLLATE utf8mb4_unicode_ci NOT NULL,
  PRIMARY KEY (`id`),
  UNIQUE KEY `name` (`name`)
) ENGINE=InnoDB AUTO_INCREMENT=6 DEFAULT CHARSET=utf8mb4 COLLATE=utf8mb4_unicode_ci;
/*!40101 SET character_set_client = @saved_cs_client */;

--
-- Dumping data for table `knowledge_knowledgecategory`
--

LOCK TABLES `knowledge_knowledgecategory` WRITE;
/*!40000 ALTER TABLE `knowledge_knowledgecategory` DISABLE KEYS */;
INSERT INTO `knowledge_knowledgecategory` VALUES (3,'人际关系'),(5,'危机识别'),(2,'学习压力'),(1,'情绪管理'),(4,'睡眠健康');
/*!40000 ALTER TABLE `knowledge_knowledgecategory` ENABLE KEYS */;
UNLOCK TABLES;

--
-- Table structure for table `knowledge_knowledgefavorite`
--

DROP TABLE IF EXISTS `knowledge_knowledgefavorite`;
/*!40101 SET @saved_cs_client     = @@character_set_client */;
/*!50503 SET character_set_client = utf8mb4 */;
CREATE TABLE `knowledge_knowledgefavorite` (
  `id` bigint NOT NULL AUTO_INCREMENT,
  `created_at` datetime(6) NOT NULL,
  `article_id` bigint NOT NULL,
  `user_id` bigint NOT NULL,
  PRIMARY KEY (`id`),
  UNIQUE KEY `uniq_fav_user_article` (`user_id`,`article_id`),
  KEY `knowledge_knowledgef_article_id_d94cc31b_fk_knowledge` (`article_id`),
  CONSTRAINT `knowledge_knowledgef_article_id_d94cc31b_fk_knowledge` FOREIGN KEY (`article_id`) REFERENCES `knowledge_knowledgearticle` (`id`),
  CONSTRAINT `knowledge_knowledgefavorite_user_id_c5b1cd8e_fk_accounts_user_id` FOREIGN KEY (`user_id`) REFERENCES `accounts_user` (`id`)
) ENGINE=InnoDB AUTO_INCREMENT=5 DEFAULT CHARSET=utf8mb4 COLLATE=utf8mb4_unicode_ci;
/*!40101 SET character_set_client = @saved_cs_client */;

--
-- Dumping data for table `knowledge_knowledgefavorite`
--

LOCK TABLES `knowledge_knowledgefavorite` WRITE;
/*!40000 ALTER TABLE `knowledge_knowledgefavorite` DISABLE KEYS */;
/*!40000 ALTER TABLE `knowledge_knowledgefavorite` ENABLE KEYS */;
UNLOCK TABLES;

--
-- Table structure for table `surveys_questionnaire`
--

DROP TABLE IF EXISTS `surveys_questionnaire`;
/*!40101 SET @saved_cs_client     = @@character_set_client */;
/*!50503 SET character_set_client = utf8mb4 */;
CREATE TABLE `surveys_questionnaire` (
  `id` bigint NOT NULL AUTO_INCREMENT,
  `title` varchar(120) CHARACTER SET utf8mb4 COLLATE utf8mb4_unicode_ci NOT NULL,
  `description` varchar(240) CHARACTER SET utf8mb4 COLLATE utf8mb4_unicode_ci NOT NULL,
  `is_active` tinyint(1) NOT NULL,
  `start_at` datetime(6) DEFAULT NULL,
  `end_at` datetime(6) DEFAULT NULL,
  `created_at` datetime(6) NOT NULL,
  `created_by_id` bigint DEFAULT NULL,
  `target_college_id` bigint DEFAULT NULL,
  `template_id` bigint NOT NULL,
  PRIMARY KEY (`id`),
  KEY `surveys_questionnaire_created_by_id_dbfbb512_fk_accounts_user_id` (`created_by_id`),
  KEY `surveys_questionnair_target_college_id_9e465c0b_fk_accounts_` (`target_college_id`),
  KEY `surveys_questionnair_template_id_6fa8ad0a_fk_surveys_q` (`template_id`),
  CONSTRAINT `surveys_questionnair_target_college_id_9e465c0b_fk_accounts_` FOREIGN KEY (`target_college_id`) REFERENCES `accounts_college` (`id`),
  CONSTRAINT `surveys_questionnair_template_id_6fa8ad0a_fk_surveys_q` FOREIGN KEY (`template_id`) REFERENCES `surveys_questionnairetemplate` (`id`),
  CONSTRAINT `surveys_questionnaire_created_by_id_dbfbb512_fk_accounts_user_id` FOREIGN KEY (`created_by_id`) REFERENCES `accounts_user` (`id`)
) ENGINE=InnoDB AUTO_INCREMENT=15 DEFAULT CHARSET=utf8mb4 COLLATE=utf8mb4_unicode_ci;
/*!40101 SET character_set_client = @saved_cs_client */;

--
-- Dumping data for table `surveys_questionnaire`
--

LOCK TABLES `surveys_questionnaire` WRITE;
/*!40000 ALTER TABLE `surveys_questionnaire` DISABLE KEYS */;
INSERT INTO `surveys_questionnaire` VALUES (1,'心理健康自评（示例）','面向计算机学院学生的示例问卷。',1,NULL,NULL,'2026-01-31 23:54:50.748070',2,1,1),(2,'计算机学院心理健康筛查（SCL90模拟）','学院心理普查用结构化模拟问卷。',1,NULL,NULL,'2026-02-06 11:12:39.560466',2,1,2),(3,'计算机学院焦虑状态筛查（SAS模拟）','学院焦虑状态筛查模拟问卷。',1,NULL,NULL,'2026-02-06 11:12:39.563297',2,1,3),(4,'计算机学院抑郁状态筛查（SDS模拟）','学院抑郁状态筛查模拟问卷。',1,NULL,NULL,'2026-02-06 11:12:39.565260',2,1,4),(5,'外国语学院心理健康筛查（SCL90模拟）','学院心理普查用结构化模拟问卷。',1,NULL,NULL,'2026-02-06 11:12:39.567266',31,2,2),(6,'外国语学院焦虑状态筛查（SAS模拟）','学院焦虑状态筛查模拟问卷。',1,NULL,NULL,'2026-02-06 11:12:39.569279',31,2,3),(7,'外国语学院抑郁状态筛查（SDS模拟）','学院抑郁状态筛查模拟问卷。',1,NULL,NULL,'2026-02-06 11:12:39.570888',31,2,4),(8,'机械工程学院心理健康筛查（SCL90模拟）','学院心理普查用结构化模拟问卷。',1,NULL,NULL,'2026-02-06 11:12:39.572565',54,3,2),(9,'机械工程学院焦虑状态筛查（SAS模拟）','学院焦虑状态筛查模拟问卷。',1,NULL,NULL,'2026-02-06 11:12:39.574470',54,3,3),(10,'机械工程学院抑郁状态筛查（SDS模拟）','学院抑郁状态筛查模拟问卷。',1,NULL,NULL,'2026-02-06 11:12:39.576383',54,3,4),(11,'经济管理学院心理健康筛查（SCL90模拟）','学院心理普查用结构化模拟问卷。',1,NULL,NULL,'2026-02-06 11:12:39.578297',77,4,2),(12,'经济管理学院焦虑状态筛查（SAS模拟）','学院焦虑状态筛查模拟问卷。',1,NULL,NULL,'2026-02-06 11:12:39.580052',77,4,3),(13,'经济管理学院抑郁状态筛查（SDS模拟）','学院抑郁状态筛查模拟问卷。',1,NULL,NULL,'2026-02-06 11:12:39.581838',77,4,4),(14,'全校心理普查（SCL90模拟）','全校范围模拟普查问卷（目标学院为空表示全校）。',1,NULL,NULL,'2026-02-06 11:12:39.583790',1,NULL,2);
/*!40000 ALTER TABLE `surveys_questionnaire` ENABLE KEYS */;
UNLOCK TABLES;

--
-- Table structure for table `surveys_questionnaireresponse`
--

DROP TABLE IF EXISTS `surveys_questionnaireresponse`;
/*!40101 SET @saved_cs_client     = @@character_set_client */;
/*!50503 SET character_set_client = utf8mb4 */;
CREATE TABLE `surveys_questionnaireresponse` (
  `id` bigint NOT NULL AUTO_INCREMENT,
  `answers` json NOT NULL,
  `submitted_at` datetime(6) NOT NULL,
  `questionnaire_id` bigint NOT NULL,
  `student_id` bigint NOT NULL,
  PRIMARY KEY (`id`),
  KEY `surveys_questionnair_student_id_55f472a5_fk_accounts_` (`student_id`),
  KEY `surveys_questionnaireresponse_questionnaire_id_6700923c` (`questionnaire_id`),
  CONSTRAINT `surveys_questionnair_questionnaire_id_6700923c_fk_surveys_q` FOREIGN KEY (`questionnaire_id`) REFERENCES `surveys_questionnaire` (`id`),
  CONSTRAINT `surveys_questionnair_student_id_55f472a5_fk_accounts_` FOREIGN KEY (`student_id`) REFERENCES `accounts_user` (`id`)
) ENGINE=InnoDB AUTO_INCREMENT=293 DEFAULT CHARSET=utf8mb4 COLLATE=utf8mb4_unicode_ci;
/*!40101 SET character_set_client = @saved_cs_client */;

--
-- Dumping data for table `surveys_questionnaireresponse`
--

LOCK TABLES `surveys_questionnaireresponse` WRITE;
/*!40000 ALTER TABLE `surveys_questionnaireresponse` DISABLE KEYS */;
INSERT INTO `surveys_questionnaireresponse` VALUES (1,'{\"1\": 4.0, \"2\": 4.0, \"3\": 3.0, \"4\": 3.0, \"5\": 4.0, \"6\": 4.0, \"7\": 3.0, \"8\": 3.0, \"9\": 2.0, \"10\": 2.0}','2026-01-31 23:55:33.566538',1,4),(2,'{\"1\": 1, \"2\": 3, \"3\": 2, \"4\": 1, \"5\": 3, \"6\": 2, \"7\": 1, \"8\": 3, \"9\": 2, \"10\": 1}','2026-02-24 23:32:41.068971',1,11),(3,'{\"1\": 2, \"2\": 1, \"3\": 3, \"4\": 2, \"5\": 1, \"6\": 3, \"7\": 2, \"8\": 1, \"9\": 3, \"10\": 2}','2026-02-23 23:32:41.068971',1,12),(4,'{\"1\": 3, \"2\": 2, \"3\": 1, \"4\": 3, \"5\": 2, \"6\": 1, \"7\": 3, \"8\": 2, \"9\": 1, \"10\": 3}','2026-02-22 23:32:41.068971',1,13),(5,'{\"1\": 1, \"2\": 3, \"3\": 2, \"4\": 1, \"5\": 3, \"6\": 2, \"7\": 1, \"8\": 3, \"9\": 2, \"10\": 1}','2026-02-21 23:32:41.068971',1,14),(6,'{\"1\": 2, \"2\": 1, \"3\": 3, \"4\": 2, \"5\": 1, \"6\": 3, \"7\": 2, \"8\": 1, \"9\": 3, \"10\": 2}','2026-02-20 23:32:41.068971',1,15),(7,'{\"1\": 3, \"2\": 2, \"3\": 1, \"4\": 3, \"5\": 2, \"6\": 1, \"7\": 3, \"8\": 2, \"9\": 1, \"10\": 3}','2026-02-19 23:32:41.068971',1,16),(8,'{\"1\": 2, \"2\": 4, \"3\": 3, \"4\": 2, \"5\": 4, \"6\": 3, \"7\": 2, \"8\": 4, \"9\": 3, \"10\": 2}','2026-02-18 23:32:41.068971',1,17),(9,'{\"1\": 3, \"2\": 2, \"3\": 4, \"4\": 3, \"5\": 2, \"6\": 4, \"7\": 3, \"8\": 2, \"9\": 4, \"10\": 3}','2026-02-17 23:32:41.068971',1,18),(10,'{\"1\": 4, \"2\": 3, \"3\": 2, \"4\": 4, \"5\": 3, \"6\": 2, \"7\": 4, \"8\": 3, \"9\": 2, \"10\": 4}','2026-02-16 23:32:41.068971',1,19),(11,'{\"1\": 3, \"2\": 5, \"3\": 4, \"4\": 3, \"5\": 5, \"6\": 4, \"7\": 3, \"8\": 5, \"9\": 4, \"10\": 3}','2026-02-15 23:32:41.068971',1,20),(12,'{\"1\": 2, \"2\": 1, \"3\": 3, \"4\": 2, \"5\": 1, \"6\": 3, \"7\": 2, \"8\": 1, \"9\": 3, \"10\": 2}','2026-02-14 23:32:41.068971',1,21),(13,'{\"1\": 3, \"2\": 2, \"3\": 1, \"4\": 3, \"5\": 2, \"6\": 1, \"7\": 3, \"8\": 2, \"9\": 1, \"10\": 3}','2026-02-13 23:32:41.068971',1,22),(14,'{\"1\": 3, \"2\": 2, \"3\": 1, \"4\": 3, \"5\": 2, \"6\": 1, \"7\": 3, \"8\": 2, \"9\": 1, \"10\": 3, \"11\": 2, \"12\": 1, \"13\": 3, \"14\": 2, \"15\": 1, \"16\": 3, \"17\": 2, \"18\": 1, \"19\": 3, \"20\": 2, \"21\": 1, \"22\": 3, \"23\": 2, \"24\": 1, \"25\": 3, \"26\": 2, \"27\": 1, \"28\": 3, \"29\": 2, \"30\": 1, \"31\": 3, \"32\": 2, \"33\": 1, \"34\": 3, \"35\": 2, \"36\": 1, \"37\": 3, \"38\": 2, \"39\": 1, \"40\": 3, \"41\": 2, \"42\": 1, \"43\": 3, \"44\": 2, \"45\": 1, \"46\": 3, \"47\": 2, \"48\": 1, \"49\": 3, \"50\": 2, \"51\": 1, \"52\": 3, \"53\": 2, \"54\": 1, \"55\": 3, \"56\": 2, \"57\": 1, \"58\": 3, \"59\": 2, \"60\": 1, \"61\": 3, \"62\": 2, \"63\": 1, \"64\": 3, \"65\": 2, \"66\": 1, \"67\": 3, \"68\": 2, \"69\": 1, \"70\": 3, \"71\": 2, \"72\": 1, \"73\": 3, \"74\": 2, \"75\": 1, \"76\": 3, \"77\": 2, \"78\": 1, \"79\": 3, \"80\": 2, \"81\": 1, \"82\": 3, \"83\": 2, \"84\": 1, \"85\": 3, \"86\": 2, \"87\": 1, \"88\": 3, \"89\": 2, \"90\": 1}','2026-02-23 22:32:41.068971',2,11),(15,'{\"1\": 1, \"2\": 3, \"3\": 2, \"4\": 1, \"5\": 3, \"6\": 2, \"7\": 1, \"8\": 3, \"9\": 2, \"10\": 1, \"11\": 3, \"12\": 2, \"13\": 1, \"14\": 3, \"15\": 2, \"16\": 1, \"17\": 3, \"18\": 2, \"19\": 1, \"20\": 3, \"21\": 2, \"22\": 1, \"23\": 3, \"24\": 2, \"25\": 1, \"26\": 3, \"27\": 2, \"28\": 1, \"29\": 3, \"30\": 2, \"31\": 1, \"32\": 3, \"33\": 2, \"34\": 1, \"35\": 3, \"36\": 2, \"37\": 1, \"38\": 3, \"39\": 2, \"40\": 1, \"41\": 3, \"42\": 2, \"43\": 1, \"44\": 3, \"45\": 2, \"46\": 1, \"47\": 3, \"48\": 2, \"49\": 1, \"50\": 3, \"51\": 2, \"52\": 1, \"53\": 3, \"54\": 2, \"55\": 1, \"56\": 3, \"57\": 2, \"58\": 1, \"59\": 3, \"60\": 2, \"61\": 1, \"62\": 3, \"63\": 2, \"64\": 1, \"65\": 3, \"66\": 2, \"67\": 1, \"68\": 3, \"69\": 2, \"70\": 1, \"71\": 3, \"72\": 2, \"73\": 1, \"74\": 3, \"75\": 2, \"76\": 1, \"77\": 3, \"78\": 2, \"79\": 1, \"80\": 3, \"81\": 2, \"82\": 1, \"83\": 3, \"84\": 2, \"85\": 1, \"86\": 3, \"87\": 2, \"88\": 1, \"89\": 3, \"90\": 2}','2026-02-22 22:32:41.068971',2,12),(16,'{\"1\": 2, \"2\": 1, \"3\": 3, \"4\": 2, \"5\": 1, \"6\": 3, \"7\": 2, \"8\": 1, \"9\": 3, \"10\": 2, \"11\": 1, \"12\": 3, \"13\": 2, \"14\": 1, \"15\": 3, \"16\": 2, \"17\": 1, \"18\": 3, \"19\": 2, \"20\": 1, \"21\": 3, \"22\": 2, \"23\": 1, \"24\": 3, \"25\": 2, \"26\": 1, \"27\": 3, \"28\": 2, \"29\": 1, \"30\": 3, \"31\": 2, \"32\": 1, \"33\": 3, \"34\": 2, \"35\": 1, \"36\": 3, \"37\": 2, \"38\": 1, \"39\": 3, \"40\": 2, \"41\": 1, \"42\": 3, \"43\": 2, \"44\": 1, \"45\": 3, \"46\": 2, \"47\": 1, \"48\": 3, \"49\": 2, \"50\": 1, \"51\": 3, \"52\": 2, \"53\": 1, \"54\": 3, \"55\": 2, \"56\": 1, \"57\": 3, \"58\": 2, \"59\": 1, \"60\": 3, \"61\": 2, \"62\": 1, \"63\": 3, \"64\": 2, \"65\": 1, \"66\": 3, \"67\": 2, \"68\": 1, \"69\": 3, \"70\": 2, \"71\": 1, \"72\": 3, \"73\": 2, \"74\": 1, \"75\": 3, \"76\": 2, \"77\": 1, \"78\": 3, \"79\": 2, \"80\": 1, \"81\": 3, \"82\": 2, \"83\": 1, \"84\": 3, \"85\": 2, \"86\": 1, \"87\": 3, \"88\": 2, \"89\": 1, \"90\": 3}','2026-02-21 22:32:41.068971',2,13),(17,'{\"1\": 3, \"2\": 2, \"3\": 1, \"4\": 3, \"5\": 2, \"6\": 1, \"7\": 3, \"8\": 2, \"9\": 1, \"10\": 3, \"11\": 2, \"12\": 1, \"13\": 3, \"14\": 2, \"15\": 1, \"16\": 3, \"17\": 2, \"18\": 1, \"19\": 3, \"20\": 2, \"21\": 1, \"22\": 3, \"23\": 2, \"24\": 1, \"25\": 3, \"26\": 2, \"27\": 1, \"28\": 3, \"29\": 2, \"30\": 1, \"31\": 3, \"32\": 2, \"33\": 1, \"34\": 3, \"35\": 2, \"36\": 1, \"37\": 3, \"38\": 2, \"39\": 1, \"40\": 3, \"41\": 2, \"42\": 1, \"43\": 3, \"44\": 2, \"45\": 1, \"46\": 3, \"47\": 2, \"48\": 1, \"49\": 3, \"50\": 2, \"51\": 1, \"52\": 3, \"53\": 2, \"54\": 1, \"55\": 3, \"56\": 2, \"57\": 1, \"58\": 3, \"59\": 2, \"60\": 1, \"61\": 3, \"62\": 2, \"63\": 1, \"64\": 3, \"65\": 2, \"66\": 1, \"67\": 3, \"68\": 2, \"69\": 1, \"70\": 3, \"71\": 2, \"72\": 1, \"73\": 3, \"74\": 2, \"75\": 1, \"76\": 3, \"77\": 2, \"78\": 1, \"79\": 3, \"80\": 2, \"81\": 1, \"82\": 3, \"83\": 2, \"84\": 1, \"85\": 3, \"86\": 2, \"87\": 1, \"88\": 3, \"89\": 2, \"90\": 1}','2026-02-20 22:32:41.068971',2,14),(18,'{\"1\": 1, \"2\": 3, \"3\": 2, \"4\": 1, \"5\": 3, \"6\": 2, \"7\": 1, \"8\": 3, \"9\": 2, \"10\": 1, \"11\": 3, \"12\": 2, \"13\": 1, \"14\": 3, \"15\": 2, \"16\": 1, \"17\": 3, \"18\": 2, \"19\": 1, \"20\": 3, \"21\": 2, \"22\": 1, \"23\": 3, \"24\": 2, \"25\": 1, \"26\": 3, \"27\": 2, \"28\": 1, \"29\": 3, \"30\": 2, \"31\": 1, \"32\": 3, \"33\": 2, \"34\": 1, \"35\": 3, \"36\": 2, \"37\": 1, \"38\": 3, \"39\": 2, \"40\": 1, \"41\": 3, \"42\": 2, \"43\": 1, \"44\": 3, \"45\": 2, \"46\": 1, \"47\": 3, \"48\": 2, \"49\": 1, \"50\": 3, \"51\": 2, \"52\": 1, \"53\": 3, \"54\": 2, \"55\": 1, \"56\": 3, \"57\": 2, \"58\": 1, \"59\": 3, \"60\": 2, \"61\": 1, \"62\": 3, \"63\": 2, \"64\": 1, \"65\": 3, \"66\": 2, \"67\": 1, \"68\": 3, \"69\": 2, \"70\": 1, \"71\": 3, \"72\": 2, \"73\": 1, \"74\": 3, \"75\": 2, \"76\": 1, \"77\": 3, \"78\": 2, \"79\": 1, \"80\": 3, \"81\": 2, \"82\": 1, \"83\": 3, \"84\": 2, \"85\": 1, \"86\": 3, \"87\": 2, \"88\": 1, \"89\": 3, \"90\": 2}','2026-02-19 22:32:41.068971',2,15),(19,'{\"1\": 3, \"2\": 2, \"3\": 4, \"4\": 3, \"5\": 2, \"6\": 4, \"7\": 3, \"8\": 2, \"9\": 4, \"10\": 3, \"11\": 2, \"12\": 4, \"13\": 3, \"14\": 2, \"15\": 4, \"16\": 3, \"17\": 2, \"18\": 4, \"19\": 3, \"20\": 2, \"21\": 4, \"22\": 3, \"23\": 2, \"24\": 4, \"25\": 3, \"26\": 2, \"27\": 4, \"28\": 3, \"29\": 2, \"30\": 4, \"31\": 3, \"32\": 2, \"33\": 4, \"34\": 3, \"35\": 2, \"36\": 4, \"37\": 3, \"38\": 2, \"39\": 4, \"40\": 3, \"41\": 2, \"42\": 4, \"43\": 3, \"44\": 2, \"45\": 4, \"46\": 3, \"47\": 2, \"48\": 4, \"49\": 3, \"50\": 2, \"51\": 4, \"52\": 3, \"53\": 2, \"54\": 4, \"55\": 3, \"56\": 2, \"57\": 4, \"58\": 3, \"59\": 2, \"60\": 4, \"61\": 3, \"62\": 2, \"63\": 4, \"64\": 3, \"65\": 2, \"66\": 4, \"67\": 3, \"68\": 2, \"69\": 4, \"70\": 3, \"71\": 2, \"72\": 4, \"73\": 3, \"74\": 2, \"75\": 4, \"76\": 3, \"77\": 2, \"78\": 4, \"79\": 3, \"80\": 2, \"81\": 4, \"82\": 3, \"83\": 2, \"84\": 4, \"85\": 3, \"86\": 2, \"87\": 4, \"88\": 3, \"89\": 2, \"90\": 4}','2026-02-18 22:32:41.068971',2,16),(20,'{\"1\": 4, \"2\": 3, \"3\": 2, \"4\": 4, \"5\": 3, \"6\": 2, \"7\": 4, \"8\": 3, \"9\": 2, \"10\": 4, \"11\": 3, \"12\": 2, \"13\": 4, \"14\": 3, \"15\": 2, \"16\": 4, \"17\": 3, \"18\": 2, \"19\": 4, \"20\": 3, \"21\": 2, \"22\": 4, \"23\": 3, \"24\": 2, \"25\": 4, \"26\": 3, \"27\": 2, \"28\": 4, \"29\": 3, \"30\": 2, \"31\": 4, \"32\": 3, \"33\": 2, \"34\": 4, \"35\": 3, \"36\": 2, \"37\": 4, \"38\": 3, \"39\": 2, \"40\": 4, \"41\": 3, \"42\": 2, \"43\": 4, \"44\": 3, \"45\": 2, \"46\": 4, \"47\": 3, \"48\": 2, \"49\": 4, \"50\": 3, \"51\": 2, \"52\": 4, \"53\": 3, \"54\": 2, \"55\": 4, \"56\": 3, \"57\": 2, \"58\": 4, \"59\": 3, \"60\": 2, \"61\": 4, \"62\": 3, \"63\": 2, \"64\": 4, \"65\": 3, \"66\": 2, \"67\": 4, \"68\": 3, \"69\": 2, \"70\": 4, \"71\": 3, \"72\": 2, \"73\": 4, \"74\": 3, \"75\": 2, \"76\": 4, \"77\": 3, \"78\": 2, \"79\": 4, \"80\": 3, \"81\": 2, \"82\": 4, \"83\": 3, \"84\": 2, \"85\": 4, \"86\": 3, \"87\": 2, \"88\": 4, \"89\": 3, \"90\": 2}','2026-02-17 22:32:41.068971',2,17),(21,'{\"1\": 2, \"2\": 4, \"3\": 3, \"4\": 2, \"5\": 4, \"6\": 3, \"7\": 2, \"8\": 4, \"9\": 3, \"10\": 2, \"11\": 4, \"12\": 3, \"13\": 2, \"14\": 4, \"15\": 3, \"16\": 2, \"17\": 4, \"18\": 3, \"19\": 2, \"20\": 4, \"21\": 3, \"22\": 2, \"23\": 4, \"24\": 3, \"25\": 2, \"26\": 4, \"27\": 3, \"28\": 2, \"29\": 4, \"30\": 3, \"31\": 2, \"32\": 4, \"33\": 3, \"34\": 2, \"35\": 4, \"36\": 3, \"37\": 2, \"38\": 4, \"39\": 3, \"40\": 2, \"41\": 4, \"42\": 3, \"43\": 2, \"44\": 4, \"45\": 3, \"46\": 2, \"47\": 4, \"48\": 3, \"49\": 2, \"50\": 4, \"51\": 3, \"52\": 2, \"53\": 4, \"54\": 3, \"55\": 2, \"56\": 4, \"57\": 3, \"58\": 2, \"59\": 4, \"60\": 3, \"61\": 2, \"62\": 4, \"63\": 3, \"64\": 2, \"65\": 4, \"66\": 3, \"67\": 2, \"68\": 4, \"69\": 3, \"70\": 2, \"71\": 4, \"72\": 3, \"73\": 2, \"74\": 4, \"75\": 3, \"76\": 2, \"77\": 4, \"78\": 3, \"79\": 2, \"80\": 4, \"81\": 3, \"82\": 2, \"83\": 4, \"84\": 3, \"85\": 2, \"86\": 4, \"87\": 3, \"88\": 2, \"89\": 4, \"90\": 3}','2026-02-16 22:32:41.068971',2,18),(22,'{\"1\": 4, \"2\": 3, \"3\": 5, \"4\": 4, \"5\": 3, \"6\": 5, \"7\": 4, \"8\": 3, \"9\": 5, \"10\": 4, \"11\": 3, \"12\": 5, \"13\": 4, \"14\": 3, \"15\": 5, \"16\": 4, \"17\": 3, \"18\": 5, \"19\": 4, \"20\": 3, \"21\": 5, \"22\": 4, \"23\": 3, \"24\": 5, \"25\": 4, \"26\": 3, \"27\": 5, \"28\": 4, \"29\": 3, \"30\": 5, \"31\": 4, \"32\": 3, \"33\": 5, \"34\": 4, \"35\": 3, \"36\": 5, \"37\": 4, \"38\": 3, \"39\": 5, \"40\": 4, \"41\": 3, \"42\": 5, \"43\": 4, \"44\": 3, \"45\": 5, \"46\": 4, \"47\": 3, \"48\": 5, \"49\": 4, \"50\": 3, \"51\": 5, \"52\": 4, \"53\": 3, \"54\": 5, \"55\": 4, \"56\": 3, \"57\": 5, \"58\": 4, \"59\": 3, \"60\": 5, \"61\": 4, \"62\": 3, \"63\": 5, \"64\": 4, \"65\": 3, \"66\": 5, \"67\": 4, \"68\": 3, \"69\": 5, \"70\": 4, \"71\": 3, \"72\": 5, \"73\": 4, \"74\": 3, \"75\": 5, \"76\": 4, \"77\": 3, \"78\": 5, \"79\": 4, \"80\": 3, \"81\": 5, \"82\": 4, \"83\": 3, \"84\": 5, \"85\": 4, \"86\": 3, \"87\": 5, \"88\": 4, \"89\": 3, \"90\": 5}','2026-02-15 22:32:41.068971',2,19),(23,'{\"1\": 3, \"2\": 2, \"3\": 1, \"4\": 3, \"5\": 2, \"6\": 1, \"7\": 3, \"8\": 2, \"9\": 1, \"10\": 3, \"11\": 2, \"12\": 1, \"13\": 3, \"14\": 2, \"15\": 1, \"16\": 3, \"17\": 2, \"18\": 1, \"19\": 3, \"20\": 2, \"21\": 1, \"22\": 3, \"23\": 2, \"24\": 1, \"25\": 3, \"26\": 2, \"27\": 1, \"28\": 3, \"29\": 2, \"30\": 1, \"31\": 3, \"32\": 2, \"33\": 1, \"34\": 3, \"35\": 2, \"36\": 1, \"37\": 3, \"38\": 2, \"39\": 1, \"40\": 3, \"41\": 2, \"42\": 1, \"43\": 3, \"44\": 2, \"45\": 1, \"46\": 3, \"47\": 2, \"48\": 1, \"49\": 3, \"50\": 2, \"51\": 1, \"52\": 3, \"53\": 2, \"54\": 1, \"55\": 3, \"56\": 2, \"57\": 1, \"58\": 3, \"59\": 2, \"60\": 1, \"61\": 3, \"62\": 2, \"63\": 1, \"64\": 3, \"65\": 2, \"66\": 1, \"67\": 3, \"68\": 2, \"69\": 1, \"70\": 3, \"71\": 2, \"72\": 1, \"73\": 3, \"74\": 2, \"75\": 1, \"76\": 3, \"77\": 2, \"78\": 1, \"79\": 3, \"80\": 2, \"81\": 1, \"82\": 3, \"83\": 2, \"84\": 1, \"85\": 3, \"86\": 2, \"87\": 1, \"88\": 3, \"89\": 2, \"90\": 1}','2026-02-14 22:32:41.068971',2,20),(24,'{\"1\": 1, \"2\": 3, \"3\": 2, \"4\": 1, \"5\": 3, \"6\": 2, \"7\": 1, \"8\": 3, \"9\": 2, \"10\": 1, \"11\": 3, \"12\": 2, \"13\": 1, \"14\": 3, \"15\": 2, \"16\": 1, \"17\": 3, \"18\": 2, \"19\": 1, \"20\": 3, \"21\": 2, \"22\": 1, \"23\": 3, \"24\": 2, \"25\": 1, \"26\": 3, \"27\": 2, \"28\": 1, \"29\": 3, \"30\": 2, \"31\": 1, \"32\": 3, \"33\": 2, \"34\": 1, \"35\": 3, \"36\": 2, \"37\": 1, \"38\": 3, \"39\": 2, \"40\": 1, \"41\": 3, \"42\": 2, \"43\": 1, \"44\": 3, \"45\": 2, \"46\": 1, \"47\": 3, \"48\": 2, \"49\": 1, \"50\": 3, \"51\": 2, \"52\": 1, \"53\": 3, \"54\": 2, \"55\": 1, \"56\": 3, \"57\": 2, \"58\": 1, \"59\": 3, \"60\": 2, \"61\": 1, \"62\": 3, \"63\": 2, \"64\": 1, \"65\": 3, \"66\": 2, \"67\": 1, \"68\": 3, \"69\": 2, \"70\": 1, \"71\": 3, \"72\": 2, \"73\": 1, \"74\": 3, \"75\": 2, \"76\": 1, \"77\": 3, \"78\": 2, \"79\": 1, \"80\": 3, \"81\": 2, \"82\": 1, \"83\": 3, \"84\": 2, \"85\": 1, \"86\": 3, \"87\": 2, \"88\": 1, \"89\": 3, \"90\": 2}','2026-02-13 22:32:41.068971',2,21),(25,'{\"1\": 2, \"2\": 1, \"3\": 3, \"4\": 2, \"5\": 1, \"6\": 3, \"7\": 2, \"8\": 1, \"9\": 3, \"10\": 2, \"11\": 1, \"12\": 3, \"13\": 2, \"14\": 1, \"15\": 3, \"16\": 2, \"17\": 1, \"18\": 3, \"19\": 2, \"20\": 1, \"21\": 3, \"22\": 2, \"23\": 1, \"24\": 3, \"25\": 2, \"26\": 1, \"27\": 3, \"28\": 2, \"29\": 1, \"30\": 3, \"31\": 2, \"32\": 1, \"33\": 3, \"34\": 2, \"35\": 1, \"36\": 3, \"37\": 2, \"38\": 1, \"39\": 3, \"40\": 2, \"41\": 1, \"42\": 3, \"43\": 2, \"44\": 1, \"45\": 3, \"46\": 2, \"47\": 1, \"48\": 3, \"49\": 2, \"50\": 1, \"51\": 3, \"52\": 2, \"53\": 1, \"54\": 3, \"55\": 2, \"56\": 1, \"57\": 3, \"58\": 2, \"59\": 1, \"60\": 3, \"61\": 2, \"62\": 1, \"63\": 3, \"64\": 2, \"65\": 1, \"66\": 3, \"67\": 2, \"68\": 1, \"69\": 3, \"70\": 2, \"71\": 1, \"72\": 3, \"73\": 2, \"74\": 1, \"75\": 3, \"76\": 2, \"77\": 1, \"78\": 3, \"79\": 2, \"80\": 1, \"81\": 3, \"82\": 2, \"83\": 1, \"84\": 3, \"85\": 2, \"86\": 1, \"87\": 3, \"88\": 2, \"89\": 1, \"90\": 3}','2026-02-12 22:32:41.068971',2,22),(26,'{\"1\": 1, \"2\": 2, \"3\": 1, \"4\": 2, \"5\": 1, \"6\": 2, \"7\": 1, \"8\": 2, \"9\": 1, \"10\": 2, \"11\": 1, \"12\": 2, \"13\": 1, \"14\": 2, \"15\": 1, \"16\": 2, \"17\": 1, \"18\": 2, \"19\": 1, \"20\": 2}','2026-02-22 21:32:41.068971',3,11),(27,'{\"1\": 1, \"2\": 2, \"3\": 1, \"4\": 2, \"5\": 1, \"6\": 2, \"7\": 1, \"8\": 2, \"9\": 1, \"10\": 2, \"11\": 1, \"12\": 2, \"13\": 1, \"14\": 2, \"15\": 1, \"16\": 2, \"17\": 1, \"18\": 2, \"19\": 1, \"20\": 2}','2026-02-21 21:32:41.068971',3,12),(28,'{\"1\": 1, \"2\": 2, \"3\": 1, \"4\": 2, \"5\": 1, \"6\": 2, \"7\": 1, \"8\": 2, \"9\": 1, \"10\": 2, \"11\": 1, \"12\": 2, \"13\": 1, \"14\": 2, \"15\": 1, \"16\": 2, \"17\": 1, \"18\": 2, \"19\": 1, \"20\": 2}','2026-02-20 21:32:41.068971',3,13),(29,'{\"1\": 1, \"2\": 2, \"3\": 1, \"4\": 2, \"5\": 1, \"6\": 2, \"7\": 1, \"8\": 2, \"9\": 1, \"10\": 2, \"11\": 1, \"12\": 2, \"13\": 1, \"14\": 2, \"15\": 1, \"16\": 2, \"17\": 1, \"18\": 2, \"19\": 1, \"20\": 2}','2026-02-19 21:32:41.068971',3,14),(30,'{\"1\": 2, \"2\": 3, \"3\": 2, \"4\": 3, \"5\": 2, \"6\": 3, \"7\": 2, \"8\": 3, \"9\": 2, \"10\": 3, \"11\": 2, \"12\": 3, \"13\": 2, \"14\": 3, \"15\": 2, \"16\": 3, \"17\": 2, \"18\": 3, \"19\": 2, \"20\": 3}','2026-02-18 21:32:41.068971',3,15),(31,'{\"1\": 2, \"2\": 3, \"3\": 2, \"4\": 3, \"5\": 2, \"6\": 3, \"7\": 2, \"8\": 3, \"9\": 2, \"10\": 3, \"11\": 2, \"12\": 3, \"13\": 2, \"14\": 3, \"15\": 2, \"16\": 3, \"17\": 2, \"18\": 3, \"19\": 2, \"20\": 3}','2026-02-17 21:32:41.068971',3,16),(32,'{\"1\": 2, \"2\": 3, \"3\": 2, \"4\": 3, \"5\": 2, \"6\": 3, \"7\": 2, \"8\": 3, \"9\": 2, \"10\": 3, \"11\": 2, \"12\": 3, \"13\": 2, \"14\": 3, \"15\": 2, \"16\": 3, \"17\": 2, \"18\": 3, \"19\": 2, \"20\": 3}','2026-02-16 21:32:41.068971',3,17),(33,'{\"1\": 3, \"2\": 4, \"3\": 3, \"4\": 4, \"5\": 3, \"6\": 4, \"7\": 3, \"8\": 4, \"9\": 3, \"10\": 4, \"11\": 3, \"12\": 4, \"13\": 3, \"14\": 4, \"15\": 3, \"16\": 4, \"17\": 3, \"18\": 4, \"19\": 3, \"20\": 4}','2026-02-15 21:32:41.068971',3,18),(34,'{\"1\": 1, \"2\": 2, \"3\": 1, \"4\": 2, \"5\": 1, \"6\": 2, \"7\": 1, \"8\": 2, \"9\": 1, \"10\": 2, \"11\": 1, \"12\": 2, \"13\": 1, \"14\": 2, \"15\": 1, \"16\": 2, \"17\": 1, \"18\": 2, \"19\": 1, \"20\": 2}','2026-02-14 21:32:41.068971',3,19),(35,'{\"1\": 1, \"2\": 2, \"3\": 1, \"4\": 2, \"5\": 1, \"6\": 2, \"7\": 1, \"8\": 2, \"9\": 1, \"10\": 2, \"11\": 1, \"12\": 2, \"13\": 1, \"14\": 2, \"15\": 1, \"16\": 2, \"17\": 1, \"18\": 2, \"19\": 1, \"20\": 2}','2026-02-13 21:32:41.068971',3,20),(36,'{\"1\": 1, \"2\": 2, \"3\": 1, \"4\": 2, \"5\": 1, \"6\": 2, \"7\": 1, \"8\": 2, \"9\": 1, \"10\": 2, \"11\": 1, \"12\": 2, \"13\": 1, \"14\": 2, \"15\": 1, \"16\": 2, \"17\": 1, \"18\": 2, \"19\": 1, \"20\": 2}','2026-02-12 21:32:41.068971',3,21),(37,'{\"1\": 1, \"2\": 2, \"3\": 1, \"4\": 2, \"5\": 1, \"6\": 2, \"7\": 1, \"8\": 2, \"9\": 1, \"10\": 2, \"11\": 1, \"12\": 2, \"13\": 1, \"14\": 2, \"15\": 1, \"16\": 2, \"17\": 1, \"18\": 2, \"19\": 1, \"20\": 2}','2026-02-11 21:32:41.068971',3,22),(38,'{\"1\": 2, \"2\": 1, \"3\": 2, \"4\": 1, \"5\": 2, \"6\": 1, \"7\": 2, \"8\": 1, \"9\": 2, \"10\": 1, \"11\": 2, \"12\": 1, \"13\": 2, \"14\": 1, \"15\": 2, \"16\": 1, \"17\": 2, \"18\": 1, \"19\": 2, \"20\": 1}','2026-02-21 20:32:41.068971',4,11),(39,'{\"1\": 2, \"2\": 1, \"3\": 2, \"4\": 1, \"5\": 2, \"6\": 1, \"7\": 2, \"8\": 1, \"9\": 2, \"10\": 1, \"11\": 2, \"12\": 1, \"13\": 2, \"14\": 1, \"15\": 2, \"16\": 1, \"17\": 2, \"18\": 1, \"19\": 2, \"20\": 1}','2026-02-20 20:32:41.068971',4,12),(40,'{\"1\": 2, \"2\": 1, \"3\": 2, \"4\": 1, \"5\": 2, \"6\": 1, \"7\": 2, \"8\": 1, \"9\": 2, \"10\": 1, \"11\": 2, \"12\": 1, \"13\": 2, \"14\": 1, \"15\": 2, \"16\": 1, \"17\": 2, \"18\": 1, \"19\": 2, \"20\": 1}','2026-02-19 20:32:41.068971',4,13),(41,'{\"1\": 3, \"2\": 2, \"3\": 3, \"4\": 2, \"5\": 3, \"6\": 2, \"7\": 3, \"8\": 2, \"9\": 3, \"10\": 2, \"11\": 3, \"12\": 2, \"13\": 3, \"14\": 2, \"15\": 3, \"16\": 2, \"17\": 3, \"18\": 2, \"19\": 3, \"20\": 2}','2026-02-18 20:32:41.068971',4,14),(42,'{\"1\": 3, \"2\": 2, \"3\": 3, \"4\": 2, \"5\": 3, \"6\": 2, \"7\": 3, \"8\": 2, \"9\": 3, \"10\": 2, \"11\": 3, \"12\": 2, \"13\": 3, \"14\": 2, \"15\": 3, \"16\": 2, \"17\": 3, \"18\": 2, \"19\": 3, \"20\": 2}','2026-02-17 20:32:41.068971',4,15),(43,'{\"1\": 3, \"2\": 2, \"3\": 3, \"4\": 2, \"5\": 3, \"6\": 2, \"7\": 3, \"8\": 2, \"9\": 3, \"10\": 2, \"11\": 3, \"12\": 2, \"13\": 3, \"14\": 2, \"15\": 3, \"16\": 2, \"17\": 3, \"18\": 2, \"19\": 3, \"20\": 2}','2026-02-16 20:32:41.068971',4,16),(44,'{\"1\": 4, \"2\": 3, \"3\": 4, \"4\": 3, \"5\": 4, \"6\": 3, \"7\": 4, \"8\": 3, \"9\": 4, \"10\": 3, \"11\": 4, \"12\": 3, \"13\": 4, \"14\": 3, \"15\": 4, \"16\": 3, \"17\": 4, \"18\": 3, \"19\": 4, \"20\": 3}','2026-02-15 20:32:41.068971',4,17),(45,'{\"1\": 2, \"2\": 1, \"3\": 2, \"4\": 1, \"5\": 2, \"6\": 1, \"7\": 2, \"8\": 1, \"9\": 2, \"10\": 1, \"11\": 2, \"12\": 1, \"13\": 2, \"14\": 1, \"15\": 2, \"16\": 1, \"17\": 2, \"18\": 1, \"19\": 2, \"20\": 1}','2026-02-14 20:32:41.068971',4,18),(46,'{\"1\": 2, \"2\": 1, \"3\": 2, \"4\": 1, \"5\": 2, \"6\": 1, \"7\": 2, \"8\": 1, \"9\": 2, \"10\": 1, \"11\": 2, \"12\": 1, \"13\": 2, \"14\": 1, \"15\": 2, \"16\": 1, \"17\": 2, \"18\": 1, \"19\": 2, \"20\": 1}','2026-02-13 20:32:41.068971',4,19),(47,'{\"1\": 2, \"2\": 1, \"3\": 2, \"4\": 1, \"5\": 2, \"6\": 1, \"7\": 2, \"8\": 1, \"9\": 2, \"10\": 1, \"11\": 2, \"12\": 1, \"13\": 2, \"14\": 1, \"15\": 2, \"16\": 1, \"17\": 2, \"18\": 1, \"19\": 2, \"20\": 1}','2026-02-12 20:32:41.068971',4,20),(48,'{\"1\": 2, \"2\": 1, \"3\": 2, \"4\": 1, \"5\": 2, \"6\": 1, \"7\": 2, \"8\": 1, \"9\": 2, \"10\": 1, \"11\": 2, \"12\": 1, \"13\": 2, \"14\": 1, \"15\": 2, \"16\": 1, \"17\": 2, \"18\": 1, \"19\": 2, \"20\": 1}','2026-02-11 20:32:41.068971',4,21),(49,'{\"1\": 2, \"2\": 1, \"3\": 2, \"4\": 1, \"5\": 2, \"6\": 1, \"7\": 2, \"8\": 1, \"9\": 2, \"10\": 1, \"11\": 2, \"12\": 1, \"13\": 2, \"14\": 1, \"15\": 2, \"16\": 1, \"17\": 2, \"18\": 1, \"19\": 2, \"20\": 1}','2026-02-10 20:32:41.068971',4,22),(50,'{\"1\": 1, \"2\": 3, \"3\": 2, \"4\": 1, \"5\": 3, \"6\": 2, \"7\": 1, \"8\": 3, \"9\": 2, \"10\": 1, \"11\": 3, \"12\": 2, \"13\": 1, \"14\": 3, \"15\": 2, \"16\": 1, \"17\": 3, \"18\": 2, \"19\": 1, \"20\": 3, \"21\": 2, \"22\": 1, \"23\": 3, \"24\": 2, \"25\": 1, \"26\": 3, \"27\": 2, \"28\": 1, \"29\": 3, \"30\": 2, \"31\": 1, \"32\": 3, \"33\": 2, \"34\": 1, \"35\": 3, \"36\": 2, \"37\": 1, \"38\": 3, \"39\": 2, \"40\": 1, \"41\": 3, \"42\": 2, \"43\": 1, \"44\": 3, \"45\": 2, \"46\": 1, \"47\": 3, \"48\": 2, \"49\": 1, \"50\": 3, \"51\": 2, \"52\": 1, \"53\": 3, \"54\": 2, \"55\": 1, \"56\": 3, \"57\": 2, \"58\": 1, \"59\": 3, \"60\": 2, \"61\": 1, \"62\": 3, \"63\": 2, \"64\": 1, \"65\": 3, \"66\": 2, \"67\": 1, \"68\": 3, \"69\": 2, \"70\": 1, \"71\": 3, \"72\": 2, \"73\": 1, \"74\": 3, \"75\": 2, \"76\": 1, \"77\": 3, \"78\": 2, \"79\": 1, \"80\": 3, \"81\": 2, \"82\": 1, \"83\": 3, \"84\": 2, \"85\": 1, \"86\": 3, \"87\": 2, \"88\": 1, \"89\": 3, \"90\": 2}','2026-02-20 19:32:41.068971',5,34),(51,'{\"1\": 2, \"2\": 1, \"3\": 3, \"4\": 2, \"5\": 1, \"6\": 3, \"7\": 2, \"8\": 1, \"9\": 3, \"10\": 2, \"11\": 1, \"12\": 3, \"13\": 2, \"14\": 1, \"15\": 3, \"16\": 2, \"17\": 1, \"18\": 3, \"19\": 2, \"20\": 1, \"21\": 3, \"22\": 2, \"23\": 1, \"24\": 3, \"25\": 2, \"26\": 1, \"27\": 3, \"28\": 2, \"29\": 1, \"30\": 3, \"31\": 2, \"32\": 1, \"33\": 3, \"34\": 2, \"35\": 1, \"36\": 3, \"37\": 2, \"38\": 1, \"39\": 3, \"40\": 2, \"41\": 1, \"42\": 3, \"43\": 2, \"44\": 1, \"45\": 3, \"46\": 2, \"47\": 1, \"48\": 3, \"49\": 2, \"50\": 1, \"51\": 3, \"52\": 2, \"53\": 1, \"54\": 3, \"55\": 2, \"56\": 1, \"57\": 3, \"58\": 2, \"59\": 1, \"60\": 3, \"61\": 2, \"62\": 1, \"63\": 3, \"64\": 2, \"65\": 1, \"66\": 3, \"67\": 2, \"68\": 1, \"69\": 3, \"70\": 2, \"71\": 1, \"72\": 3, \"73\": 2, \"74\": 1, \"75\": 3, \"76\": 2, \"77\": 1, \"78\": 3, \"79\": 2, \"80\": 1, \"81\": 3, \"82\": 2, \"83\": 1, \"84\": 3, \"85\": 2, \"86\": 1, \"87\": 3, \"88\": 2, \"89\": 1, \"90\": 3}','2026-02-19 19:32:41.068971',5,35),(52,'{\"1\": 4, \"2\": 3, \"3\": 2, \"4\": 4, \"5\": 3, \"6\": 2, \"7\": 4, \"8\": 3, \"9\": 2, \"10\": 4, \"11\": 3, \"12\": 2, \"13\": 4, \"14\": 3, \"15\": 2, \"16\": 4, \"17\": 3, \"18\": 2, \"19\": 4, \"20\": 3, \"21\": 2, \"22\": 4, \"23\": 3, \"24\": 2, \"25\": 4, \"26\": 3, \"27\": 2, \"28\": 4, \"29\": 3, \"30\": 2, \"31\": 4, \"32\": 3, \"33\": 2, \"34\": 4, \"35\": 3, \"36\": 2, \"37\": 4, \"38\": 3, \"39\": 2, \"40\": 4, \"41\": 3, \"42\": 2, \"43\": 4, \"44\": 3, \"45\": 2, \"46\": 4, \"47\": 3, \"48\": 2, \"49\": 4, \"50\": 3, \"51\": 2, \"52\": 4, \"53\": 3, \"54\": 2, \"55\": 4, \"56\": 3, \"57\": 2, \"58\": 4, \"59\": 3, \"60\": 2, \"61\": 4, \"62\": 3, \"63\": 2, \"64\": 4, \"65\": 3, \"66\": 2, \"67\": 4, \"68\": 3, \"69\": 2, \"70\": 4, \"71\": 3, \"72\": 2, \"73\": 4, \"74\": 3, \"75\": 2, \"76\": 4, \"77\": 3, \"78\": 2, \"79\": 4, \"80\": 3, \"81\": 2, \"82\": 4, \"83\": 3, \"84\": 2, \"85\": 4, \"86\": 3, \"87\": 2, \"88\": 4, \"89\": 3, \"90\": 2}','2026-02-18 19:32:41.068971',5,36),(53,'{\"1\": 2, \"2\": 4, \"3\": 3, \"4\": 2, \"5\": 4, \"6\": 3, \"7\": 2, \"8\": 4, \"9\": 3, \"10\": 2, \"11\": 4, \"12\": 3, \"13\": 2, \"14\": 4, \"15\": 3, \"16\": 2, \"17\": 4, \"18\": 3, \"19\": 2, \"20\": 4, \"21\": 3, \"22\": 2, \"23\": 4, \"24\": 3, \"25\": 2, \"26\": 4, \"27\": 3, \"28\": 2, \"29\": 4, \"30\": 3, \"31\": 2, \"32\": 4, \"33\": 3, \"34\": 2, \"35\": 4, \"36\": 3, \"37\": 2, \"38\": 4, \"39\": 3, \"40\": 2, \"41\": 4, \"42\": 3, \"43\": 2, \"44\": 4, \"45\": 3, \"46\": 2, \"47\": 4, \"48\": 3, \"49\": 2, \"50\": 4, \"51\": 3, \"52\": 2, \"53\": 4, \"54\": 3, \"55\": 2, \"56\": 4, \"57\": 3, \"58\": 2, \"59\": 4, \"60\": 3, \"61\": 2, \"62\": 4, \"63\": 3, \"64\": 2, \"65\": 4, \"66\": 3, \"67\": 2, \"68\": 4, \"69\": 3, \"70\": 2, \"71\": 4, \"72\": 3, \"73\": 2, \"74\": 4, \"75\": 3, \"76\": 2, \"77\": 4, \"78\": 3, \"79\": 2, \"80\": 4, \"81\": 3, \"82\": 2, \"83\": 4, \"84\": 3, \"85\": 2, \"86\": 4, \"87\": 3, \"88\": 2, \"89\": 4, \"90\": 3}','2026-02-17 19:32:41.068971',5,37),(54,'{\"1\": 3, \"2\": 2, \"3\": 4, \"4\": 3, \"5\": 2, \"6\": 4, \"7\": 3, \"8\": 2, \"9\": 4, \"10\": 3, \"11\": 2, \"12\": 4, \"13\": 3, \"14\": 2, \"15\": 4, \"16\": 3, \"17\": 2, \"18\": 4, \"19\": 3, \"20\": 2, \"21\": 4, \"22\": 3, \"23\": 2, \"24\": 4, \"25\": 3, \"26\": 2, \"27\": 4, \"28\": 3, \"29\": 2, \"30\": 4, \"31\": 3, \"32\": 2, \"33\": 4, \"34\": 3, \"35\": 2, \"36\": 4, \"37\": 3, \"38\": 2, \"39\": 4, \"40\": 3, \"41\": 2, \"42\": 4, \"43\": 3, \"44\": 2, \"45\": 4, \"46\": 3, \"47\": 2, \"48\": 4, \"49\": 3, \"50\": 2, \"51\": 4, \"52\": 3, \"53\": 2, \"54\": 4, \"55\": 3, \"56\": 2, \"57\": 4, \"58\": 3, \"59\": 2, \"60\": 4, \"61\": 3, \"62\": 2, \"63\": 4, \"64\": 3, \"65\": 2, \"66\": 4, \"67\": 3, \"68\": 2, \"69\": 4, \"70\": 3, \"71\": 2, \"72\": 4, \"73\": 3, \"74\": 2, \"75\": 4, \"76\": 3, \"77\": 2, \"78\": 4, \"79\": 3, \"80\": 2, \"81\": 4, \"82\": 3, \"83\": 2, \"84\": 4, \"85\": 3, \"86\": 2, \"87\": 4, \"88\": 3, \"89\": 2, \"90\": 4}','2026-02-16 19:32:41.068971',5,38),(55,'{\"1\": 5, \"2\": 4, \"3\": 3, \"4\": 5, \"5\": 4, \"6\": 3, \"7\": 5, \"8\": 4, \"9\": 3, \"10\": 5, \"11\": 4, \"12\": 3, \"13\": 5, \"14\": 4, \"15\": 3, \"16\": 5, \"17\": 4, \"18\": 3, \"19\": 5, \"20\": 4, \"21\": 3, \"22\": 5, \"23\": 4, \"24\": 3, \"25\": 5, \"26\": 4, \"27\": 3, \"28\": 5, \"29\": 4, \"30\": 3, \"31\": 5, \"32\": 4, \"33\": 3, \"34\": 5, \"35\": 4, \"36\": 3, \"37\": 5, \"38\": 4, \"39\": 3, \"40\": 5, \"41\": 4, \"42\": 3, \"43\": 5, \"44\": 4, \"45\": 3, \"46\": 5, \"47\": 4, \"48\": 3, \"49\": 5, \"50\": 4, \"51\": 3, \"52\": 5, \"53\": 4, \"54\": 3, \"55\": 5, \"56\": 4, \"57\": 3, \"58\": 5, \"59\": 4, \"60\": 3, \"61\": 5, \"62\": 4, \"63\": 3, \"64\": 5, \"65\": 4, \"66\": 3, \"67\": 5, \"68\": 4, \"69\": 3, \"70\": 5, \"71\": 4, \"72\": 3, \"73\": 5, \"74\": 4, \"75\": 3, \"76\": 5, \"77\": 4, \"78\": 3, \"79\": 5, \"80\": 4, \"81\": 3, \"82\": 5, \"83\": 4, \"84\": 3, \"85\": 5, \"86\": 4, \"87\": 3, \"88\": 5, \"89\": 4, \"90\": 3}','2026-02-15 19:32:41.068971',5,39),(56,'{\"1\": 1, \"2\": 3, \"3\": 2, \"4\": 1, \"5\": 3, \"6\": 2, \"7\": 1, \"8\": 3, \"9\": 2, \"10\": 1, \"11\": 3, \"12\": 2, \"13\": 1, \"14\": 3, \"15\": 2, \"16\": 1, \"17\": 3, \"18\": 2, \"19\": 1, \"20\": 3, \"21\": 2, \"22\": 1, \"23\": 3, \"24\": 2, \"25\": 1, \"26\": 3, \"27\": 2, \"28\": 1, \"29\": 3, \"30\": 2, \"31\": 1, \"32\": 3, \"33\": 2, \"34\": 1, \"35\": 3, \"36\": 2, \"37\": 1, \"38\": 3, \"39\": 2, \"40\": 1, \"41\": 3, \"42\": 2, \"43\": 1, \"44\": 3, \"45\": 2, \"46\": 1, \"47\": 3, \"48\": 2, \"49\": 1, \"50\": 3, \"51\": 2, \"52\": 1, \"53\": 3, \"54\": 2, \"55\": 1, \"56\": 3, \"57\": 2, \"58\": 1, \"59\": 3, \"60\": 2, \"61\": 1, \"62\": 3, \"63\": 2, \"64\": 1, \"65\": 3, \"66\": 2, \"67\": 1, \"68\": 3, \"69\": 2, \"70\": 1, \"71\": 3, \"72\": 2, \"73\": 1, \"74\": 3, \"75\": 2, \"76\": 1, \"77\": 3, \"78\": 2, \"79\": 1, \"80\": 3, \"81\": 2, \"82\": 1, \"83\": 3, \"84\": 2, \"85\": 1, \"86\": 3, \"87\": 2, \"88\": 1, \"89\": 3, \"90\": 2}','2026-02-14 19:32:41.068971',5,40),(57,'{\"1\": 2, \"2\": 1, \"3\": 3, \"4\": 2, \"5\": 1, \"6\": 3, \"7\": 2, \"8\": 1, \"9\": 3, \"10\": 2, \"11\": 1, \"12\": 3, \"13\": 2, \"14\": 1, \"15\": 3, \"16\": 2, \"17\": 1, \"18\": 3, \"19\": 2, \"20\": 1, \"21\": 3, \"22\": 2, \"23\": 1, \"24\": 3, \"25\": 2, \"26\": 1, \"27\": 3, \"28\": 2, \"29\": 1, \"30\": 3, \"31\": 2, \"32\": 1, \"33\": 3, \"34\": 2, \"35\": 1, \"36\": 3, \"37\": 2, \"38\": 1, \"39\": 3, \"40\": 2, \"41\": 1, \"42\": 3, \"43\": 2, \"44\": 1, \"45\": 3, \"46\": 2, \"47\": 1, \"48\": 3, \"49\": 2, \"50\": 1, \"51\": 3, \"52\": 2, \"53\": 1, \"54\": 3, \"55\": 2, \"56\": 1, \"57\": 3, \"58\": 2, \"59\": 1, \"60\": 3, \"61\": 2, \"62\": 1, \"63\": 3, \"64\": 2, \"65\": 1, \"66\": 3, \"67\": 2, \"68\": 1, \"69\": 3, \"70\": 2, \"71\": 1, \"72\": 3, \"73\": 2, \"74\": 1, \"75\": 3, \"76\": 2, \"77\": 1, \"78\": 3, \"79\": 2, \"80\": 1, \"81\": 3, \"82\": 2, \"83\": 1, \"84\": 3, \"85\": 2, \"86\": 1, \"87\": 3, \"88\": 2, \"89\": 1, \"90\": 3}','2026-02-13 19:32:41.068971',5,41),(58,'{\"1\": 3, \"2\": 2, \"3\": 1, \"4\": 3, \"5\": 2, \"6\": 1, \"7\": 3, \"8\": 2, \"9\": 1, \"10\": 3, \"11\": 2, \"12\": 1, \"13\": 3, \"14\": 2, \"15\": 1, \"16\": 3, \"17\": 2, \"18\": 1, \"19\": 3, \"20\": 2, \"21\": 1, \"22\": 3, \"23\": 2, \"24\": 1, \"25\": 3, \"26\": 2, \"27\": 1, \"28\": 3, \"29\": 2, \"30\": 1, \"31\": 3, \"32\": 2, \"33\": 1, \"34\": 3, \"35\": 2, \"36\": 1, \"37\": 3, \"38\": 2, \"39\": 1, \"40\": 3, \"41\": 2, \"42\": 1, \"43\": 3, \"44\": 2, \"45\": 1, \"46\": 3, \"47\": 2, \"48\": 1, \"49\": 3, \"50\": 2, \"51\": 1, \"52\": 3, \"53\": 2, \"54\": 1, \"55\": 3, \"56\": 2, \"57\": 1, \"58\": 3, \"59\": 2, \"60\": 1, \"61\": 3, \"62\": 2, \"63\": 1, \"64\": 3, \"65\": 2, \"66\": 1, \"67\": 3, \"68\": 2, \"69\": 1, \"70\": 3, \"71\": 2, \"72\": 1, \"73\": 3, \"74\": 2, \"75\": 1, \"76\": 3, \"77\": 2, \"78\": 1, \"79\": 3, \"80\": 2, \"81\": 1, \"82\": 3, \"83\": 2, \"84\": 1, \"85\": 3, \"86\": 2, \"87\": 1, \"88\": 3, \"89\": 2, \"90\": 1}','2026-02-12 19:32:41.068971',5,42),(59,'{\"1\": 1, \"2\": 3, \"3\": 2, \"4\": 1, \"5\": 3, \"6\": 2, \"7\": 1, \"8\": 3, \"9\": 2, \"10\": 1, \"11\": 3, \"12\": 2, \"13\": 1, \"14\": 3, \"15\": 2, \"16\": 1, \"17\": 3, \"18\": 2, \"19\": 1, \"20\": 3, \"21\": 2, \"22\": 1, \"23\": 3, \"24\": 2, \"25\": 1, \"26\": 3, \"27\": 2, \"28\": 1, \"29\": 3, \"30\": 2, \"31\": 1, \"32\": 3, \"33\": 2, \"34\": 1, \"35\": 3, \"36\": 2, \"37\": 1, \"38\": 3, \"39\": 2, \"40\": 1, \"41\": 3, \"42\": 2, \"43\": 1, \"44\": 3, \"45\": 2, \"46\": 1, \"47\": 3, \"48\": 2, \"49\": 1, \"50\": 3, \"51\": 2, \"52\": 1, \"53\": 3, \"54\": 2, \"55\": 1, \"56\": 3, \"57\": 2, \"58\": 1, \"59\": 3, \"60\": 2, \"61\": 1, \"62\": 3, \"63\": 2, \"64\": 1, \"65\": 3, \"66\": 2, \"67\": 1, \"68\": 3, \"69\": 2, \"70\": 1, \"71\": 3, \"72\": 2, \"73\": 1, \"74\": 3, \"75\": 2, \"76\": 1, \"77\": 3, \"78\": 2, \"79\": 1, \"80\": 3, \"81\": 2, \"82\": 1, \"83\": 3, \"84\": 2, \"85\": 1, \"86\": 3, \"87\": 2, \"88\": 1, \"89\": 3, \"90\": 2}','2026-02-11 19:32:41.068971',5,43),(60,'{\"1\": 2, \"2\": 1, \"3\": 3, \"4\": 2, \"5\": 1, \"6\": 3, \"7\": 2, \"8\": 1, \"9\": 3, \"10\": 2, \"11\": 1, \"12\": 3, \"13\": 2, \"14\": 1, \"15\": 3, \"16\": 2, \"17\": 1, \"18\": 3, \"19\": 2, \"20\": 1, \"21\": 3, \"22\": 2, \"23\": 1, \"24\": 3, \"25\": 2, \"26\": 1, \"27\": 3, \"28\": 2, \"29\": 1, \"30\": 3, \"31\": 2, \"32\": 1, \"33\": 3, \"34\": 2, \"35\": 1, \"36\": 3, \"37\": 2, \"38\": 1, \"39\": 3, \"40\": 2, \"41\": 1, \"42\": 3, \"43\": 2, \"44\": 1, \"45\": 3, \"46\": 2, \"47\": 1, \"48\": 3, \"49\": 2, \"50\": 1, \"51\": 3, \"52\": 2, \"53\": 1, \"54\": 3, \"55\": 2, \"56\": 1, \"57\": 3, \"58\": 2, \"59\": 1, \"60\": 3, \"61\": 2, \"62\": 1, \"63\": 3, \"64\": 2, \"65\": 1, \"66\": 3, \"67\": 2, \"68\": 1, \"69\": 3, \"70\": 2, \"71\": 1, \"72\": 3, \"73\": 2, \"74\": 1, \"75\": 3, \"76\": 2, \"77\": 1, \"78\": 3, \"79\": 2, \"80\": 1, \"81\": 3, \"82\": 2, \"83\": 1, \"84\": 3, \"85\": 2, \"86\": 1, \"87\": 3, \"88\": 2, \"89\": 1, \"90\": 3}','2026-02-10 19:32:41.068971',5,44),(61,'{\"1\": 3, \"2\": 2, \"3\": 1, \"4\": 3, \"5\": 2, \"6\": 1, \"7\": 3, \"8\": 2, \"9\": 1, \"10\": 3, \"11\": 2, \"12\": 1, \"13\": 3, \"14\": 2, \"15\": 1, \"16\": 3, \"17\": 2, \"18\": 1, \"19\": 3, \"20\": 2, \"21\": 1, \"22\": 3, \"23\": 2, \"24\": 1, \"25\": 3, \"26\": 2, \"27\": 1, \"28\": 3, \"29\": 2, \"30\": 1, \"31\": 3, \"32\": 2, \"33\": 1, \"34\": 3, \"35\": 2, \"36\": 1, \"37\": 3, \"38\": 2, \"39\": 1, \"40\": 3, \"41\": 2, \"42\": 1, \"43\": 3, \"44\": 2, \"45\": 1, \"46\": 3, \"47\": 2, \"48\": 1, \"49\": 3, \"50\": 2, \"51\": 1, \"52\": 3, \"53\": 2, \"54\": 1, \"55\": 3, \"56\": 2, \"57\": 1, \"58\": 3, \"59\": 2, \"60\": 1, \"61\": 3, \"62\": 2, \"63\": 1, \"64\": 3, \"65\": 2, \"66\": 1, \"67\": 3, \"68\": 2, \"69\": 1, \"70\": 3, \"71\": 2, \"72\": 1, \"73\": 3, \"74\": 2, \"75\": 1, \"76\": 3, \"77\": 2, \"78\": 1, \"79\": 3, \"80\": 2, \"81\": 1, \"82\": 3, \"83\": 2, \"84\": 1, \"85\": 3, \"86\": 2, \"87\": 1, \"88\": 3, \"89\": 2, \"90\": 1}','2026-02-09 19:32:41.068971',5,45),(62,'{\"1\": 1, \"2\": 2, \"3\": 1, \"4\": 2, \"5\": 1, \"6\": 2, \"7\": 1, \"8\": 2, \"9\": 1, \"10\": 2, \"11\": 1, \"12\": 2, \"13\": 1, \"14\": 2, \"15\": 1, \"16\": 2, \"17\": 1, \"18\": 2, \"19\": 1, \"20\": 2}','2026-02-19 18:32:41.068971',6,34),(63,'{\"1\": 2, \"2\": 3, \"3\": 2, \"4\": 3, \"5\": 2, \"6\": 3, \"7\": 2, \"8\": 3, \"9\": 2, \"10\": 3, \"11\": 2, \"12\": 3, \"13\": 2, \"14\": 3, \"15\": 2, \"16\": 3, \"17\": 2, \"18\": 3, \"19\": 2, \"20\": 3}','2026-02-18 18:32:41.068971',6,35),(64,'{\"1\": 2, \"2\": 3, \"3\": 2, \"4\": 3, \"5\": 2, \"6\": 3, \"7\": 2, \"8\": 3, \"9\": 2, \"10\": 3, \"11\": 2, \"12\": 3, \"13\": 2, \"14\": 3, \"15\": 2, \"16\": 3, \"17\": 2, \"18\": 3, \"19\": 2, \"20\": 3}','2026-02-17 18:32:41.068971',6,36),(65,'{\"1\": 2, \"2\": 3, \"3\": 2, \"4\": 3, \"5\": 2, \"6\": 3, \"7\": 2, \"8\": 3, \"9\": 2, \"10\": 3, \"11\": 2, \"12\": 3, \"13\": 2, \"14\": 3, \"15\": 2, \"16\": 3, \"17\": 2, \"18\": 3, \"19\": 2, \"20\": 3}','2026-02-16 18:32:41.068971',6,37),(66,'{\"1\": 3, \"2\": 4, \"3\": 3, \"4\": 4, \"5\": 3, \"6\": 4, \"7\": 3, \"8\": 4, \"9\": 3, \"10\": 4, \"11\": 3, \"12\": 4, \"13\": 3, \"14\": 4, \"15\": 3, \"16\": 4, \"17\": 3, \"18\": 4, \"19\": 3, \"20\": 4}','2026-02-15 18:32:41.068971',6,38),(67,'{\"1\": 1, \"2\": 2, \"3\": 1, \"4\": 2, \"5\": 1, \"6\": 2, \"7\": 1, \"8\": 2, \"9\": 1, \"10\": 2, \"11\": 1, \"12\": 2, \"13\": 1, \"14\": 2, \"15\": 1, \"16\": 2, \"17\": 1, \"18\": 2, \"19\": 1, \"20\": 2}','2026-02-14 18:32:41.068971',6,39),(68,'{\"1\": 1, \"2\": 2, \"3\": 1, \"4\": 2, \"5\": 1, \"6\": 2, \"7\": 1, \"8\": 2, \"9\": 1, \"10\": 2, \"11\": 1, \"12\": 2, \"13\": 1, \"14\": 2, \"15\": 1, \"16\": 2, \"17\": 1, \"18\": 2, \"19\": 1, \"20\": 2}','2026-02-13 18:32:41.068971',6,40),(69,'{\"1\": 1, \"2\": 2, \"3\": 1, \"4\": 2, \"5\": 1, \"6\": 2, \"7\": 1, \"8\": 2, \"9\": 1, \"10\": 2, \"11\": 1, \"12\": 2, \"13\": 1, \"14\": 2, \"15\": 1, \"16\": 2, \"17\": 1, \"18\": 2, \"19\": 1, \"20\": 2}','2026-02-12 18:32:41.068971',6,41),(70,'{\"1\": 1, \"2\": 2, \"3\": 1, \"4\": 2, \"5\": 1, \"6\": 2, \"7\": 1, \"8\": 2, \"9\": 1, \"10\": 2, \"11\": 1, \"12\": 2, \"13\": 1, \"14\": 2, \"15\": 1, \"16\": 2, \"17\": 1, \"18\": 2, \"19\": 1, \"20\": 2}','2026-02-11 18:32:41.068971',6,42),(71,'{\"1\": 1, \"2\": 2, \"3\": 1, \"4\": 2, \"5\": 1, \"6\": 2, \"7\": 1, \"8\": 2, \"9\": 1, \"10\": 2, \"11\": 1, \"12\": 2, \"13\": 1, \"14\": 2, \"15\": 1, \"16\": 2, \"17\": 1, \"18\": 2, \"19\": 1, \"20\": 2}','2026-02-10 18:32:41.068971',6,43),(72,'{\"1\": 1, \"2\": 2, \"3\": 1, \"4\": 2, \"5\": 1, \"6\": 2, \"7\": 1, \"8\": 2, \"9\": 1, \"10\": 2, \"11\": 1, \"12\": 2, \"13\": 1, \"14\": 2, \"15\": 1, \"16\": 2, \"17\": 1, \"18\": 2, \"19\": 1, \"20\": 2}','2026-02-09 18:32:41.068971',6,44),(73,'{\"1\": 2, \"2\": 3, \"3\": 2, \"4\": 3, \"5\": 2, \"6\": 3, \"7\": 2, \"8\": 3, \"9\": 2, \"10\": 3, \"11\": 2, \"12\": 3, \"13\": 2, \"14\": 3, \"15\": 2, \"16\": 3, \"17\": 2, \"18\": 3, \"19\": 2, \"20\": 3}','2026-02-08 18:32:41.068971',6,45),(74,'{\"1\": 3, \"2\": 2, \"3\": 3, \"4\": 2, \"5\": 3, \"6\": 2, \"7\": 3, \"8\": 2, \"9\": 3, \"10\": 2, \"11\": 3, \"12\": 2, \"13\": 3, \"14\": 2, \"15\": 3, \"16\": 2, \"17\": 3, \"18\": 2, \"19\": 3, \"20\": 2}','2026-02-18 23:32:41.068971',7,34),(75,'{\"1\": 3, \"2\": 2, \"3\": 3, \"4\": 2, \"5\": 3, \"6\": 2, \"7\": 3, \"8\": 2, \"9\": 3, \"10\": 2, \"11\": 3, \"12\": 2, \"13\": 3, \"14\": 2, \"15\": 3, \"16\": 2, \"17\": 3, \"18\": 2, \"19\": 3, \"20\": 2}','2026-02-17 23:32:41.068971',7,35),(76,'{\"1\": 3, \"2\": 2, \"3\": 3, \"4\": 2, \"5\": 3, \"6\": 2, \"7\": 3, \"8\": 2, \"9\": 3, \"10\": 2, \"11\": 3, \"12\": 2, \"13\": 3, \"14\": 2, \"15\": 3, \"16\": 2, \"17\": 3, \"18\": 2, \"19\": 3, \"20\": 2}','2026-02-16 23:32:41.068971',7,36),(77,'{\"1\": 4, \"2\": 3, \"3\": 4, \"4\": 3, \"5\": 4, \"6\": 3, \"7\": 4, \"8\": 3, \"9\": 4, \"10\": 3, \"11\": 4, \"12\": 3, \"13\": 4, \"14\": 3, \"15\": 4, \"16\": 3, \"17\": 4, \"18\": 3, \"19\": 4, \"20\": 3}','2026-02-15 23:32:41.068971',7,37),(78,'{\"1\": 2, \"2\": 1, \"3\": 2, \"4\": 1, \"5\": 2, \"6\": 1, \"7\": 2, \"8\": 1, \"9\": 2, \"10\": 1, \"11\": 2, \"12\": 1, \"13\": 2, \"14\": 1, \"15\": 2, \"16\": 1, \"17\": 2, \"18\": 1, \"19\": 2, \"20\": 1}','2026-02-14 23:32:41.068971',7,38),(79,'{\"1\": 2, \"2\": 1, \"3\": 2, \"4\": 1, \"5\": 2, \"6\": 1, \"7\": 2, \"8\": 1, \"9\": 2, \"10\": 1, \"11\": 2, \"12\": 1, \"13\": 2, \"14\": 1, \"15\": 2, \"16\": 1, \"17\": 2, \"18\": 1, \"19\": 2, \"20\": 1}','2026-02-13 23:32:41.068971',7,39),(80,'{\"1\": 2, \"2\": 1, \"3\": 2, \"4\": 1, \"5\": 2, \"6\": 1, \"7\": 2, \"8\": 1, \"9\": 2, \"10\": 1, \"11\": 2, \"12\": 1, \"13\": 2, \"14\": 1, \"15\": 2, \"16\": 1, \"17\": 2, \"18\": 1, \"19\": 2, \"20\": 1}','2026-02-12 23:32:41.068971',7,40),(81,'{\"1\": 2, \"2\": 1, \"3\": 2, \"4\": 1, \"5\": 2, \"6\": 1, \"7\": 2, \"8\": 1, \"9\": 2, \"10\": 1, \"11\": 2, \"12\": 1, \"13\": 2, \"14\": 1, \"15\": 2, \"16\": 1, \"17\": 2, \"18\": 1, \"19\": 2, \"20\": 1}','2026-02-11 23:32:41.068971',7,41),(82,'{\"1\": 2, \"2\": 1, \"3\": 2, \"4\": 1, \"5\": 2, \"6\": 1, \"7\": 2, \"8\": 1, \"9\": 2, \"10\": 1, \"11\": 2, \"12\": 1, \"13\": 2, \"14\": 1, \"15\": 2, \"16\": 1, \"17\": 2, \"18\": 1, \"19\": 2, \"20\": 1}','2026-02-10 23:32:41.068971',7,42),(83,'{\"1\": 2, \"2\": 1, \"3\": 2, \"4\": 1, \"5\": 2, \"6\": 1, \"7\": 2, \"8\": 1, \"9\": 2, \"10\": 1, \"11\": 2, \"12\": 1, \"13\": 2, \"14\": 1, \"15\": 2, \"16\": 1, \"17\": 2, \"18\": 1, \"19\": 2, \"20\": 1}','2026-02-09 23:32:41.068971',7,43),(84,'{\"1\": 3, \"2\": 2, \"3\": 3, \"4\": 2, \"5\": 3, \"6\": 2, \"7\": 3, \"8\": 2, \"9\": 3, \"10\": 2, \"11\": 3, \"12\": 2, \"13\": 3, \"14\": 2, \"15\": 3, \"16\": 2, \"17\": 3, \"18\": 2, \"19\": 3, \"20\": 2}','2026-02-08 23:32:41.068971',7,44),(85,'{\"1\": 3, \"2\": 2, \"3\": 3, \"4\": 2, \"5\": 3, \"6\": 2, \"7\": 3, \"8\": 2, \"9\": 3, \"10\": 2, \"11\": 3, \"12\": 2, \"13\": 3, \"14\": 2, \"15\": 3, \"16\": 2, \"17\": 3, \"18\": 2, \"19\": 3, \"20\": 2}','2026-02-07 23:32:41.068971',7,45),(86,'{\"1\": 3, \"2\": 2, \"3\": 4, \"4\": 3, \"5\": 2, \"6\": 4, \"7\": 3, \"8\": 2, \"9\": 4, \"10\": 3, \"11\": 2, \"12\": 4, \"13\": 3, \"14\": 2, \"15\": 4, \"16\": 3, \"17\": 2, \"18\": 4, \"19\": 3, \"20\": 2, \"21\": 4, \"22\": 3, \"23\": 2, \"24\": 4, \"25\": 3, \"26\": 2, \"27\": 4, \"28\": 3, \"29\": 2, \"30\": 4, \"31\": 3, \"32\": 2, \"33\": 4, \"34\": 3, \"35\": 2, \"36\": 4, \"37\": 3, \"38\": 2, \"39\": 4, \"40\": 3, \"41\": 2, \"42\": 4, \"43\": 3, \"44\": 2, \"45\": 4, \"46\": 3, \"47\": 2, \"48\": 4, \"49\": 3, \"50\": 2, \"51\": 4, \"52\": 3, \"53\": 2, \"54\": 4, \"55\": 3, \"56\": 2, \"57\": 4, \"58\": 3, \"59\": 2, \"60\": 4, \"61\": 3, \"62\": 2, \"63\": 4, \"64\": 3, \"65\": 2, \"66\": 4, \"67\": 3, \"68\": 2, \"69\": 4, \"70\": 3, \"71\": 2, \"72\": 4, \"73\": 3, \"74\": 2, \"75\": 4, \"76\": 3, \"77\": 2, \"78\": 4, \"79\": 3, \"80\": 2, \"81\": 4, \"82\": 3, \"83\": 2, \"84\": 4, \"85\": 3, \"86\": 2, \"87\": 4, \"88\": 3, \"89\": 2, \"90\": 4}','2026-02-17 22:32:41.068971',8,57),(87,'{\"1\": 4, \"2\": 3, \"3\": 2, \"4\": 4, \"5\": 3, \"6\": 2, \"7\": 4, \"8\": 3, \"9\": 2, \"10\": 4, \"11\": 3, \"12\": 2, \"13\": 4, \"14\": 3, \"15\": 2, \"16\": 4, \"17\": 3, \"18\": 2, \"19\": 4, \"20\": 3, \"21\": 2, \"22\": 4, \"23\": 3, \"24\": 2, \"25\": 4, \"26\": 3, \"27\": 2, \"28\": 4, \"29\": 3, \"30\": 2, \"31\": 4, \"32\": 3, \"33\": 2, \"34\": 4, \"35\": 3, \"36\": 2, \"37\": 4, \"38\": 3, \"39\": 2, \"40\": 4, \"41\": 3, \"42\": 2, \"43\": 4, \"44\": 3, \"45\": 2, \"46\": 4, \"47\": 3, \"48\": 2, \"49\": 4, \"50\": 3, \"51\": 2, \"52\": 4, \"53\": 3, \"54\": 2, \"55\": 4, \"56\": 3, \"57\": 2, \"58\": 4, \"59\": 3, \"60\": 2, \"61\": 4, \"62\": 3, \"63\": 2, \"64\": 4, \"65\": 3, \"66\": 2, \"67\": 4, \"68\": 3, \"69\": 2, \"70\": 4, \"71\": 3, \"72\": 2, \"73\": 4, \"74\": 3, \"75\": 2, \"76\": 4, \"77\": 3, \"78\": 2, \"79\": 4, \"80\": 3, \"81\": 2, \"82\": 4, \"83\": 3, \"84\": 2, \"85\": 4, \"86\": 3, \"87\": 2, \"88\": 4, \"89\": 3, \"90\": 2}','2026-02-16 22:32:41.068971',8,58),(88,'{\"1\": 3, \"2\": 5, \"3\": 4, \"4\": 3, \"5\": 5, \"6\": 4, \"7\": 3, \"8\": 5, \"9\": 4, \"10\": 3, \"11\": 5, \"12\": 4, \"13\": 3, \"14\": 5, \"15\": 4, \"16\": 3, \"17\": 5, \"18\": 4, \"19\": 3, \"20\": 5, \"21\": 4, \"22\": 3, \"23\": 5, \"24\": 4, \"25\": 3, \"26\": 5, \"27\": 4, \"28\": 3, \"29\": 5, \"30\": 4, \"31\": 3, \"32\": 5, \"33\": 4, \"34\": 3, \"35\": 5, \"36\": 4, \"37\": 3, \"38\": 5, \"39\": 4, \"40\": 3, \"41\": 5, \"42\": 4, \"43\": 3, \"44\": 5, \"45\": 4, \"46\": 3, \"47\": 5, \"48\": 4, \"49\": 3, \"50\": 5, \"51\": 4, \"52\": 3, \"53\": 5, \"54\": 4, \"55\": 3, \"56\": 5, \"57\": 4, \"58\": 3, \"59\": 5, \"60\": 4, \"61\": 3, \"62\": 5, \"63\": 4, \"64\": 3, \"65\": 5, \"66\": 4, \"67\": 3, \"68\": 5, \"69\": 4, \"70\": 3, \"71\": 5, \"72\": 4, \"73\": 3, \"74\": 5, \"75\": 4, \"76\": 3, \"77\": 5, \"78\": 4, \"79\": 3, \"80\": 5, \"81\": 4, \"82\": 3, \"83\": 5, \"84\": 4, \"85\": 3, \"86\": 5, \"87\": 4, \"88\": 3, \"89\": 5, \"90\": 4}','2026-02-15 22:32:41.068971',8,59),(89,'{\"1\": 2, \"2\": 1, \"3\": 3, \"4\": 2, \"5\": 1, \"6\": 3, \"7\": 2, \"8\": 1, \"9\": 3, \"10\": 2, \"11\": 1, \"12\": 3, \"13\": 2, \"14\": 1, \"15\": 3, \"16\": 2, \"17\": 1, \"18\": 3, \"19\": 2, \"20\": 1, \"21\": 3, \"22\": 2, \"23\": 1, \"24\": 3, \"25\": 2, \"26\": 1, \"27\": 3, \"28\": 2, \"29\": 1, \"30\": 3, \"31\": 2, \"32\": 1, \"33\": 3, \"34\": 2, \"35\": 1, \"36\": 3, \"37\": 2, \"38\": 1, \"39\": 3, \"40\": 2, \"41\": 1, \"42\": 3, \"43\": 2, \"44\": 1, \"45\": 3, \"46\": 2, \"47\": 1, \"48\": 3, \"49\": 2, \"50\": 1, \"51\": 3, \"52\": 2, \"53\": 1, \"54\": 3, \"55\": 2, \"56\": 1, \"57\": 3, \"58\": 2, \"59\": 1, \"60\": 3, \"61\": 2, \"62\": 1, \"63\": 3, \"64\": 2, \"65\": 1, \"66\": 3, \"67\": 2, \"68\": 1, \"69\": 3, \"70\": 2, \"71\": 1, \"72\": 3, \"73\": 2, \"74\": 1, \"75\": 3, \"76\": 2, \"77\": 1, \"78\": 3, \"79\": 2, \"80\": 1, \"81\": 3, \"82\": 2, \"83\": 1, \"84\": 3, \"85\": 2, \"86\": 1, \"87\": 3, \"88\": 2, \"89\": 1, \"90\": 3}','2026-02-14 22:32:41.068971',8,60),(90,'{\"1\": 3, \"2\": 2, \"3\": 1, \"4\": 3, \"5\": 2, \"6\": 1, \"7\": 3, \"8\": 2, \"9\": 1, \"10\": 3, \"11\": 2, \"12\": 1, \"13\": 3, \"14\": 2, \"15\": 1, \"16\": 3, \"17\": 2, \"18\": 1, \"19\": 3, \"20\": 2, \"21\": 1, \"22\": 3, \"23\": 2, \"24\": 1, \"25\": 3, \"26\": 2, \"27\": 1, \"28\": 3, \"29\": 2, \"30\": 1, \"31\": 3, \"32\": 2, \"33\": 1, \"34\": 3, \"35\": 2, \"36\": 1, \"37\": 3, \"38\": 2, \"39\": 1, \"40\": 3, \"41\": 2, \"42\": 1, \"43\": 3, \"44\": 2, \"45\": 1, \"46\": 3, \"47\": 2, \"48\": 1, \"49\": 3, \"50\": 2, \"51\": 1, \"52\": 3, \"53\": 2, \"54\": 1, \"55\": 3, \"56\": 2, \"57\": 1, \"58\": 3, \"59\": 2, \"60\": 1, \"61\": 3, \"62\": 2, \"63\": 1, \"64\": 3, \"65\": 2, \"66\": 1, \"67\": 3, \"68\": 2, \"69\": 1, \"70\": 3, \"71\": 2, \"72\": 1, \"73\": 3, \"74\": 2, \"75\": 1, \"76\": 3, \"77\": 2, \"78\": 1, \"79\": 3, \"80\": 2, \"81\": 1, \"82\": 3, \"83\": 2, \"84\": 1, \"85\": 3, \"86\": 2, \"87\": 1, \"88\": 3, \"89\": 2, \"90\": 1}','2026-02-13 22:32:41.068971',8,61),(91,'{\"1\": 1, \"2\": 3, \"3\": 2, \"4\": 1, \"5\": 3, \"6\": 2, \"7\": 1, \"8\": 3, \"9\": 2, \"10\": 1, \"11\": 3, \"12\": 2, \"13\": 1, \"14\": 3, \"15\": 2, \"16\": 1, \"17\": 3, \"18\": 2, \"19\": 1, \"20\": 3, \"21\": 2, \"22\": 1, \"23\": 3, \"24\": 2, \"25\": 1, \"26\": 3, \"27\": 2, \"28\": 1, \"29\": 3, \"30\": 2, \"31\": 1, \"32\": 3, \"33\": 2, \"34\": 1, \"35\": 3, \"36\": 2, \"37\": 1, \"38\": 3, \"39\": 2, \"40\": 1, \"41\": 3, \"42\": 2, \"43\": 1, \"44\": 3, \"45\": 2, \"46\": 1, \"47\": 3, \"48\": 2, \"49\": 1, \"50\": 3, \"51\": 2, \"52\": 1, \"53\": 3, \"54\": 2, \"55\": 1, \"56\": 3, \"57\": 2, \"58\": 1, \"59\": 3, \"60\": 2, \"61\": 1, \"62\": 3, \"63\": 2, \"64\": 1, \"65\": 3, \"66\": 2, \"67\": 1, \"68\": 3, \"69\": 2, \"70\": 1, \"71\": 3, \"72\": 2, \"73\": 1, \"74\": 3, \"75\": 2, \"76\": 1, \"77\": 3, \"78\": 2, \"79\": 1, \"80\": 3, \"81\": 2, \"82\": 1, \"83\": 3, \"84\": 2, \"85\": 1, \"86\": 3, \"87\": 2, \"88\": 1, \"89\": 3, \"90\": 2}','2026-02-12 22:32:41.068971',8,62),(92,'{\"1\": 2, \"2\": 1, \"3\": 3, \"4\": 2, \"5\": 1, \"6\": 3, \"7\": 2, \"8\": 1, \"9\": 3, \"10\": 2, \"11\": 1, \"12\": 3, \"13\": 2, \"14\": 1, \"15\": 3, \"16\": 2, \"17\": 1, \"18\": 3, \"19\": 2, \"20\": 1, \"21\": 3, \"22\": 2, \"23\": 1, \"24\": 3, \"25\": 2, \"26\": 1, \"27\": 3, \"28\": 2, \"29\": 1, \"30\": 3, \"31\": 2, \"32\": 1, \"33\": 3, \"34\": 2, \"35\": 1, \"36\": 3, \"37\": 2, \"38\": 1, \"39\": 3, \"40\": 2, \"41\": 1, \"42\": 3, \"43\": 2, \"44\": 1, \"45\": 3, \"46\": 2, \"47\": 1, \"48\": 3, \"49\": 2, \"50\": 1, \"51\": 3, \"52\": 2, \"53\": 1, \"54\": 3, \"55\": 2, \"56\": 1, \"57\": 3, \"58\": 2, \"59\": 1, \"60\": 3, \"61\": 2, \"62\": 1, \"63\": 3, \"64\": 2, \"65\": 1, \"66\": 3, \"67\": 2, \"68\": 1, \"69\": 3, \"70\": 2, \"71\": 1, \"72\": 3, \"73\": 2, \"74\": 1, \"75\": 3, \"76\": 2, \"77\": 1, \"78\": 3, \"79\": 2, \"80\": 1, \"81\": 3, \"82\": 2, \"83\": 1, \"84\": 3, \"85\": 2, \"86\": 1, \"87\": 3, \"88\": 2, \"89\": 1, \"90\": 3}','2026-02-11 22:32:41.068971',8,63),(93,'{\"1\": 3, \"2\": 2, \"3\": 1, \"4\": 3, \"5\": 2, \"6\": 1, \"7\": 3, \"8\": 2, \"9\": 1, \"10\": 3, \"11\": 2, \"12\": 1, \"13\": 3, \"14\": 2, \"15\": 1, \"16\": 3, \"17\": 2, \"18\": 1, \"19\": 3, \"20\": 2, \"21\": 1, \"22\": 3, \"23\": 2, \"24\": 1, \"25\": 3, \"26\": 2, \"27\": 1, \"28\": 3, \"29\": 2, \"30\": 1, \"31\": 3, \"32\": 2, \"33\": 1, \"34\": 3, \"35\": 2, \"36\": 1, \"37\": 3, \"38\": 2, \"39\": 1, \"40\": 3, \"41\": 2, \"42\": 1, \"43\": 3, \"44\": 2, \"45\": 1, \"46\": 3, \"47\": 2, \"48\": 1, \"49\": 3, \"50\": 2, \"51\": 1, \"52\": 3, \"53\": 2, \"54\": 1, \"55\": 3, \"56\": 2, \"57\": 1, \"58\": 3, \"59\": 2, \"60\": 1, \"61\": 3, \"62\": 2, \"63\": 1, \"64\": 3, \"65\": 2, \"66\": 1, \"67\": 3, \"68\": 2, \"69\": 1, \"70\": 3, \"71\": 2, \"72\": 1, \"73\": 3, \"74\": 2, \"75\": 1, \"76\": 3, \"77\": 2, \"78\": 1, \"79\": 3, \"80\": 2, \"81\": 1, \"82\": 3, \"83\": 2, \"84\": 1, \"85\": 3, \"86\": 2, \"87\": 1, \"88\": 3, \"89\": 2, \"90\": 1}','2026-02-10 22:32:41.068971',8,64),(94,'{\"1\": 1, \"2\": 3, \"3\": 2, \"4\": 1, \"5\": 3, \"6\": 2, \"7\": 1, \"8\": 3, \"9\": 2, \"10\": 1, \"11\": 3, \"12\": 2, \"13\": 1, \"14\": 3, \"15\": 2, \"16\": 1, \"17\": 3, \"18\": 2, \"19\": 1, \"20\": 3, \"21\": 2, \"22\": 1, \"23\": 3, \"24\": 2, \"25\": 1, \"26\": 3, \"27\": 2, \"28\": 1, \"29\": 3, \"30\": 2, \"31\": 1, \"32\": 3, \"33\": 2, \"34\": 1, \"35\": 3, \"36\": 2, \"37\": 1, \"38\": 3, \"39\": 2, \"40\": 1, \"41\": 3, \"42\": 2, \"43\": 1, \"44\": 3, \"45\": 2, \"46\": 1, \"47\": 3, \"48\": 2, \"49\": 1, \"50\": 3, \"51\": 2, \"52\": 1, \"53\": 3, \"54\": 2, \"55\": 1, \"56\": 3, \"57\": 2, \"58\": 1, \"59\": 3, \"60\": 2, \"61\": 1, \"62\": 3, \"63\": 2, \"64\": 1, \"65\": 3, \"66\": 2, \"67\": 1, \"68\": 3, \"69\": 2, \"70\": 1, \"71\": 3, \"72\": 2, \"73\": 1, \"74\": 3, \"75\": 2, \"76\": 1, \"77\": 3, \"78\": 2, \"79\": 1, \"80\": 3, \"81\": 2, \"82\": 1, \"83\": 3, \"84\": 2, \"85\": 1, \"86\": 3, \"87\": 2, \"88\": 1, \"89\": 3, \"90\": 2}','2026-02-09 22:32:41.068971',8,65),(95,'{\"1\": 3, \"2\": 2, \"3\": 4, \"4\": 3, \"5\": 2, \"6\": 4, \"7\": 3, \"8\": 2, \"9\": 4, \"10\": 3, \"11\": 2, \"12\": 4, \"13\": 3, \"14\": 2, \"15\": 4, \"16\": 3, \"17\": 2, \"18\": 4, \"19\": 3, \"20\": 2, \"21\": 4, \"22\": 3, \"23\": 2, \"24\": 4, \"25\": 3, \"26\": 2, \"27\": 4, \"28\": 3, \"29\": 2, \"30\": 4, \"31\": 3, \"32\": 2, \"33\": 4, \"34\": 3, \"35\": 2, \"36\": 4, \"37\": 3, \"38\": 2, \"39\": 4, \"40\": 3, \"41\": 2, \"42\": 4, \"43\": 3, \"44\": 2, \"45\": 4, \"46\": 3, \"47\": 2, \"48\": 4, \"49\": 3, \"50\": 2, \"51\": 4, \"52\": 3, \"53\": 2, \"54\": 4, \"55\": 3, \"56\": 2, \"57\": 4, \"58\": 3, \"59\": 2, \"60\": 4, \"61\": 3, \"62\": 2, \"63\": 4, \"64\": 3, \"65\": 2, \"66\": 4, \"67\": 3, \"68\": 2, \"69\": 4, \"70\": 3, \"71\": 2, \"72\": 4, \"73\": 3, \"74\": 2, \"75\": 4, \"76\": 3, \"77\": 2, \"78\": 4, \"79\": 3, \"80\": 2, \"81\": 4, \"82\": 3, \"83\": 2, \"84\": 4, \"85\": 3, \"86\": 2, \"87\": 4, \"88\": 3, \"89\": 2, \"90\": 4}','2026-02-08 22:32:41.068971',8,66),(96,'{\"1\": 4, \"2\": 3, \"3\": 2, \"4\": 4, \"5\": 3, \"6\": 2, \"7\": 4, \"8\": 3, \"9\": 2, \"10\": 4, \"11\": 3, \"12\": 2, \"13\": 4, \"14\": 3, \"15\": 2, \"16\": 4, \"17\": 3, \"18\": 2, \"19\": 4, \"20\": 3, \"21\": 2, \"22\": 4, \"23\": 3, \"24\": 2, \"25\": 4, \"26\": 3, \"27\": 2, \"28\": 4, \"29\": 3, \"30\": 2, \"31\": 4, \"32\": 3, \"33\": 2, \"34\": 4, \"35\": 3, \"36\": 2, \"37\": 4, \"38\": 3, \"39\": 2, \"40\": 4, \"41\": 3, \"42\": 2, \"43\": 4, \"44\": 3, \"45\": 2, \"46\": 4, \"47\": 3, \"48\": 2, \"49\": 4, \"50\": 3, \"51\": 2, \"52\": 4, \"53\": 3, \"54\": 2, \"55\": 4, \"56\": 3, \"57\": 2, \"58\": 4, \"59\": 3, \"60\": 2, \"61\": 4, \"62\": 3, \"63\": 2, \"64\": 4, \"65\": 3, \"66\": 2, \"67\": 4, \"68\": 3, \"69\": 2, \"70\": 4, \"71\": 3, \"72\": 2, \"73\": 4, \"74\": 3, \"75\": 2, \"76\": 4, \"77\": 3, \"78\": 2, \"79\": 4, \"80\": 3, \"81\": 2, \"82\": 4, \"83\": 3, \"84\": 2, \"85\": 4, \"86\": 3, \"87\": 2, \"88\": 4, \"89\": 3, \"90\": 2}','2026-02-07 22:32:41.068971',8,67),(97,'{\"1\": 2, \"2\": 4, \"3\": 3, \"4\": 2, \"5\": 4, \"6\": 3, \"7\": 2, \"8\": 4, \"9\": 3, \"10\": 2, \"11\": 4, \"12\": 3, \"13\": 2, \"14\": 4, \"15\": 3, \"16\": 2, \"17\": 4, \"18\": 3, \"19\": 2, \"20\": 4, \"21\": 3, \"22\": 2, \"23\": 4, \"24\": 3, \"25\": 2, \"26\": 4, \"27\": 3, \"28\": 2, \"29\": 4, \"30\": 3, \"31\": 2, \"32\": 4, \"33\": 3, \"34\": 2, \"35\": 4, \"36\": 3, \"37\": 2, \"38\": 4, \"39\": 3, \"40\": 2, \"41\": 4, \"42\": 3, \"43\": 2, \"44\": 4, \"45\": 3, \"46\": 2, \"47\": 4, \"48\": 3, \"49\": 2, \"50\": 4, \"51\": 3, \"52\": 2, \"53\": 4, \"54\": 3, \"55\": 2, \"56\": 4, \"57\": 3, \"58\": 2, \"59\": 4, \"60\": 3, \"61\": 2, \"62\": 4, \"63\": 3, \"64\": 2, \"65\": 4, \"66\": 3, \"67\": 2, \"68\": 4, \"69\": 3, \"70\": 2, \"71\": 4, \"72\": 3, \"73\": 2, \"74\": 4, \"75\": 3, \"76\": 2, \"77\": 4, \"78\": 3, \"79\": 2, \"80\": 4, \"81\": 3, \"82\": 2, \"83\": 4, \"84\": 3, \"85\": 2, \"86\": 4, \"87\": 3, \"88\": 2, \"89\": 4, \"90\": 3}','2026-02-06 22:32:41.068971',8,68),(98,'{\"1\": 2, \"2\": 3, \"3\": 2, \"4\": 3, \"5\": 2, \"6\": 3, \"7\": 2, \"8\": 3, \"9\": 2, \"10\": 3, \"11\": 2, \"12\": 3, \"13\": 2, \"14\": 3, \"15\": 2, \"16\": 3, \"17\": 2, \"18\": 3, \"19\": 2, \"20\": 3}','2026-02-16 21:32:41.068971',9,57),(99,'{\"1\": 3, \"2\": 4, \"3\": 3, \"4\": 4, \"5\": 3, \"6\": 4, \"7\": 3, \"8\": 4, \"9\": 3, \"10\": 4, \"11\": 3, \"12\": 4, \"13\": 3, \"14\": 4, \"15\": 3, \"16\": 4, \"17\": 3, \"18\": 4, \"19\": 3, \"20\": 4}','2026-02-15 21:32:41.068971',9,58),(100,'{\"1\": 1, \"2\": 2, \"3\": 1, \"4\": 2, \"5\": 1, \"6\": 2, \"7\": 1, \"8\": 2, \"9\": 1, \"10\": 2, \"11\": 1, \"12\": 2, \"13\": 1, \"14\": 2, \"15\": 1, \"16\": 2, \"17\": 1, \"18\": 2, \"19\": 1, \"20\": 2}','2026-02-14 21:32:41.068971',9,59),(101,'{\"1\": 1, \"2\": 2, \"3\": 1, \"4\": 2, \"5\": 1, \"6\": 2, \"7\": 1, \"8\": 2, \"9\": 1, \"10\": 2, \"11\": 1, \"12\": 2, \"13\": 1, \"14\": 2, \"15\": 1, \"16\": 2, \"17\": 1, \"18\": 2, \"19\": 1, \"20\": 2}','2026-02-13 21:32:41.068971',9,60),(102,'{\"1\": 1, \"2\": 2, \"3\": 1, \"4\": 2, \"5\": 1, \"6\": 2, \"7\": 1, \"8\": 2, \"9\": 1, \"10\": 2, \"11\": 1, \"12\": 2, \"13\": 1, \"14\": 2, \"15\": 1, \"16\": 2, \"17\": 1, \"18\": 2, \"19\": 1, \"20\": 2}','2026-02-12 21:32:41.068971',9,61),(103,'{\"1\": 1, \"2\": 2, \"3\": 1, \"4\": 2, \"5\": 1, \"6\": 2, \"7\": 1, \"8\": 2, \"9\": 1, \"10\": 2, \"11\": 1, \"12\": 2, \"13\": 1, \"14\": 2, \"15\": 1, \"16\": 2, \"17\": 1, \"18\": 2, \"19\": 1, \"20\": 2}','2026-02-11 21:32:41.068971',9,62),(104,'{\"1\": 1, \"2\": 2, \"3\": 1, \"4\": 2, \"5\": 1, \"6\": 2, \"7\": 1, \"8\": 2, \"9\": 1, \"10\": 2, \"11\": 1, \"12\": 2, \"13\": 1, \"14\": 2, \"15\": 1, \"16\": 2, \"17\": 1, \"18\": 2, \"19\": 1, \"20\": 2}','2026-02-10 21:32:41.068971',9,63),(105,'{\"1\": 1, \"2\": 2, \"3\": 1, \"4\": 2, \"5\": 1, \"6\": 2, \"7\": 1, \"8\": 2, \"9\": 1, \"10\": 2, \"11\": 1, \"12\": 2, \"13\": 1, \"14\": 2, \"15\": 1, \"16\": 2, \"17\": 1, \"18\": 2, \"19\": 1, \"20\": 2}','2026-02-09 21:32:41.068971',9,64),(106,'{\"1\": 2, \"2\": 3, \"3\": 2, \"4\": 3, \"5\": 2, \"6\": 3, \"7\": 2, \"8\": 3, \"9\": 2, \"10\": 3, \"11\": 2, \"12\": 3, \"13\": 2, \"14\": 3, \"15\": 2, \"16\": 3, \"17\": 2, \"18\": 3, \"19\": 2, \"20\": 3}','2026-02-08 21:32:41.068971',9,65),(107,'{\"1\": 2, \"2\": 3, \"3\": 2, \"4\": 3, \"5\": 2, \"6\": 3, \"7\": 2, \"8\": 3, \"9\": 2, \"10\": 3, \"11\": 2, \"12\": 3, \"13\": 2, \"14\": 3, \"15\": 2, \"16\": 3, \"17\": 2, \"18\": 3, \"19\": 2, \"20\": 3}','2026-02-07 21:32:41.068971',9,66),(108,'{\"1\": 2, \"2\": 3, \"3\": 2, \"4\": 3, \"5\": 2, \"6\": 3, \"7\": 2, \"8\": 3, \"9\": 2, \"10\": 3, \"11\": 2, \"12\": 3, \"13\": 2, \"14\": 3, \"15\": 2, \"16\": 3, \"17\": 2, \"18\": 3, \"19\": 2, \"20\": 3}','2026-02-06 21:32:41.068971',9,67),(109,'{\"1\": 3, \"2\": 4, \"3\": 3, \"4\": 4, \"5\": 3, \"6\": 4, \"7\": 3, \"8\": 4, \"9\": 3, \"10\": 4, \"11\": 3, \"12\": 4, \"13\": 3, \"14\": 4, \"15\": 3, \"16\": 4, \"17\": 3, \"18\": 4, \"19\": 3, \"20\": 4}','2026-02-05 21:32:41.068971',9,68),(110,'{\"1\": 4, \"2\": 3, \"3\": 4, \"4\": 3, \"5\": 4, \"6\": 3, \"7\": 4, \"8\": 3, \"9\": 4, \"10\": 3, \"11\": 4, \"12\": 3, \"13\": 4, \"14\": 3, \"15\": 4, \"16\": 3, \"17\": 4, \"18\": 3, \"19\": 4, \"20\": 3}','2026-02-15 20:32:41.068971',10,57),(111,'{\"1\": 2, \"2\": 1, \"3\": 2, \"4\": 1, \"5\": 2, \"6\": 1, \"7\": 2, \"8\": 1, \"9\": 2, \"10\": 1, \"11\": 2, \"12\": 1, \"13\": 2, \"14\": 1, \"15\": 2, \"16\": 1, \"17\": 2, \"18\": 1, \"19\": 2, \"20\": 1}','2026-02-14 20:32:41.068971',10,58),(112,'{\"1\": 2, \"2\": 1, \"3\": 2, \"4\": 1, \"5\": 2, \"6\": 1, \"7\": 2, \"8\": 1, \"9\": 2, \"10\": 1, \"11\": 2, \"12\": 1, \"13\": 2, \"14\": 1, \"15\": 2, \"16\": 1, \"17\": 2, \"18\": 1, \"19\": 2, \"20\": 1}','2026-02-13 20:32:41.068971',10,59),(113,'{\"1\": 2, \"2\": 1, \"3\": 2, \"4\": 1, \"5\": 2, \"6\": 1, \"7\": 2, \"8\": 1, \"9\": 2, \"10\": 1, \"11\": 2, \"12\": 1, \"13\": 2, \"14\": 1, \"15\": 2, \"16\": 1, \"17\": 2, \"18\": 1, \"19\": 2, \"20\": 1}','2026-02-12 20:32:41.068971',10,60),(114,'{\"1\": 2, \"2\": 1, \"3\": 2, \"4\": 1, \"5\": 2, \"6\": 1, \"7\": 2, \"8\": 1, \"9\": 2, \"10\": 1, \"11\": 2, \"12\": 1, \"13\": 2, \"14\": 1, \"15\": 2, \"16\": 1, \"17\": 2, \"18\": 1, \"19\": 2, \"20\": 1}','2026-02-11 20:32:41.068971',10,61),(115,'{\"1\": 2, \"2\": 1, \"3\": 2, \"4\": 1, \"5\": 2, \"6\": 1, \"7\": 2, \"8\": 1, \"9\": 2, \"10\": 1, \"11\": 2, \"12\": 1, \"13\": 2, \"14\": 1, \"15\": 2, \"16\": 1, \"17\": 2, \"18\": 1, \"19\": 2, \"20\": 1}','2026-02-10 20:32:41.068971',10,62),(116,'{\"1\": 2, \"2\": 1, \"3\": 2, \"4\": 1, \"5\": 2, \"6\": 1, \"7\": 2, \"8\": 1, \"9\": 2, \"10\": 1, \"11\": 2, \"12\": 1, \"13\": 2, \"14\": 1, \"15\": 2, \"16\": 1, \"17\": 2, \"18\": 1, \"19\": 2, \"20\": 1}','2026-02-09 20:32:41.068971',10,63),(117,'{\"1\": 3, \"2\": 2, \"3\": 3, \"4\": 2, \"5\": 3, \"6\": 2, \"7\": 3, \"8\": 2, \"9\": 3, \"10\": 2, \"11\": 3, \"12\": 2, \"13\": 3, \"14\": 2, \"15\": 3, \"16\": 2, \"17\": 3, \"18\": 2, \"19\": 3, \"20\": 2}','2026-02-08 20:32:41.068971',10,64),(118,'{\"1\": 3, \"2\": 2, \"3\": 3, \"4\": 2, \"5\": 3, \"6\": 2, \"7\": 3, \"8\": 2, \"9\": 3, \"10\": 2, \"11\": 3, \"12\": 2, \"13\": 3, \"14\": 2, \"15\": 3, \"16\": 2, \"17\": 3, \"18\": 2, \"19\": 3, \"20\": 2}','2026-02-07 20:32:41.068971',10,65),(119,'{\"1\": 3, \"2\": 2, \"3\": 3, \"4\": 2, \"5\": 3, \"6\": 2, \"7\": 3, \"8\": 2, \"9\": 3, \"10\": 2, \"11\": 3, \"12\": 2, \"13\": 3, \"14\": 2, \"15\": 3, \"16\": 2, \"17\": 3, \"18\": 2, \"19\": 3, \"20\": 2}','2026-02-06 20:32:41.068971',10,66),(120,'{\"1\": 4, \"2\": 3, \"3\": 4, \"4\": 3, \"5\": 4, \"6\": 3, \"7\": 4, \"8\": 3, \"9\": 4, \"10\": 3, \"11\": 4, \"12\": 3, \"13\": 4, \"14\": 3, \"15\": 4, \"16\": 3, \"17\": 4, \"18\": 3, \"19\": 4, \"20\": 3}','2026-02-05 20:32:41.068971',10,67),(121,'{\"1\": 2, \"2\": 1, \"3\": 2, \"4\": 1, \"5\": 2, \"6\": 1, \"7\": 2, \"8\": 1, \"9\": 2, \"10\": 1, \"11\": 2, \"12\": 1, \"13\": 2, \"14\": 1, \"15\": 2, \"16\": 1, \"17\": 2, \"18\": 1, \"19\": 2, \"20\": 1}','2026-02-04 20:32:41.068971',10,68),(122,'{\"1\": 3, \"2\": 2, \"3\": 1, \"4\": 3, \"5\": 2, \"6\": 1, \"7\": 3, \"8\": 2, \"9\": 1, \"10\": 3, \"11\": 2, \"12\": 1, \"13\": 3, \"14\": 2, \"15\": 1, \"16\": 3, \"17\": 2, \"18\": 1, \"19\": 3, \"20\": 2, \"21\": 1, \"22\": 3, \"23\": 2, \"24\": 1, \"25\": 3, \"26\": 2, \"27\": 1, \"28\": 3, \"29\": 2, \"30\": 1, \"31\": 3, \"32\": 2, \"33\": 1, \"34\": 3, \"35\": 2, \"36\": 1, \"37\": 3, \"38\": 2, \"39\": 1, \"40\": 3, \"41\": 2, \"42\": 1, \"43\": 3, \"44\": 2, \"45\": 1, \"46\": 3, \"47\": 2, \"48\": 1, \"49\": 3, \"50\": 2, \"51\": 1, \"52\": 3, \"53\": 2, \"54\": 1, \"55\": 3, \"56\": 2, \"57\": 1, \"58\": 3, \"59\": 2, \"60\": 1, \"61\": 3, \"62\": 2, \"63\": 1, \"64\": 3, \"65\": 2, \"66\": 1, \"67\": 3, \"68\": 2, \"69\": 1, \"70\": 3, \"71\": 2, \"72\": 1, \"73\": 3, \"74\": 2, \"75\": 1, \"76\": 3, \"77\": 2, \"78\": 1, \"79\": 3, \"80\": 2, \"81\": 1, \"82\": 3, \"83\": 2, \"84\": 1, \"85\": 3, \"86\": 2, \"87\": 1, \"88\": 3, \"89\": 2, \"90\": 1}','2026-02-14 19:32:41.068971',11,80),(123,'{\"1\": 1, \"2\": 3, \"3\": 2, \"4\": 1, \"5\": 3, \"6\": 2, \"7\": 1, \"8\": 3, \"9\": 2, \"10\": 1, \"11\": 3, \"12\": 2, \"13\": 1, \"14\": 3, \"15\": 2, \"16\": 1, \"17\": 3, \"18\": 2, \"19\": 1, \"20\": 3, \"21\": 2, \"22\": 1, \"23\": 3, \"24\": 2, \"25\": 1, \"26\": 3, \"27\": 2, \"28\": 1, \"29\": 3, \"30\": 2, \"31\": 1, \"32\": 3, \"33\": 2, \"34\": 1, \"35\": 3, \"36\": 2, \"37\": 1, \"38\": 3, \"39\": 2, \"40\": 1, \"41\": 3, \"42\": 2, \"43\": 1, \"44\": 3, \"45\": 2, \"46\": 1, \"47\": 3, \"48\": 2, \"49\": 1, \"50\": 3, \"51\": 2, \"52\": 1, \"53\": 3, \"54\": 2, \"55\": 1, \"56\": 3, \"57\": 2, \"58\": 1, \"59\": 3, \"60\": 2, \"61\": 1, \"62\": 3, \"63\": 2, \"64\": 1, \"65\": 3, \"66\": 2, \"67\": 1, \"68\": 3, \"69\": 2, \"70\": 1, \"71\": 3, \"72\": 2, \"73\": 1, \"74\": 3, \"75\": 2, \"76\": 1, \"77\": 3, \"78\": 2, \"79\": 1, \"80\": 3, \"81\": 2, \"82\": 1, \"83\": 3, \"84\": 2, \"85\": 1, \"86\": 3, \"87\": 2, \"88\": 1, \"89\": 3, \"90\": 2}','2026-02-13 19:32:41.068971',11,81),(124,'{\"1\": 2, \"2\": 1, \"3\": 3, \"4\": 2, \"5\": 1, \"6\": 3, \"7\": 2, \"8\": 1, \"9\": 3, \"10\": 2, \"11\": 1, \"12\": 3, \"13\": 2, \"14\": 1, \"15\": 3, \"16\": 2, \"17\": 1, \"18\": 3, \"19\": 2, \"20\": 1, \"21\": 3, \"22\": 2, \"23\": 1, \"24\": 3, \"25\": 2, \"26\": 1, \"27\": 3, \"28\": 2, \"29\": 1, \"30\": 3, \"31\": 2, \"32\": 1, \"33\": 3, \"34\": 2, \"35\": 1, \"36\": 3, \"37\": 2, \"38\": 1, \"39\": 3, \"40\": 2, \"41\": 1, \"42\": 3, \"43\": 2, \"44\": 1, \"45\": 3, \"46\": 2, \"47\": 1, \"48\": 3, \"49\": 2, \"50\": 1, \"51\": 3, \"52\": 2, \"53\": 1, \"54\": 3, \"55\": 2, \"56\": 1, \"57\": 3, \"58\": 2, \"59\": 1, \"60\": 3, \"61\": 2, \"62\": 1, \"63\": 3, \"64\": 2, \"65\": 1, \"66\": 3, \"67\": 2, \"68\": 1, \"69\": 3, \"70\": 2, \"71\": 1, \"72\": 3, \"73\": 2, \"74\": 1, \"75\": 3, \"76\": 2, \"77\": 1, \"78\": 3, \"79\": 2, \"80\": 1, \"81\": 3, \"82\": 2, \"83\": 1, \"84\": 3, \"85\": 2, \"86\": 1, \"87\": 3, \"88\": 2, \"89\": 1, \"90\": 3}','2026-02-12 19:32:41.068971',11,82),(125,'{\"1\": 3, \"2\": 2, \"3\": 1, \"4\": 3, \"5\": 2, \"6\": 1, \"7\": 3, \"8\": 2, \"9\": 1, \"10\": 3, \"11\": 2, \"12\": 1, \"13\": 3, \"14\": 2, \"15\": 1, \"16\": 3, \"17\": 2, \"18\": 1, \"19\": 3, \"20\": 2, \"21\": 1, \"22\": 3, \"23\": 2, \"24\": 1, \"25\": 3, \"26\": 2, \"27\": 1, \"28\": 3, \"29\": 2, \"30\": 1, \"31\": 3, \"32\": 2, \"33\": 1, \"34\": 3, \"35\": 2, \"36\": 1, \"37\": 3, \"38\": 2, \"39\": 1, \"40\": 3, \"41\": 2, \"42\": 1, \"43\": 3, \"44\": 2, \"45\": 1, \"46\": 3, \"47\": 2, \"48\": 1, \"49\": 3, \"50\": 2, \"51\": 1, \"52\": 3, \"53\": 2, \"54\": 1, \"55\": 3, \"56\": 2, \"57\": 1, \"58\": 3, \"59\": 2, \"60\": 1, \"61\": 3, \"62\": 2, \"63\": 1, \"64\": 3, \"65\": 2, \"66\": 1, \"67\": 3, \"68\": 2, \"69\": 1, \"70\": 3, \"71\": 2, \"72\": 1, \"73\": 3, \"74\": 2, \"75\": 1, \"76\": 3, \"77\": 2, \"78\": 1, \"79\": 3, \"80\": 2, \"81\": 1, \"82\": 3, \"83\": 2, \"84\": 1, \"85\": 3, \"86\": 2, \"87\": 1, \"88\": 3, \"89\": 2, \"90\": 1}','2026-02-11 19:32:41.068971',11,83),(126,'{\"1\": 1, \"2\": 3, \"3\": 2, \"4\": 1, \"5\": 3, \"6\": 2, \"7\": 1, \"8\": 3, \"9\": 2, \"10\": 1, \"11\": 3, \"12\": 2, \"13\": 1, \"14\": 3, \"15\": 2, \"16\": 1, \"17\": 3, \"18\": 2, \"19\": 1, \"20\": 3, \"21\": 2, \"22\": 1, \"23\": 3, \"24\": 2, \"25\": 1, \"26\": 3, \"27\": 2, \"28\": 1, \"29\": 3, \"30\": 2, \"31\": 1, \"32\": 3, \"33\": 2, \"34\": 1, \"35\": 3, \"36\": 2, \"37\": 1, \"38\": 3, \"39\": 2, \"40\": 1, \"41\": 3, \"42\": 2, \"43\": 1, \"44\": 3, \"45\": 2, \"46\": 1, \"47\": 3, \"48\": 2, \"49\": 1, \"50\": 3, \"51\": 2, \"52\": 1, \"53\": 3, \"54\": 2, \"55\": 1, \"56\": 3, \"57\": 2, \"58\": 1, \"59\": 3, \"60\": 2, \"61\": 1, \"62\": 3, \"63\": 2, \"64\": 1, \"65\": 3, \"66\": 2, \"67\": 1, \"68\": 3, \"69\": 2, \"70\": 1, \"71\": 3, \"72\": 2, \"73\": 1, \"74\": 3, \"75\": 2, \"76\": 1, \"77\": 3, \"78\": 2, \"79\": 1, \"80\": 3, \"81\": 2, \"82\": 1, \"83\": 3, \"84\": 2, \"85\": 1, \"86\": 3, \"87\": 2, \"88\": 1, \"89\": 3, \"90\": 2}','2026-02-10 19:32:41.068971',11,84),(127,'{\"1\": 2, \"2\": 1, \"3\": 3, \"4\": 2, \"5\": 1, \"6\": 3, \"7\": 2, \"8\": 1, \"9\": 3, \"10\": 2, \"11\": 1, \"12\": 3, \"13\": 2, \"14\": 1, \"15\": 3, \"16\": 2, \"17\": 1, \"18\": 3, \"19\": 2, \"20\": 1, \"21\": 3, \"22\": 2, \"23\": 1, \"24\": 3, \"25\": 2, \"26\": 1, \"27\": 3, \"28\": 2, \"29\": 1, \"30\": 3, \"31\": 2, \"32\": 1, \"33\": 3, \"34\": 2, \"35\": 1, \"36\": 3, \"37\": 2, \"38\": 1, \"39\": 3, \"40\": 2, \"41\": 1, \"42\": 3, \"43\": 2, \"44\": 1, \"45\": 3, \"46\": 2, \"47\": 1, \"48\": 3, \"49\": 2, \"50\": 1, \"51\": 3, \"52\": 2, \"53\": 1, \"54\": 3, \"55\": 2, \"56\": 1, \"57\": 3, \"58\": 2, \"59\": 1, \"60\": 3, \"61\": 2, \"62\": 1, \"63\": 3, \"64\": 2, \"65\": 1, \"66\": 3, \"67\": 2, \"68\": 1, \"69\": 3, \"70\": 2, \"71\": 1, \"72\": 3, \"73\": 2, \"74\": 1, \"75\": 3, \"76\": 2, \"77\": 1, \"78\": 3, \"79\": 2, \"80\": 1, \"81\": 3, \"82\": 2, \"83\": 1, \"84\": 3, \"85\": 2, \"86\": 1, \"87\": 3, \"88\": 2, \"89\": 1, \"90\": 3}','2026-02-09 19:32:41.068971',11,85),(128,'{\"1\": 4, \"2\": 3, \"3\": 2, \"4\": 4, \"5\": 3, \"6\": 2, \"7\": 4, \"8\": 3, \"9\": 2, \"10\": 4, \"11\": 3, \"12\": 2, \"13\": 4, \"14\": 3, \"15\": 2, \"16\": 4, \"17\": 3, \"18\": 2, \"19\": 4, \"20\": 3, \"21\": 2, \"22\": 4, \"23\": 3, \"24\": 2, \"25\": 4, \"26\": 3, \"27\": 2, \"28\": 4, \"29\": 3, \"30\": 2, \"31\": 4, \"32\": 3, \"33\": 2, \"34\": 4, \"35\": 3, \"36\": 2, \"37\": 4, \"38\": 3, \"39\": 2, \"40\": 4, \"41\": 3, \"42\": 2, \"43\": 4, \"44\": 3, \"45\": 2, \"46\": 4, \"47\": 3, \"48\": 2, \"49\": 4, \"50\": 3, \"51\": 2, \"52\": 4, \"53\": 3, \"54\": 2, \"55\": 4, \"56\": 3, \"57\": 2, \"58\": 4, \"59\": 3, \"60\": 2, \"61\": 4, \"62\": 3, \"63\": 2, \"64\": 4, \"65\": 3, \"66\": 2, \"67\": 4, \"68\": 3, \"69\": 2, \"70\": 4, \"71\": 3, \"72\": 2, \"73\": 4, \"74\": 3, \"75\": 2, \"76\": 4, \"77\": 3, \"78\": 2, \"79\": 4, \"80\": 3, \"81\": 2, \"82\": 4, \"83\": 3, \"84\": 2, \"85\": 4, \"86\": 3, \"87\": 2, \"88\": 4, \"89\": 3, \"90\": 2}','2026-02-08 19:32:41.068971',11,86),(129,'{\"1\": 2, \"2\": 4, \"3\": 3, \"4\": 2, \"5\": 4, \"6\": 3, \"7\": 2, \"8\": 4, \"9\": 3, \"10\": 2, \"11\": 4, \"12\": 3, \"13\": 2, \"14\": 4, \"15\": 3, \"16\": 2, \"17\": 4, \"18\": 3, \"19\": 2, \"20\": 4, \"21\": 3, \"22\": 2, \"23\": 4, \"24\": 3, \"25\": 2, \"26\": 4, \"27\": 3, \"28\": 2, \"29\": 4, \"30\": 3, \"31\": 2, \"32\": 4, \"33\": 3, \"34\": 2, \"35\": 4, \"36\": 3, \"37\": 2, \"38\": 4, \"39\": 3, \"40\": 2, \"41\": 4, \"42\": 3, \"43\": 2, \"44\": 4, \"45\": 3, \"46\": 2, \"47\": 4, \"48\": 3, \"49\": 2, \"50\": 4, \"51\": 3, \"52\": 2, \"53\": 4, \"54\": 3, \"55\": 2, \"56\": 4, \"57\": 3, \"58\": 2, \"59\": 4, \"60\": 3, \"61\": 2, \"62\": 4, \"63\": 3, \"64\": 2, \"65\": 4, \"66\": 3, \"67\": 2, \"68\": 4, \"69\": 3, \"70\": 2, \"71\": 4, \"72\": 3, \"73\": 2, \"74\": 4, \"75\": 3, \"76\": 2, \"77\": 4, \"78\": 3, \"79\": 2, \"80\": 4, \"81\": 3, \"82\": 2, \"83\": 4, \"84\": 3, \"85\": 2, \"86\": 4, \"87\": 3, \"88\": 2, \"89\": 4, \"90\": 3}','2026-02-07 19:32:41.068971',11,87),(130,'{\"1\": 3, \"2\": 2, \"3\": 4, \"4\": 3, \"5\": 2, \"6\": 4, \"7\": 3, \"8\": 2, \"9\": 4, \"10\": 3, \"11\": 2, \"12\": 4, \"13\": 3, \"14\": 2, \"15\": 4, \"16\": 3, \"17\": 2, \"18\": 4, \"19\": 3, \"20\": 2, \"21\": 4, \"22\": 3, \"23\": 2, \"24\": 4, \"25\": 3, \"26\": 2, \"27\": 4, \"28\": 3, \"29\": 2, \"30\": 4, \"31\": 3, \"32\": 2, \"33\": 4, \"34\": 3, \"35\": 2, \"36\": 4, \"37\": 3, \"38\": 2, \"39\": 4, \"40\": 3, \"41\": 2, \"42\": 4, \"43\": 3, \"44\": 2, \"45\": 4, \"46\": 3, \"47\": 2, \"48\": 4, \"49\": 3, \"50\": 2, \"51\": 4, \"52\": 3, \"53\": 2, \"54\": 4, \"55\": 3, \"56\": 2, \"57\": 4, \"58\": 3, \"59\": 2, \"60\": 4, \"61\": 3, \"62\": 2, \"63\": 4, \"64\": 3, \"65\": 2, \"66\": 4, \"67\": 3, \"68\": 2, \"69\": 4, \"70\": 3, \"71\": 2, \"72\": 4, \"73\": 3, \"74\": 2, \"75\": 4, \"76\": 3, \"77\": 2, \"78\": 4, \"79\": 3, \"80\": 2, \"81\": 4, \"82\": 3, \"83\": 2, \"84\": 4, \"85\": 3, \"86\": 2, \"87\": 4, \"88\": 3, \"89\": 2, \"90\": 4}','2026-02-06 19:32:41.068971',11,88),(131,'{\"1\": 5, \"2\": 4, \"3\": 3, \"4\": 5, \"5\": 4, \"6\": 3, \"7\": 5, \"8\": 4, \"9\": 3, \"10\": 5, \"11\": 4, \"12\": 3, \"13\": 5, \"14\": 4, \"15\": 3, \"16\": 5, \"17\": 4, \"18\": 3, \"19\": 5, \"20\": 4, \"21\": 3, \"22\": 5, \"23\": 4, \"24\": 3, \"25\": 5, \"26\": 4, \"27\": 3, \"28\": 5, \"29\": 4, \"30\": 3, \"31\": 5, \"32\": 4, \"33\": 3, \"34\": 5, \"35\": 4, \"36\": 3, \"37\": 5, \"38\": 4, \"39\": 3, \"40\": 5, \"41\": 4, \"42\": 3, \"43\": 5, \"44\": 4, \"45\": 3, \"46\": 5, \"47\": 4, \"48\": 3, \"49\": 5, \"50\": 4, \"51\": 3, \"52\": 5, \"53\": 4, \"54\": 3, \"55\": 5, \"56\": 4, \"57\": 3, \"58\": 5, \"59\": 4, \"60\": 3, \"61\": 5, \"62\": 4, \"63\": 3, \"64\": 5, \"65\": 4, \"66\": 3, \"67\": 5, \"68\": 4, \"69\": 3, \"70\": 5, \"71\": 4, \"72\": 3, \"73\": 5, \"74\": 4, \"75\": 3, \"76\": 5, \"77\": 4, \"78\": 3, \"79\": 5, \"80\": 4, \"81\": 3, \"82\": 5, \"83\": 4, \"84\": 3, \"85\": 5, \"86\": 4, \"87\": 3, \"88\": 5, \"89\": 4, \"90\": 3}','2026-02-05 19:32:41.068971',11,89),(132,'{\"1\": 1, \"2\": 3, \"3\": 2, \"4\": 1, \"5\": 3, \"6\": 2, \"7\": 1, \"8\": 3, \"9\": 2, \"10\": 1, \"11\": 3, \"12\": 2, \"13\": 1, \"14\": 3, \"15\": 2, \"16\": 1, \"17\": 3, \"18\": 2, \"19\": 1, \"20\": 3, \"21\": 2, \"22\": 1, \"23\": 3, \"24\": 2, \"25\": 1, \"26\": 3, \"27\": 2, \"28\": 1, \"29\": 3, \"30\": 2, \"31\": 1, \"32\": 3, \"33\": 2, \"34\": 1, \"35\": 3, \"36\": 2, \"37\": 1, \"38\": 3, \"39\": 2, \"40\": 1, \"41\": 3, \"42\": 2, \"43\": 1, \"44\": 3, \"45\": 2, \"46\": 1, \"47\": 3, \"48\": 2, \"49\": 1, \"50\": 3, \"51\": 2, \"52\": 1, \"53\": 3, \"54\": 2, \"55\": 1, \"56\": 3, \"57\": 2, \"58\": 1, \"59\": 3, \"60\": 2, \"61\": 1, \"62\": 3, \"63\": 2, \"64\": 1, \"65\": 3, \"66\": 2, \"67\": 1, \"68\": 3, \"69\": 2, \"70\": 1, \"71\": 3, \"72\": 2, \"73\": 1, \"74\": 3, \"75\": 2, \"76\": 1, \"77\": 3, \"78\": 2, \"79\": 1, \"80\": 3, \"81\": 2, \"82\": 1, \"83\": 3, \"84\": 2, \"85\": 1, \"86\": 3, \"87\": 2, \"88\": 1, \"89\": 3, \"90\": 2}','2026-02-04 19:32:41.068971',11,90),(133,'{\"1\": 2, \"2\": 1, \"3\": 3, \"4\": 2, \"5\": 1, \"6\": 3, \"7\": 2, \"8\": 1, \"9\": 3, \"10\": 2, \"11\": 1, \"12\": 3, \"13\": 2, \"14\": 1, \"15\": 3, \"16\": 2, \"17\": 1, \"18\": 3, \"19\": 2, \"20\": 1, \"21\": 3, \"22\": 2, \"23\": 1, \"24\": 3, \"25\": 2, \"26\": 1, \"27\": 3, \"28\": 2, \"29\": 1, \"30\": 3, \"31\": 2, \"32\": 1, \"33\": 3, \"34\": 2, \"35\": 1, \"36\": 3, \"37\": 2, \"38\": 1, \"39\": 3, \"40\": 2, \"41\": 1, \"42\": 3, \"43\": 2, \"44\": 1, \"45\": 3, \"46\": 2, \"47\": 1, \"48\": 3, \"49\": 2, \"50\": 1, \"51\": 3, \"52\": 2, \"53\": 1, \"54\": 3, \"55\": 2, \"56\": 1, \"57\": 3, \"58\": 2, \"59\": 1, \"60\": 3, \"61\": 2, \"62\": 1, \"63\": 3, \"64\": 2, \"65\": 1, \"66\": 3, \"67\": 2, \"68\": 1, \"69\": 3, \"70\": 2, \"71\": 1, \"72\": 3, \"73\": 2, \"74\": 1, \"75\": 3, \"76\": 2, \"77\": 1, \"78\": 3, \"79\": 2, \"80\": 1, \"81\": 3, \"82\": 2, \"83\": 1, \"84\": 3, \"85\": 2, \"86\": 1, \"87\": 3, \"88\": 2, \"89\": 1, \"90\": 3}','2026-02-03 19:32:41.068971',11,91),(134,'{\"1\": 1, \"2\": 2, \"3\": 1, \"4\": 2, \"5\": 1, \"6\": 2, \"7\": 1, \"8\": 2, \"9\": 1, \"10\": 2, \"11\": 1, \"12\": 2, \"13\": 1, \"14\": 2, \"15\": 1, \"16\": 2, \"17\": 1, \"18\": 2, \"19\": 1, \"20\": 2}','2026-02-13 18:32:41.068971',12,80),(135,'{\"1\": 1, \"2\": 2, \"3\": 1, \"4\": 2, \"5\": 1, \"6\": 2, \"7\": 1, \"8\": 2, \"9\": 1, \"10\": 2, \"11\": 1, \"12\": 2, \"13\": 1, \"14\": 2, \"15\": 1, \"16\": 2, \"17\": 1, \"18\": 2, \"19\": 1, \"20\": 2}','2026-02-12 18:32:41.068971',12,81),(136,'{\"1\": 1, \"2\": 2, \"3\": 1, \"4\": 2, \"5\": 1, \"6\": 2, \"7\": 1, \"8\": 2, \"9\": 1, \"10\": 2, \"11\": 1, \"12\": 2, \"13\": 1, \"14\": 2, \"15\": 1, \"16\": 2, \"17\": 1, \"18\": 2, \"19\": 1, \"20\": 2}','2026-02-11 18:32:41.068971',12,82),(137,'{\"1\": 1, \"2\": 2, \"3\": 1, \"4\": 2, \"5\": 1, \"6\": 2, \"7\": 1, \"8\": 2, \"9\": 1, \"10\": 2, \"11\": 1, \"12\": 2, \"13\": 1, \"14\": 2, \"15\": 1, \"16\": 2, \"17\": 1, \"18\": 2, \"19\": 1, \"20\": 2}','2026-02-10 18:32:41.068971',12,83),(138,'{\"1\": 1, \"2\": 2, \"3\": 1, \"4\": 2, \"5\": 1, \"6\": 2, \"7\": 1, \"8\": 2, \"9\": 1, \"10\": 2, \"11\": 1, \"12\": 2, \"13\": 1, \"14\": 2, \"15\": 1, \"16\": 2, \"17\": 1, \"18\": 2, \"19\": 1, \"20\": 2}','2026-02-09 18:32:41.068971',12,84),(139,'{\"1\": 2, \"2\": 3, \"3\": 2, \"4\": 3, \"5\": 2, \"6\": 3, \"7\": 2, \"8\": 3, \"9\": 2, \"10\": 3, \"11\": 2, \"12\": 3, \"13\": 2, \"14\": 3, \"15\": 2, \"16\": 3, \"17\": 2, \"18\": 3, \"19\": 2, \"20\": 3}','2026-02-08 18:32:41.068971',12,85),(140,'{\"1\": 2, \"2\": 3, \"3\": 2, \"4\": 3, \"5\": 2, \"6\": 3, \"7\": 2, \"8\": 3, \"9\": 2, \"10\": 3, \"11\": 2, \"12\": 3, \"13\": 2, \"14\": 3, \"15\": 2, \"16\": 3, \"17\": 2, \"18\": 3, \"19\": 2, \"20\": 3}','2026-02-07 18:32:41.068971',12,86),(141,'{\"1\": 2, \"2\": 3, \"3\": 2, \"4\": 3, \"5\": 2, \"6\": 3, \"7\": 2, \"8\": 3, \"9\": 2, \"10\": 3, \"11\": 2, \"12\": 3, \"13\": 2, \"14\": 3, \"15\": 2, \"16\": 3, \"17\": 2, \"18\": 3, \"19\": 2, \"20\": 3}','2026-02-06 18:32:41.068971',12,87),(142,'{\"1\": 3, \"2\": 4, \"3\": 3, \"4\": 4, \"5\": 3, \"6\": 4, \"7\": 3, \"8\": 4, \"9\": 3, \"10\": 4, \"11\": 3, \"12\": 4, \"13\": 3, \"14\": 4, \"15\": 3, \"16\": 4, \"17\": 3, \"18\": 4, \"19\": 3, \"20\": 4}','2026-02-05 18:32:41.068971',12,88),(143,'{\"1\": 1, \"2\": 2, \"3\": 1, \"4\": 2, \"5\": 1, \"6\": 2, \"7\": 1, \"8\": 2, \"9\": 1, \"10\": 2, \"11\": 1, \"12\": 2, \"13\": 1, \"14\": 2, \"15\": 1, \"16\": 2, \"17\": 1, \"18\": 2, \"19\": 1, \"20\": 2}','2026-02-04 18:32:41.068971',12,89),(144,'{\"1\": 1, \"2\": 2, \"3\": 1, \"4\": 2, \"5\": 1, \"6\": 2, \"7\": 1, \"8\": 2, \"9\": 1, \"10\": 2, \"11\": 1, \"12\": 2, \"13\": 1, \"14\": 2, \"15\": 1, \"16\": 2, \"17\": 1, \"18\": 2, \"19\": 1, \"20\": 2}','2026-02-03 18:32:41.068971',12,90),(145,'{\"1\": 1, \"2\": 2, \"3\": 1, \"4\": 2, \"5\": 1, \"6\": 2, \"7\": 1, \"8\": 2, \"9\": 1, \"10\": 2, \"11\": 1, \"12\": 2, \"13\": 1, \"14\": 2, \"15\": 1, \"16\": 2, \"17\": 1, \"18\": 2, \"19\": 1, \"20\": 2}','2026-02-02 18:32:41.068971',12,91),(146,'{\"1\": 2, \"2\": 1, \"3\": 2, \"4\": 1, \"5\": 2, \"6\": 1, \"7\": 2, \"8\": 1, \"9\": 2, \"10\": 1, \"11\": 2, \"12\": 1, \"13\": 2, \"14\": 1, \"15\": 2, \"16\": 1, \"17\": 2, \"18\": 1, \"19\": 2, \"20\": 1}','2026-02-12 23:32:41.068971',13,80),(147,'{\"1\": 2, \"2\": 1, \"3\": 2, \"4\": 1, \"5\": 2, \"6\": 1, \"7\": 2, \"8\": 1, \"9\": 2, \"10\": 1, \"11\": 2, \"12\": 1, \"13\": 2, \"14\": 1, \"15\": 2, \"16\": 1, \"17\": 2, \"18\": 1, \"19\": 2, \"20\": 1}','2026-02-11 23:32:41.068971',13,81),(148,'{\"1\": 2, \"2\": 1, \"3\": 2, \"4\": 1, \"5\": 2, \"6\": 1, \"7\": 2, \"8\": 1, \"9\": 2, \"10\": 1, \"11\": 2, \"12\": 1, \"13\": 2, \"14\": 1, \"15\": 2, \"16\": 1, \"17\": 2, \"18\": 1, \"19\": 2, \"20\": 1}','2026-02-10 23:32:41.068971',13,82),(149,'{\"1\": 2, \"2\": 1, \"3\": 2, \"4\": 1, \"5\": 2, \"6\": 1, \"7\": 2, \"8\": 1, \"9\": 2, \"10\": 1, \"11\": 2, \"12\": 1, \"13\": 2, \"14\": 1, \"15\": 2, \"16\": 1, \"17\": 2, \"18\": 1, \"19\": 2, \"20\": 1}','2026-02-09 23:32:41.068971',13,83),(150,'{\"1\": 3, \"2\": 2, \"3\": 3, \"4\": 2, \"5\": 3, \"6\": 2, \"7\": 3, \"8\": 2, \"9\": 3, \"10\": 2, \"11\": 3, \"12\": 2, \"13\": 3, \"14\": 2, \"15\": 3, \"16\": 2, \"17\": 3, \"18\": 2, \"19\": 3, \"20\": 2}','2026-02-08 23:32:41.068971',13,84),(151,'{\"1\": 3, \"2\": 2, \"3\": 3, \"4\": 2, \"5\": 3, \"6\": 2, \"7\": 3, \"8\": 2, \"9\": 3, \"10\": 2, \"11\": 3, \"12\": 2, \"13\": 3, \"14\": 2, \"15\": 3, \"16\": 2, \"17\": 3, \"18\": 2, \"19\": 3, \"20\": 2}','2026-02-07 23:32:41.068971',13,85),(152,'{\"1\": 3, \"2\": 2, \"3\": 3, \"4\": 2, \"5\": 3, \"6\": 2, \"7\": 3, \"8\": 2, \"9\": 3, \"10\": 2, \"11\": 3, \"12\": 2, \"13\": 3, \"14\": 2, \"15\": 3, \"16\": 2, \"17\": 3, \"18\": 2, \"19\": 3, \"20\": 2}','2026-02-06 23:32:41.068971',13,86),(153,'{\"1\": 4, \"2\": 3, \"3\": 4, \"4\": 3, \"5\": 4, \"6\": 3, \"7\": 4, \"8\": 3, \"9\": 4, \"10\": 3, \"11\": 4, \"12\": 3, \"13\": 4, \"14\": 3, \"15\": 4, \"16\": 3, \"17\": 4, \"18\": 3, \"19\": 4, \"20\": 3}','2026-02-05 23:32:41.068971',13,87),(154,'{\"1\": 2, \"2\": 1, \"3\": 2, \"4\": 1, \"5\": 2, \"6\": 1, \"7\": 2, \"8\": 1, \"9\": 2, \"10\": 1, \"11\": 2, \"12\": 1, \"13\": 2, \"14\": 1, \"15\": 2, \"16\": 1, \"17\": 2, \"18\": 1, \"19\": 2, \"20\": 1}','2026-02-04 23:32:41.068971',13,88),(155,'{\"1\": 2, \"2\": 1, \"3\": 2, \"4\": 1, \"5\": 2, \"6\": 1, \"7\": 2, \"8\": 1, \"9\": 2, \"10\": 1, \"11\": 2, \"12\": 1, \"13\": 2, \"14\": 1, \"15\": 2, \"16\": 1, \"17\": 2, \"18\": 1, \"19\": 2, \"20\": 1}','2026-02-03 23:32:41.068971',13,89),(156,'{\"1\": 2, \"2\": 1, \"3\": 2, \"4\": 1, \"5\": 2, \"6\": 1, \"7\": 2, \"8\": 1, \"9\": 2, \"10\": 1, \"11\": 2, \"12\": 1, \"13\": 2, \"14\": 1, \"15\": 2, \"16\": 1, \"17\": 2, \"18\": 1, \"19\": 2, \"20\": 1}','2026-02-02 23:32:41.068971',13,90),(157,'{\"1\": 2, \"2\": 1, \"3\": 2, \"4\": 1, \"5\": 2, \"6\": 1, \"7\": 2, \"8\": 1, \"9\": 2, \"10\": 1, \"11\": 2, \"12\": 1, \"13\": 2, \"14\": 1, \"15\": 2, \"16\": 1, \"17\": 2, \"18\": 1, \"19\": 2, \"20\": 1}','2026-02-01 23:32:41.068971',13,91),(158,'{\"1\": 3, \"2\": 2, \"3\": 1, \"4\": 3, \"5\": 2, \"6\": 1, \"7\": 3, \"8\": 2, \"9\": 1, \"10\": 3, \"11\": 2, \"12\": 1, \"13\": 3, \"14\": 2, \"15\": 1, \"16\": 3, \"17\": 2, \"18\": 1, \"19\": 3, \"20\": 2, \"21\": 1, \"22\": 3, \"23\": 2, \"24\": 1, \"25\": 3, \"26\": 2, \"27\": 1, \"28\": 3, \"29\": 2, \"30\": 1, \"31\": 3, \"32\": 2, \"33\": 1, \"34\": 3, \"35\": 2, \"36\": 1, \"37\": 3, \"38\": 2, \"39\": 1, \"40\": 3, \"41\": 2, \"42\": 1, \"43\": 3, \"44\": 2, \"45\": 1, \"46\": 3, \"47\": 2, \"48\": 1, \"49\": 3, \"50\": 2, \"51\": 1, \"52\": 3, \"53\": 2, \"54\": 1, \"55\": 3, \"56\": 2, \"57\": 1, \"58\": 3, \"59\": 2, \"60\": 1, \"61\": 3, \"62\": 2, \"63\": 1, \"64\": 3, \"65\": 2, \"66\": 1, \"67\": 3, \"68\": 2, \"69\": 1, \"70\": 3, \"71\": 2, \"72\": 1, \"73\": 3, \"74\": 2, \"75\": 1, \"76\": 3, \"77\": 2, \"78\": 1, \"79\": 3, \"80\": 2, \"81\": 1, \"82\": 3, \"83\": 2, \"84\": 1, \"85\": 3, \"86\": 2, \"87\": 1, \"88\": 3, \"89\": 2, \"90\": 1}','2026-02-11 22:32:41.068971',14,80),(159,'{\"1\": 1, \"2\": 3, \"3\": 2, \"4\": 1, \"5\": 3, \"6\": 2, \"7\": 1, \"8\": 3, \"9\": 2, \"10\": 1, \"11\": 3, \"12\": 2, \"13\": 1, \"14\": 3, \"15\": 2, \"16\": 1, \"17\": 3, \"18\": 2, \"19\": 1, \"20\": 3, \"21\": 2, \"22\": 1, \"23\": 3, \"24\": 2, \"25\": 1, \"26\": 3, \"27\": 2, \"28\": 1, \"29\": 3, \"30\": 2, \"31\": 1, \"32\": 3, \"33\": 2, \"34\": 1, \"35\": 3, \"36\": 2, \"37\": 1, \"38\": 3, \"39\": 2, \"40\": 1, \"41\": 3, \"42\": 2, \"43\": 1, \"44\": 3, \"45\": 2, \"46\": 1, \"47\": 3, \"48\": 2, \"49\": 1, \"50\": 3, \"51\": 2, \"52\": 1, \"53\": 3, \"54\": 2, \"55\": 1, \"56\": 3, \"57\": 2, \"58\": 1, \"59\": 3, \"60\": 2, \"61\": 1, \"62\": 3, \"63\": 2, \"64\": 1, \"65\": 3, \"66\": 2, \"67\": 1, \"68\": 3, \"69\": 2, \"70\": 1, \"71\": 3, \"72\": 2, \"73\": 1, \"74\": 3, \"75\": 2, \"76\": 1, \"77\": 3, \"78\": 2, \"79\": 1, \"80\": 3, \"81\": 2, \"82\": 1, \"83\": 3, \"84\": 2, \"85\": 1, \"86\": 3, \"87\": 2, \"88\": 1, \"89\": 3, \"90\": 2}','2026-02-10 22:32:41.068971',14,81),(160,'{\"1\": 2, \"2\": 1, \"3\": 3, \"4\": 2, \"5\": 1, \"6\": 3, \"7\": 2, \"8\": 1, \"9\": 3, \"10\": 2, \"11\": 1, \"12\": 3, \"13\": 2, \"14\": 1, \"15\": 3, \"16\": 2, \"17\": 1, \"18\": 3, \"19\": 2, \"20\": 1, \"21\": 3, \"22\": 2, \"23\": 1, \"24\": 3, \"25\": 2, \"26\": 1, \"27\": 3, \"28\": 2, \"29\": 1, \"30\": 3, \"31\": 2, \"32\": 1, \"33\": 3, \"34\": 2, \"35\": 1, \"36\": 3, \"37\": 2, \"38\": 1, \"39\": 3, \"40\": 2, \"41\": 1, \"42\": 3, \"43\": 2, \"44\": 1, \"45\": 3, \"46\": 2, \"47\": 1, \"48\": 3, \"49\": 2, \"50\": 1, \"51\": 3, \"52\": 2, \"53\": 1, \"54\": 3, \"55\": 2, \"56\": 1, \"57\": 3, \"58\": 2, \"59\": 1, \"60\": 3, \"61\": 2, \"62\": 1, \"63\": 3, \"64\": 2, \"65\": 1, \"66\": 3, \"67\": 2, \"68\": 1, \"69\": 3, \"70\": 2, \"71\": 1, \"72\": 3, \"73\": 2, \"74\": 1, \"75\": 3, \"76\": 2, \"77\": 1, \"78\": 3, \"79\": 2, \"80\": 1, \"81\": 3, \"82\": 2, \"83\": 1, \"84\": 3, \"85\": 2, \"86\": 1, \"87\": 3, \"88\": 2, \"89\": 1, \"90\": 3}','2026-02-09 22:32:41.068971',14,82),(161,'{\"1\": 4, \"2\": 3, \"3\": 2, \"4\": 4, \"5\": 3, \"6\": 2, \"7\": 4, \"8\": 3, \"9\": 2, \"10\": 4, \"11\": 3, \"12\": 2, \"13\": 4, \"14\": 3, \"15\": 2, \"16\": 4, \"17\": 3, \"18\": 2, \"19\": 4, \"20\": 3, \"21\": 2, \"22\": 4, \"23\": 3, \"24\": 2, \"25\": 4, \"26\": 3, \"27\": 2, \"28\": 4, \"29\": 3, \"30\": 2, \"31\": 4, \"32\": 3, \"33\": 2, \"34\": 4, \"35\": 3, \"36\": 2, \"37\": 4, \"38\": 3, \"39\": 2, \"40\": 4, \"41\": 3, \"42\": 2, \"43\": 4, \"44\": 3, \"45\": 2, \"46\": 4, \"47\": 3, \"48\": 2, \"49\": 4, \"50\": 3, \"51\": 2, \"52\": 4, \"53\": 3, \"54\": 2, \"55\": 4, \"56\": 3, \"57\": 2, \"58\": 4, \"59\": 3, \"60\": 2, \"61\": 4, \"62\": 3, \"63\": 2, \"64\": 4, \"65\": 3, \"66\": 2, \"67\": 4, \"68\": 3, \"69\": 2, \"70\": 4, \"71\": 3, \"72\": 2, \"73\": 4, \"74\": 3, \"75\": 2, \"76\": 4, \"77\": 3, \"78\": 2, \"79\": 4, \"80\": 3, \"81\": 2, \"82\": 4, \"83\": 3, \"84\": 2, \"85\": 4, \"86\": 3, \"87\": 2, \"88\": 4, \"89\": 3, \"90\": 2}','2026-02-08 22:32:41.068971',14,83),(162,'{\"1\": 2, \"2\": 4, \"3\": 3, \"4\": 2, \"5\": 4, \"6\": 3, \"7\": 2, \"8\": 4, \"9\": 3, \"10\": 2, \"11\": 4, \"12\": 3, \"13\": 2, \"14\": 4, \"15\": 3, \"16\": 2, \"17\": 4, \"18\": 3, \"19\": 2, \"20\": 4, \"21\": 3, \"22\": 2, \"23\": 4, \"24\": 3, \"25\": 2, \"26\": 4, \"27\": 3, \"28\": 2, \"29\": 4, \"30\": 3, \"31\": 2, \"32\": 4, \"33\": 3, \"34\": 2, \"35\": 4, \"36\": 3, \"37\": 2, \"38\": 4, \"39\": 3, \"40\": 2, \"41\": 4, \"42\": 3, \"43\": 2, \"44\": 4, \"45\": 3, \"46\": 2, \"47\": 4, \"48\": 3, \"49\": 2, \"50\": 4, \"51\": 3, \"52\": 2, \"53\": 4, \"54\": 3, \"55\": 2, \"56\": 4, \"57\": 3, \"58\": 2, \"59\": 4, \"60\": 3, \"61\": 2, \"62\": 4, \"63\": 3, \"64\": 2, \"65\": 4, \"66\": 3, \"67\": 2, \"68\": 4, \"69\": 3, \"70\": 2, \"71\": 4, \"72\": 3, \"73\": 2, \"74\": 4, \"75\": 3, \"76\": 2, \"77\": 4, \"78\": 3, \"79\": 2, \"80\": 4, \"81\": 3, \"82\": 2, \"83\": 4, \"84\": 3, \"85\": 2, \"86\": 4, \"87\": 3, \"88\": 2, \"89\": 4, \"90\": 3}','2026-02-07 22:32:41.068971',14,84),(163,'{\"1\": 3, \"2\": 2, \"3\": 4, \"4\": 3, \"5\": 2, \"6\": 4, \"7\": 3, \"8\": 2, \"9\": 4, \"10\": 3, \"11\": 2, \"12\": 4, \"13\": 3, \"14\": 2, \"15\": 4, \"16\": 3, \"17\": 2, \"18\": 4, \"19\": 3, \"20\": 2, \"21\": 4, \"22\": 3, \"23\": 2, \"24\": 4, \"25\": 3, \"26\": 2, \"27\": 4, \"28\": 3, \"29\": 2, \"30\": 4, \"31\": 3, \"32\": 2, \"33\": 4, \"34\": 3, \"35\": 2, \"36\": 4, \"37\": 3, \"38\": 2, \"39\": 4, \"40\": 3, \"41\": 2, \"42\": 4, \"43\": 3, \"44\": 2, \"45\": 4, \"46\": 3, \"47\": 2, \"48\": 4, \"49\": 3, \"50\": 2, \"51\": 4, \"52\": 3, \"53\": 2, \"54\": 4, \"55\": 3, \"56\": 2, \"57\": 4, \"58\": 3, \"59\": 2, \"60\": 4, \"61\": 3, \"62\": 2, \"63\": 4, \"64\": 3, \"65\": 2, \"66\": 4, \"67\": 3, \"68\": 2, \"69\": 4, \"70\": 3, \"71\": 2, \"72\": 4, \"73\": 3, \"74\": 2, \"75\": 4, \"76\": 3, \"77\": 2, \"78\": 4, \"79\": 3, \"80\": 2, \"81\": 4, \"82\": 3, \"83\": 2, \"84\": 4, \"85\": 3, \"86\": 2, \"87\": 4, \"88\": 3, \"89\": 2, \"90\": 4}','2026-02-06 22:32:41.068971',14,85),(164,'{\"1\": 5, \"2\": 4, \"3\": 3, \"4\": 5, \"5\": 4, \"6\": 3, \"7\": 5, \"8\": 4, \"9\": 3, \"10\": 5, \"11\": 4, \"12\": 3, \"13\": 5, \"14\": 4, \"15\": 3, \"16\": 5, \"17\": 4, \"18\": 3, \"19\": 5, \"20\": 4, \"21\": 3, \"22\": 5, \"23\": 4, \"24\": 3, \"25\": 5, \"26\": 4, \"27\": 3, \"28\": 5, \"29\": 4, \"30\": 3, \"31\": 5, \"32\": 4, \"33\": 3, \"34\": 5, \"35\": 4, \"36\": 3, \"37\": 5, \"38\": 4, \"39\": 3, \"40\": 5, \"41\": 4, \"42\": 3, \"43\": 5, \"44\": 4, \"45\": 3, \"46\": 5, \"47\": 4, \"48\": 3, \"49\": 5, \"50\": 4, \"51\": 3, \"52\": 5, \"53\": 4, \"54\": 3, \"55\": 5, \"56\": 4, \"57\": 3, \"58\": 5, \"59\": 4, \"60\": 3, \"61\": 5, \"62\": 4, \"63\": 3, \"64\": 5, \"65\": 4, \"66\": 3, \"67\": 5, \"68\": 4, \"69\": 3, \"70\": 5, \"71\": 4, \"72\": 3, \"73\": 5, \"74\": 4, \"75\": 3, \"76\": 5, \"77\": 4, \"78\": 3, \"79\": 5, \"80\": 4, \"81\": 3, \"82\": 5, \"83\": 4, \"84\": 3, \"85\": 5, \"86\": 4, \"87\": 3, \"88\": 5, \"89\": 4, \"90\": 3}','2026-02-05 22:32:41.068971',14,86),(165,'{\"1\": 1, \"2\": 3, \"3\": 2, \"4\": 1, \"5\": 3, \"6\": 2, \"7\": 1, \"8\": 3, \"9\": 2, \"10\": 1, \"11\": 3, \"12\": 2, \"13\": 1, \"14\": 3, \"15\": 2, \"16\": 1, \"17\": 3, \"18\": 2, \"19\": 1, \"20\": 3, \"21\": 2, \"22\": 1, \"23\": 3, \"24\": 2, \"25\": 1, \"26\": 3, \"27\": 2, \"28\": 1, \"29\": 3, \"30\": 2, \"31\": 1, \"32\": 3, \"33\": 2, \"34\": 1, \"35\": 3, \"36\": 2, \"37\": 1, \"38\": 3, \"39\": 2, \"40\": 1, \"41\": 3, \"42\": 2, \"43\": 1, \"44\": 3, \"45\": 2, \"46\": 1, \"47\": 3, \"48\": 2, \"49\": 1, \"50\": 3, \"51\": 2, \"52\": 1, \"53\": 3, \"54\": 2, \"55\": 1, \"56\": 3, \"57\": 2, \"58\": 1, \"59\": 3, \"60\": 2, \"61\": 1, \"62\": 3, \"63\": 2, \"64\": 1, \"65\": 3, \"66\": 2, \"67\": 1, \"68\": 3, \"69\": 2, \"70\": 1, \"71\": 3, \"72\": 2, \"73\": 1, \"74\": 3, \"75\": 2, \"76\": 1, \"77\": 3, \"78\": 2, \"79\": 1, \"80\": 3, \"81\": 2, \"82\": 1, \"83\": 3, \"84\": 2, \"85\": 1, \"86\": 3, \"87\": 2, \"88\": 1, \"89\": 3, \"90\": 2}','2026-02-04 22:32:41.068971',14,87),(166,'{\"1\": 2, \"2\": 1, \"3\": 3, \"4\": 2, \"5\": 1, \"6\": 3, \"7\": 2, \"8\": 1, \"9\": 3, \"10\": 2, \"11\": 1, \"12\": 3, \"13\": 2, \"14\": 1, \"15\": 3, \"16\": 2, \"17\": 1, \"18\": 3, \"19\": 2, \"20\": 1, \"21\": 3, \"22\": 2, \"23\": 1, \"24\": 3, \"25\": 2, \"26\": 1, \"27\": 3, \"28\": 2, \"29\": 1, \"30\": 3, \"31\": 2, \"32\": 1, \"33\": 3, \"34\": 2, \"35\": 1, \"36\": 3, \"37\": 2, \"38\": 1, \"39\": 3, \"40\": 2, \"41\": 1, \"42\": 3, \"43\": 2, \"44\": 1, \"45\": 3, \"46\": 2, \"47\": 1, \"48\": 3, \"49\": 2, \"50\": 1, \"51\": 3, \"52\": 2, \"53\": 1, \"54\": 3, \"55\": 2, \"56\": 1, \"57\": 3, \"58\": 2, \"59\": 1, \"60\": 3, \"61\": 2, \"62\": 1, \"63\": 3, \"64\": 2, \"65\": 1, \"66\": 3, \"67\": 2, \"68\": 1, \"69\": 3, \"70\": 2, \"71\": 1, \"72\": 3, \"73\": 2, \"74\": 1, \"75\": 3, \"76\": 2, \"77\": 1, \"78\": 3, \"79\": 2, \"80\": 1, \"81\": 3, \"82\": 2, \"83\": 1, \"84\": 3, \"85\": 2, \"86\": 1, \"87\": 3, \"88\": 2, \"89\": 1, \"90\": 3}','2026-02-03 22:32:41.068971',14,88),(167,'{\"1\": 3, \"2\": 2, \"3\": 1, \"4\": 3, \"5\": 2, \"6\": 1, \"7\": 3, \"8\": 2, \"9\": 1, \"10\": 3, \"11\": 2, \"12\": 1, \"13\": 3, \"14\": 2, \"15\": 1, \"16\": 3, \"17\": 2, \"18\": 1, \"19\": 3, \"20\": 2, \"21\": 1, \"22\": 3, \"23\": 2, \"24\": 1, \"25\": 3, \"26\": 2, \"27\": 1, \"28\": 3, \"29\": 2, \"30\": 1, \"31\": 3, \"32\": 2, \"33\": 1, \"34\": 3, \"35\": 2, \"36\": 1, \"37\": 3, \"38\": 2, \"39\": 1, \"40\": 3, \"41\": 2, \"42\": 1, \"43\": 3, \"44\": 2, \"45\": 1, \"46\": 3, \"47\": 2, \"48\": 1, \"49\": 3, \"50\": 2, \"51\": 1, \"52\": 3, \"53\": 2, \"54\": 1, \"55\": 3, \"56\": 2, \"57\": 1, \"58\": 3, \"59\": 2, \"60\": 1, \"61\": 3, \"62\": 2, \"63\": 1, \"64\": 3, \"65\": 2, \"66\": 1, \"67\": 3, \"68\": 2, \"69\": 1, \"70\": 3, \"71\": 2, \"72\": 1, \"73\": 3, \"74\": 2, \"75\": 1, \"76\": 3, \"77\": 2, \"78\": 1, \"79\": 3, \"80\": 2, \"81\": 1, \"82\": 3, \"83\": 2, \"84\": 1, \"85\": 3, \"86\": 2, \"87\": 1, \"88\": 3, \"89\": 2, \"90\": 1}','2026-02-02 22:32:41.068971',14,89),(168,'{\"1\": 1, \"2\": 3, \"3\": 2, \"4\": 1, \"5\": 3, \"6\": 2, \"7\": 1, \"8\": 3, \"9\": 2, \"10\": 1, \"11\": 3, \"12\": 2, \"13\": 1, \"14\": 3, \"15\": 2, \"16\": 1, \"17\": 3, \"18\": 2, \"19\": 1, \"20\": 3, \"21\": 2, \"22\": 1, \"23\": 3, \"24\": 2, \"25\": 1, \"26\": 3, \"27\": 2, \"28\": 1, \"29\": 3, \"30\": 2, \"31\": 1, \"32\": 3, \"33\": 2, \"34\": 1, \"35\": 3, \"36\": 2, \"37\": 1, \"38\": 3, \"39\": 2, \"40\": 1, \"41\": 3, \"42\": 2, \"43\": 1, \"44\": 3, \"45\": 2, \"46\": 1, \"47\": 3, \"48\": 2, \"49\": 1, \"50\": 3, \"51\": 2, \"52\": 1, \"53\": 3, \"54\": 2, \"55\": 1, \"56\": 3, \"57\": 2, \"58\": 1, \"59\": 3, \"60\": 2, \"61\": 1, \"62\": 3, \"63\": 2, \"64\": 1, \"65\": 3, \"66\": 2, \"67\": 1, \"68\": 3, \"69\": 2, \"70\": 1, \"71\": 3, \"72\": 2, \"73\": 1, \"74\": 3, \"75\": 2, \"76\": 1, \"77\": 3, \"78\": 2, \"79\": 1, \"80\": 3, \"81\": 2, \"82\": 1, \"83\": 3, \"84\": 2, \"85\": 1, \"86\": 3, \"87\": 2, \"88\": 1, \"89\": 3, \"90\": 2}','2026-02-01 22:32:41.068971',14,90),(169,'{\"1\": 2, \"2\": 1, \"3\": 3, \"4\": 2, \"5\": 1, \"6\": 3, \"7\": 2, \"8\": 1, \"9\": 3, \"10\": 2, \"11\": 1, \"12\": 3, \"13\": 2, \"14\": 1, \"15\": 3, \"16\": 2, \"17\": 1, \"18\": 3, \"19\": 2, \"20\": 1, \"21\": 3, \"22\": 2, \"23\": 1, \"24\": 3, \"25\": 2, \"26\": 1, \"27\": 3, \"28\": 2, \"29\": 1, \"30\": 3, \"31\": 2, \"32\": 1, \"33\": 3, \"34\": 2, \"35\": 1, \"36\": 3, \"37\": 2, \"38\": 1, \"39\": 3, \"40\": 2, \"41\": 1, \"42\": 3, \"43\": 2, \"44\": 1, \"45\": 3, \"46\": 2, \"47\": 1, \"48\": 3, \"49\": 2, \"50\": 1, \"51\": 3, \"52\": 2, \"53\": 1, \"54\": 3, \"55\": 2, \"56\": 1, \"57\": 3, \"58\": 2, \"59\": 1, \"60\": 3, \"61\": 2, \"62\": 1, \"63\": 3, \"64\": 2, \"65\": 1, \"66\": 3, \"67\": 2, \"68\": 1, \"69\": 3, \"70\": 2, \"71\": 1, \"72\": 3, \"73\": 2, \"74\": 1, \"75\": 3, \"76\": 2, \"77\": 1, \"78\": 3, \"79\": 2, \"80\": 1, \"81\": 3, \"82\": 2, \"83\": 1, \"84\": 3, \"85\": 2, \"86\": 1, \"87\": 3, \"88\": 2, \"89\": 1, \"90\": 3}','2026-01-31 22:32:41.068971',14,91),(170,'{\"1\": 1, \"2\": 3, \"3\": 2, \"4\": 1, \"5\": 3, \"6\": 2, \"7\": 1, \"8\": 3, \"9\": 2, \"10\": 1}','2026-01-25 11:14:44.111758',1,23),(171,'{\"1\": 2, \"2\": 1, \"3\": 3, \"4\": 2, \"5\": 1, \"6\": 3, \"7\": 2, \"8\": 1, \"9\": 3, \"10\": 2}','2026-01-24 11:14:44.111758',1,24),(172,'{\"1\": 3, \"2\": 2, \"3\": 1, \"4\": 3, \"5\": 2, \"6\": 1, \"7\": 3, \"8\": 2, \"9\": 1, \"10\": 3}','2026-01-23 11:14:44.111758',1,25),(173,'{\"1\": 1, \"2\": 3, \"3\": 2, \"4\": 1, \"5\": 3, \"6\": 2, \"7\": 1, \"8\": 3, \"9\": 2, \"10\": 1}','2026-01-22 11:14:44.111758',1,26),(174,'{\"1\": 3, \"2\": 2, \"3\": 4, \"4\": 3, \"5\": 2, \"6\": 4, \"7\": 3, \"8\": 2, \"9\": 4, \"10\": 3}','2026-01-21 11:14:44.111758',1,27),(175,'{\"1\": 4, \"2\": 3, \"3\": 2, \"4\": 4, \"5\": 3, \"6\": 2, \"7\": 4, \"8\": 3, \"9\": 2, \"10\": 4}','2026-01-20 11:14:44.111758',1,28),(176,'{\"1\": 2, \"2\": 4, \"3\": 3, \"4\": 2, \"5\": 4, \"6\": 3, \"7\": 2, \"8\": 4, \"9\": 3, \"10\": 2}','2026-01-19 11:14:44.111758',1,29),(177,'{\"1\": 4, \"2\": 3, \"3\": 5, \"4\": 4, \"5\": 3, \"6\": 5, \"7\": 4, \"8\": 3, \"9\": 5, \"10\": 4}','2026-01-18 11:14:44.111758',1,30),(178,'{\"1\": 3, \"2\": 2, \"3\": 1, \"4\": 3, \"5\": 2, \"6\": 1, \"7\": 3, \"8\": 2, \"9\": 1, \"10\": 3, \"11\": 2, \"12\": 1, \"13\": 3, \"14\": 2, \"15\": 1, \"16\": 3, \"17\": 2, \"18\": 1, \"19\": 3, \"20\": 2, \"21\": 1, \"22\": 3, \"23\": 2, \"24\": 1, \"25\": 3, \"26\": 2, \"27\": 1, \"28\": 3, \"29\": 2, \"30\": 1, \"31\": 3, \"32\": 2, \"33\": 1, \"34\": 3, \"35\": 2, \"36\": 1, \"37\": 3, \"38\": 2, \"39\": 1, \"40\": 3, \"41\": 2, \"42\": 1, \"43\": 3, \"44\": 2, \"45\": 1, \"46\": 3, \"47\": 2, \"48\": 1, \"49\": 3, \"50\": 2, \"51\": 1, \"52\": 3, \"53\": 2, \"54\": 1, \"55\": 3, \"56\": 2, \"57\": 1, \"58\": 3, \"59\": 2, \"60\": 1, \"61\": 3, \"62\": 2, \"63\": 1, \"64\": 3, \"65\": 2, \"66\": 1, \"67\": 3, \"68\": 2, \"69\": 1, \"70\": 3, \"71\": 2, \"72\": 1, \"73\": 3, \"74\": 2, \"75\": 1, \"76\": 3, \"77\": 2, \"78\": 1, \"79\": 3, \"80\": 2, \"81\": 1, \"82\": 3, \"83\": 2, \"84\": 1, \"85\": 3, \"86\": 2, \"87\": 1, \"88\": 3, \"89\": 2, \"90\": 1}','2026-01-24 10:14:44.111758',2,23),(179,'{\"1\": 1, \"2\": 3, \"3\": 2, \"4\": 1, \"5\": 3, \"6\": 2, \"7\": 1, \"8\": 3, \"9\": 2, \"10\": 1, \"11\": 3, \"12\": 2, \"13\": 1, \"14\": 3, \"15\": 2, \"16\": 1, \"17\": 3, \"18\": 2, \"19\": 1, \"20\": 3, \"21\": 2, \"22\": 1, \"23\": 3, \"24\": 2, \"25\": 1, \"26\": 3, \"27\": 2, \"28\": 1, \"29\": 3, \"30\": 2, \"31\": 1, \"32\": 3, \"33\": 2, \"34\": 1, \"35\": 3, \"36\": 2, \"37\": 1, \"38\": 3, \"39\": 2, \"40\": 1, \"41\": 3, \"42\": 2, \"43\": 1, \"44\": 3, \"45\": 2, \"46\": 1, \"47\": 3, \"48\": 2, \"49\": 1, \"50\": 3, \"51\": 2, \"52\": 1, \"53\": 3, \"54\": 2, \"55\": 1, \"56\": 3, \"57\": 2, \"58\": 1, \"59\": 3, \"60\": 2, \"61\": 1, \"62\": 3, \"63\": 2, \"64\": 1, \"65\": 3, \"66\": 2, \"67\": 1, \"68\": 3, \"69\": 2, \"70\": 1, \"71\": 3, \"72\": 2, \"73\": 1, \"74\": 3, \"75\": 2, \"76\": 1, \"77\": 3, \"78\": 2, \"79\": 1, \"80\": 3, \"81\": 2, \"82\": 1, \"83\": 3, \"84\": 2, \"85\": 1, \"86\": 3, \"87\": 2, \"88\": 1, \"89\": 3, \"90\": 2}','2026-01-23 10:14:44.111758',2,24),(180,'{\"1\": 2, \"2\": 1, \"3\": 3, \"4\": 2, \"5\": 1, \"6\": 3, \"7\": 2, \"8\": 1, \"9\": 3, \"10\": 2, \"11\": 1, \"12\": 3, \"13\": 2, \"14\": 1, \"15\": 3, \"16\": 2, \"17\": 1, \"18\": 3, \"19\": 2, \"20\": 1, \"21\": 3, \"22\": 2, \"23\": 1, \"24\": 3, \"25\": 2, \"26\": 1, \"27\": 3, \"28\": 2, \"29\": 1, \"30\": 3, \"31\": 2, \"32\": 1, \"33\": 3, \"34\": 2, \"35\": 1, \"36\": 3, \"37\": 2, \"38\": 1, \"39\": 3, \"40\": 2, \"41\": 1, \"42\": 3, \"43\": 2, \"44\": 1, \"45\": 3, \"46\": 2, \"47\": 1, \"48\": 3, \"49\": 2, \"50\": 1, \"51\": 3, \"52\": 2, \"53\": 1, \"54\": 3, \"55\": 2, \"56\": 1, \"57\": 3, \"58\": 2, \"59\": 1, \"60\": 3, \"61\": 2, \"62\": 1, \"63\": 3, \"64\": 2, \"65\": 1, \"66\": 3, \"67\": 2, \"68\": 1, \"69\": 3, \"70\": 2, \"71\": 1, \"72\": 3, \"73\": 2, \"74\": 1, \"75\": 3, \"76\": 2, \"77\": 1, \"78\": 3, \"79\": 2, \"80\": 1, \"81\": 3, \"82\": 2, \"83\": 1, \"84\": 3, \"85\": 2, \"86\": 1, \"87\": 3, \"88\": 2, \"89\": 1, \"90\": 3}','2026-01-22 10:14:44.111758',2,25),(181,'{\"1\": 4, \"2\": 3, \"3\": 2, \"4\": 4, \"5\": 3, \"6\": 2, \"7\": 4, \"8\": 3, \"9\": 2, \"10\": 4, \"11\": 3, \"12\": 2, \"13\": 4, \"14\": 3, \"15\": 2, \"16\": 4, \"17\": 3, \"18\": 2, \"19\": 4, \"20\": 3, \"21\": 2, \"22\": 4, \"23\": 3, \"24\": 2, \"25\": 4, \"26\": 3, \"27\": 2, \"28\": 4, \"29\": 3, \"30\": 2, \"31\": 4, \"32\": 3, \"33\": 2, \"34\": 4, \"35\": 3, \"36\": 2, \"37\": 4, \"38\": 3, \"39\": 2, \"40\": 4, \"41\": 3, \"42\": 2, \"43\": 4, \"44\": 3, \"45\": 2, \"46\": 4, \"47\": 3, \"48\": 2, \"49\": 4, \"50\": 3, \"51\": 2, \"52\": 4, \"53\": 3, \"54\": 2, \"55\": 4, \"56\": 3, \"57\": 2, \"58\": 4, \"59\": 3, \"60\": 2, \"61\": 4, \"62\": 3, \"63\": 2, \"64\": 4, \"65\": 3, \"66\": 2, \"67\": 4, \"68\": 3, \"69\": 2, \"70\": 4, \"71\": 3, \"72\": 2, \"73\": 4, \"74\": 3, \"75\": 2, \"76\": 4, \"77\": 3, \"78\": 2, \"79\": 4, \"80\": 3, \"81\": 2, \"82\": 4, \"83\": 3, \"84\": 2, \"85\": 4, \"86\": 3, \"87\": 2, \"88\": 4, \"89\": 3, \"90\": 2}','2026-01-21 10:14:44.111758',2,26),(182,'{\"1\": 2, \"2\": 4, \"3\": 3, \"4\": 2, \"5\": 4, \"6\": 3, \"7\": 2, \"8\": 4, \"9\": 3, \"10\": 2, \"11\": 4, \"12\": 3, \"13\": 2, \"14\": 4, \"15\": 3, \"16\": 2, \"17\": 4, \"18\": 3, \"19\": 2, \"20\": 4, \"21\": 3, \"22\": 2, \"23\": 4, \"24\": 3, \"25\": 2, \"26\": 4, \"27\": 3, \"28\": 2, \"29\": 4, \"30\": 3, \"31\": 2, \"32\": 4, \"33\": 3, \"34\": 2, \"35\": 4, \"36\": 3, \"37\": 2, \"38\": 4, \"39\": 3, \"40\": 2, \"41\": 4, \"42\": 3, \"43\": 2, \"44\": 4, \"45\": 3, \"46\": 2, \"47\": 4, \"48\": 3, \"49\": 2, \"50\": 4, \"51\": 3, \"52\": 2, \"53\": 4, \"54\": 3, \"55\": 2, \"56\": 4, \"57\": 3, \"58\": 2, \"59\": 4, \"60\": 3, \"61\": 2, \"62\": 4, \"63\": 3, \"64\": 2, \"65\": 4, \"66\": 3, \"67\": 2, \"68\": 4, \"69\": 3, \"70\": 2, \"71\": 4, \"72\": 3, \"73\": 2, \"74\": 4, \"75\": 3, \"76\": 2, \"77\": 4, \"78\": 3, \"79\": 2, \"80\": 4, \"81\": 3, \"82\": 2, \"83\": 4, \"84\": 3, \"85\": 2, \"86\": 4, \"87\": 3, \"88\": 2, \"89\": 4, \"90\": 3}','2026-01-20 10:14:44.111758',2,27),(183,'{\"1\": 3, \"2\": 2, \"3\": 4, \"4\": 3, \"5\": 2, \"6\": 4, \"7\": 3, \"8\": 2, \"9\": 4, \"10\": 3, \"11\": 2, \"12\": 4, \"13\": 3, \"14\": 2, \"15\": 4, \"16\": 3, \"17\": 2, \"18\": 4, \"19\": 3, \"20\": 2, \"21\": 4, \"22\": 3, \"23\": 2, \"24\": 4, \"25\": 3, \"26\": 2, \"27\": 4, \"28\": 3, \"29\": 2, \"30\": 4, \"31\": 3, \"32\": 2, \"33\": 4, \"34\": 3, \"35\": 2, \"36\": 4, \"37\": 3, \"38\": 2, \"39\": 4, \"40\": 3, \"41\": 2, \"42\": 4, \"43\": 3, \"44\": 2, \"45\": 4, \"46\": 3, \"47\": 2, \"48\": 4, \"49\": 3, \"50\": 2, \"51\": 4, \"52\": 3, \"53\": 2, \"54\": 4, \"55\": 3, \"56\": 2, \"57\": 4, \"58\": 3, \"59\": 2, \"60\": 4, \"61\": 3, \"62\": 2, \"63\": 4, \"64\": 3, \"65\": 2, \"66\": 4, \"67\": 3, \"68\": 2, \"69\": 4, \"70\": 3, \"71\": 2, \"72\": 4, \"73\": 3, \"74\": 2, \"75\": 4, \"76\": 3, \"77\": 2, \"78\": 4, \"79\": 3, \"80\": 2, \"81\": 4, \"82\": 3, \"83\": 2, \"84\": 4, \"85\": 3, \"86\": 2, \"87\": 4, \"88\": 3, \"89\": 2, \"90\": 4}','2026-01-19 10:14:44.111758',2,28),(184,'{\"1\": 5, \"2\": 4, \"3\": 3, \"4\": 5, \"5\": 4, \"6\": 3, \"7\": 5, \"8\": 4, \"9\": 3, \"10\": 5, \"11\": 4, \"12\": 3, \"13\": 5, \"14\": 4, \"15\": 3, \"16\": 5, \"17\": 4, \"18\": 3, \"19\": 5, \"20\": 4, \"21\": 3, \"22\": 5, \"23\": 4, \"24\": 3, \"25\": 5, \"26\": 4, \"27\": 3, \"28\": 5, \"29\": 4, \"30\": 3, \"31\": 5, \"32\": 4, \"33\": 3, \"34\": 5, \"35\": 4, \"36\": 3, \"37\": 5, \"38\": 4, \"39\": 3, \"40\": 5, \"41\": 4, \"42\": 3, \"43\": 5, \"44\": 4, \"45\": 3, \"46\": 5, \"47\": 4, \"48\": 3, \"49\": 5, \"50\": 4, \"51\": 3, \"52\": 5, \"53\": 4, \"54\": 3, \"55\": 5, \"56\": 4, \"57\": 3, \"58\": 5, \"59\": 4, \"60\": 3, \"61\": 5, \"62\": 4, \"63\": 3, \"64\": 5, \"65\": 4, \"66\": 3, \"67\": 5, \"68\": 4, \"69\": 3, \"70\": 5, \"71\": 4, \"72\": 3, \"73\": 5, \"74\": 4, \"75\": 3, \"76\": 5, \"77\": 4, \"78\": 3, \"79\": 5, \"80\": 4, \"81\": 3, \"82\": 5, \"83\": 4, \"84\": 3, \"85\": 5, \"86\": 4, \"87\": 3, \"88\": 5, \"89\": 4, \"90\": 3}','2026-01-18 10:14:44.111758',2,29),(185,'{\"1\": 1, \"2\": 3, \"3\": 2, \"4\": 1, \"5\": 3, \"6\": 2, \"7\": 1, \"8\": 3, \"9\": 2, \"10\": 1, \"11\": 3, \"12\": 2, \"13\": 1, \"14\": 3, \"15\": 2, \"16\": 1, \"17\": 3, \"18\": 2, \"19\": 1, \"20\": 3, \"21\": 2, \"22\": 1, \"23\": 3, \"24\": 2, \"25\": 1, \"26\": 3, \"27\": 2, \"28\": 1, \"29\": 3, \"30\": 2, \"31\": 1, \"32\": 3, \"33\": 2, \"34\": 1, \"35\": 3, \"36\": 2, \"37\": 1, \"38\": 3, \"39\": 2, \"40\": 1, \"41\": 3, \"42\": 2, \"43\": 1, \"44\": 3, \"45\": 2, \"46\": 1, \"47\": 3, \"48\": 2, \"49\": 1, \"50\": 3, \"51\": 2, \"52\": 1, \"53\": 3, \"54\": 2, \"55\": 1, \"56\": 3, \"57\": 2, \"58\": 1, \"59\": 3, \"60\": 2, \"61\": 1, \"62\": 3, \"63\": 2, \"64\": 1, \"65\": 3, \"66\": 2, \"67\": 1, \"68\": 3, \"69\": 2, \"70\": 1, \"71\": 3, \"72\": 2, \"73\": 1, \"74\": 3, \"75\": 2, \"76\": 1, \"77\": 3, \"78\": 2, \"79\": 1, \"80\": 3, \"81\": 2, \"82\": 1, \"83\": 3, \"84\": 2, \"85\": 1, \"86\": 3, \"87\": 2, \"88\": 1, \"89\": 3, \"90\": 2}','2026-01-17 10:14:44.111758',2,30),(186,'{\"1\": 1, \"2\": 2, \"3\": 1, \"4\": 2, \"5\": 1, \"6\": 2, \"7\": 1, \"8\": 2, \"9\": 1, \"10\": 2, \"11\": 1, \"12\": 2, \"13\": 1, \"14\": 2, \"15\": 1, \"16\": 2, \"17\": 1, \"18\": 2, \"19\": 1, \"20\": 2}','2026-01-23 09:14:44.111758',3,23),(187,'{\"1\": 1, \"2\": 2, \"3\": 1, \"4\": 2, \"5\": 1, \"6\": 2, \"7\": 1, \"8\": 2, \"9\": 1, \"10\": 2, \"11\": 1, \"12\": 2, \"13\": 1, \"14\": 2, \"15\": 1, \"16\": 2, \"17\": 1, \"18\": 2, \"19\": 1, \"20\": 2}','2026-01-22 09:14:44.111758',3,24),(188,'{\"1\": 2, \"2\": 3, \"3\": 2, \"4\": 3, \"5\": 2, \"6\": 3, \"7\": 2, \"8\": 3, \"9\": 2, \"10\": 3, \"11\": 2, \"12\": 3, \"13\": 2, \"14\": 3, \"15\": 2, \"16\": 3, \"17\": 2, \"18\": 3, \"19\": 2, \"20\": 3}','2026-01-21 09:14:44.111758',3,25),(189,'{\"1\": 2, \"2\": 3, \"3\": 2, \"4\": 3, \"5\": 2, \"6\": 3, \"7\": 2, \"8\": 3, \"9\": 2, \"10\": 3, \"11\": 2, \"12\": 3, \"13\": 2, \"14\": 3, \"15\": 2, \"16\": 3, \"17\": 2, \"18\": 3, \"19\": 2, \"20\": 3}','2026-01-20 09:14:44.111758',3,26),(190,'{\"1\": 2, \"2\": 3, \"3\": 2, \"4\": 3, \"5\": 2, \"6\": 3, \"7\": 2, \"8\": 3, \"9\": 2, \"10\": 3, \"11\": 2, \"12\": 3, \"13\": 2, \"14\": 3, \"15\": 2, \"16\": 3, \"17\": 2, \"18\": 3, \"19\": 2, \"20\": 3}','2026-01-19 09:14:44.111758',3,27),(191,'{\"1\": 3, \"2\": 4, \"3\": 3, \"4\": 4, \"5\": 3, \"6\": 4, \"7\": 3, \"8\": 4, \"9\": 3, \"10\": 4, \"11\": 3, \"12\": 4, \"13\": 3, \"14\": 4, \"15\": 3, \"16\": 4, \"17\": 3, \"18\": 4, \"19\": 3, \"20\": 4}','2026-01-18 09:14:44.111758',3,28),(192,'{\"1\": 1, \"2\": 2, \"3\": 1, \"4\": 2, \"5\": 1, \"6\": 2, \"7\": 1, \"8\": 2, \"9\": 1, \"10\": 2, \"11\": 1, \"12\": 2, \"13\": 1, \"14\": 2, \"15\": 1, \"16\": 2, \"17\": 1, \"18\": 2, \"19\": 1, \"20\": 2}','2026-01-17 09:14:44.111758',3,29),(193,'{\"1\": 1, \"2\": 2, \"3\": 1, \"4\": 2, \"5\": 1, \"6\": 2, \"7\": 1, \"8\": 2, \"9\": 1, \"10\": 2, \"11\": 1, \"12\": 2, \"13\": 1, \"14\": 2, \"15\": 1, \"16\": 2, \"17\": 1, \"18\": 2, \"19\": 1, \"20\": 2}','2026-01-16 09:14:44.111758',3,30),(194,'{\"1\": 2, \"2\": 1, \"3\": 2, \"4\": 1, \"5\": 2, \"6\": 1, \"7\": 2, \"8\": 1, \"9\": 2, \"10\": 1, \"11\": 2, \"12\": 1, \"13\": 2, \"14\": 1, \"15\": 2, \"16\": 1, \"17\": 2, \"18\": 1, \"19\": 2, \"20\": 1}','2026-01-22 08:14:44.111758',4,23),(195,'{\"1\": 3, \"2\": 2, \"3\": 3, \"4\": 2, \"5\": 3, \"6\": 2, \"7\": 3, \"8\": 2, \"9\": 3, \"10\": 2, \"11\": 3, \"12\": 2, \"13\": 3, \"14\": 2, \"15\": 3, \"16\": 2, \"17\": 3, \"18\": 2, \"19\": 3, \"20\": 2}','2026-01-21 08:14:44.111758',4,24),(196,'{\"1\": 3, \"2\": 2, \"3\": 3, \"4\": 2, \"5\": 3, \"6\": 2, \"7\": 3, \"8\": 2, \"9\": 3, \"10\": 2, \"11\": 3, \"12\": 2, \"13\": 3, \"14\": 2, \"15\": 3, \"16\": 2, \"17\": 3, \"18\": 2, \"19\": 3, \"20\": 2}','2026-01-20 08:14:44.111758',4,25),(197,'{\"1\": 3, \"2\": 2, \"3\": 3, \"4\": 2, \"5\": 3, \"6\": 2, \"7\": 3, \"8\": 2, \"9\": 3, \"10\": 2, \"11\": 3, \"12\": 2, \"13\": 3, \"14\": 2, \"15\": 3, \"16\": 2, \"17\": 3, \"18\": 2, \"19\": 3, \"20\": 2}','2026-01-19 08:14:44.111758',4,26),(198,'{\"1\": 4, \"2\": 3, \"3\": 4, \"4\": 3, \"5\": 4, \"6\": 3, \"7\": 4, \"8\": 3, \"9\": 4, \"10\": 3, \"11\": 4, \"12\": 3, \"13\": 4, \"14\": 3, \"15\": 4, \"16\": 3, \"17\": 4, \"18\": 3, \"19\": 4, \"20\": 3}','2026-01-18 08:14:44.111758',4,27),(199,'{\"1\": 2, \"2\": 1, \"3\": 2, \"4\": 1, \"5\": 2, \"6\": 1, \"7\": 2, \"8\": 1, \"9\": 2, \"10\": 1, \"11\": 2, \"12\": 1, \"13\": 2, \"14\": 1, \"15\": 2, \"16\": 1, \"17\": 2, \"18\": 1, \"19\": 2, \"20\": 1}','2026-01-17 08:14:44.111758',4,28),(200,'{\"1\": 2, \"2\": 1, \"3\": 2, \"4\": 1, \"5\": 2, \"6\": 1, \"7\": 2, \"8\": 1, \"9\": 2, \"10\": 1, \"11\": 2, \"12\": 1, \"13\": 2, \"14\": 1, \"15\": 2, \"16\": 1, \"17\": 2, \"18\": 1, \"19\": 2, \"20\": 1}','2026-01-16 08:14:44.111758',4,29),(201,'{\"1\": 2, \"2\": 1, \"3\": 2, \"4\": 1, \"5\": 2, \"6\": 1, \"7\": 2, \"8\": 1, \"9\": 2, \"10\": 1, \"11\": 2, \"12\": 1, \"13\": 2, \"14\": 1, \"15\": 2, \"16\": 1, \"17\": 2, \"18\": 1, \"19\": 2, \"20\": 1}','2026-01-15 08:14:44.111758',4,30),(202,'{\"1\": 2, \"2\": 4, \"3\": 3, \"4\": 2, \"5\": 4, \"6\": 3, \"7\": 2, \"8\": 4, \"9\": 3, \"10\": 2, \"11\": 4, \"12\": 3, \"13\": 2, \"14\": 4, \"15\": 3, \"16\": 2, \"17\": 4, \"18\": 3, \"19\": 2, \"20\": 4, \"21\": 3, \"22\": 2, \"23\": 4, \"24\": 3, \"25\": 2, \"26\": 4, \"27\": 3, \"28\": 2, \"29\": 4, \"30\": 3, \"31\": 2, \"32\": 4, \"33\": 3, \"34\": 2, \"35\": 4, \"36\": 3, \"37\": 2, \"38\": 4, \"39\": 3, \"40\": 2, \"41\": 4, \"42\": 3, \"43\": 2, \"44\": 4, \"45\": 3, \"46\": 2, \"47\": 4, \"48\": 3, \"49\": 2, \"50\": 4, \"51\": 3, \"52\": 2, \"53\": 4, \"54\": 3, \"55\": 2, \"56\": 4, \"57\": 3, \"58\": 2, \"59\": 4, \"60\": 3, \"61\": 2, \"62\": 4, \"63\": 3, \"64\": 2, \"65\": 4, \"66\": 3, \"67\": 2, \"68\": 4, \"69\": 3, \"70\": 2, \"71\": 4, \"72\": 3, \"73\": 2, \"74\": 4, \"75\": 3, \"76\": 2, \"77\": 4, \"78\": 3, \"79\": 2, \"80\": 4, \"81\": 3, \"82\": 2, \"83\": 4, \"84\": 3, \"85\": 2, \"86\": 4, \"87\": 3, \"88\": 2, \"89\": 4, \"90\": 3}','2026-01-21 07:14:44.111758',5,46),(203,'{\"1\": 3, \"2\": 2, \"3\": 4, \"4\": 3, \"5\": 2, \"6\": 4, \"7\": 3, \"8\": 2, \"9\": 4, \"10\": 3, \"11\": 2, \"12\": 4, \"13\": 3, \"14\": 2, \"15\": 4, \"16\": 3, \"17\": 2, \"18\": 4, \"19\": 3, \"20\": 2, \"21\": 4, \"22\": 3, \"23\": 2, \"24\": 4, \"25\": 3, \"26\": 2, \"27\": 4, \"28\": 3, \"29\": 2, \"30\": 4, \"31\": 3, \"32\": 2, \"33\": 4, \"34\": 3, \"35\": 2, \"36\": 4, \"37\": 3, \"38\": 2, \"39\": 4, \"40\": 3, \"41\": 2, \"42\": 4, \"43\": 3, \"44\": 2, \"45\": 4, \"46\": 3, \"47\": 2, \"48\": 4, \"49\": 3, \"50\": 2, \"51\": 4, \"52\": 3, \"53\": 2, \"54\": 4, \"55\": 3, \"56\": 2, \"57\": 4, \"58\": 3, \"59\": 2, \"60\": 4, \"61\": 3, \"62\": 2, \"63\": 4, \"64\": 3, \"65\": 2, \"66\": 4, \"67\": 3, \"68\": 2, \"69\": 4, \"70\": 3, \"71\": 2, \"72\": 4, \"73\": 3, \"74\": 2, \"75\": 4, \"76\": 3, \"77\": 2, \"78\": 4, \"79\": 3, \"80\": 2, \"81\": 4, \"82\": 3, \"83\": 2, \"84\": 4, \"85\": 3, \"86\": 2, \"87\": 4, \"88\": 3, \"89\": 2, \"90\": 4}','2026-01-20 07:14:44.111758',5,47),(204,'{\"1\": 4, \"2\": 3, \"3\": 2, \"4\": 4, \"5\": 3, \"6\": 2, \"7\": 4, \"8\": 3, \"9\": 2, \"10\": 4, \"11\": 3, \"12\": 2, \"13\": 4, \"14\": 3, \"15\": 2, \"16\": 4, \"17\": 3, \"18\": 2, \"19\": 4, \"20\": 3, \"21\": 2, \"22\": 4, \"23\": 3, \"24\": 2, \"25\": 4, \"26\": 3, \"27\": 2, \"28\": 4, \"29\": 3, \"30\": 2, \"31\": 4, \"32\": 3, \"33\": 2, \"34\": 4, \"35\": 3, \"36\": 2, \"37\": 4, \"38\": 3, \"39\": 2, \"40\": 4, \"41\": 3, \"42\": 2, \"43\": 4, \"44\": 3, \"45\": 2, \"46\": 4, \"47\": 3, \"48\": 2, \"49\": 4, \"50\": 3, \"51\": 2, \"52\": 4, \"53\": 3, \"54\": 2, \"55\": 4, \"56\": 3, \"57\": 2, \"58\": 4, \"59\": 3, \"60\": 2, \"61\": 4, \"62\": 3, \"63\": 2, \"64\": 4, \"65\": 3, \"66\": 2, \"67\": 4, \"68\": 3, \"69\": 2, \"70\": 4, \"71\": 3, \"72\": 2, \"73\": 4, \"74\": 3, \"75\": 2, \"76\": 4, \"77\": 3, \"78\": 2, \"79\": 4, \"80\": 3, \"81\": 2, \"82\": 4, \"83\": 3, \"84\": 2, \"85\": 4, \"86\": 3, \"87\": 2, \"88\": 4, \"89\": 3, \"90\": 2}','2026-01-19 07:14:44.111758',5,48),(205,'{\"1\": 3, \"2\": 5, \"3\": 4, \"4\": 3, \"5\": 5, \"6\": 4, \"7\": 3, \"8\": 5, \"9\": 4, \"10\": 3, \"11\": 5, \"12\": 4, \"13\": 3, \"14\": 5, \"15\": 4, \"16\": 3, \"17\": 5, \"18\": 4, \"19\": 3, \"20\": 5, \"21\": 4, \"22\": 3, \"23\": 5, \"24\": 4, \"25\": 3, \"26\": 5, \"27\": 4, \"28\": 3, \"29\": 5, \"30\": 4, \"31\": 3, \"32\": 5, \"33\": 4, \"34\": 3, \"35\": 5, \"36\": 4, \"37\": 3, \"38\": 5, \"39\": 4, \"40\": 3, \"41\": 5, \"42\": 4, \"43\": 3, \"44\": 5, \"45\": 4, \"46\": 3, \"47\": 5, \"48\": 4, \"49\": 3, \"50\": 5, \"51\": 4, \"52\": 3, \"53\": 5, \"54\": 4, \"55\": 3, \"56\": 5, \"57\": 4, \"58\": 3, \"59\": 5, \"60\": 4, \"61\": 3, \"62\": 5, \"63\": 4, \"64\": 3, \"65\": 5, \"66\": 4, \"67\": 3, \"68\": 5, \"69\": 4, \"70\": 3, \"71\": 5, \"72\": 4, \"73\": 3, \"74\": 5, \"75\": 4, \"76\": 3, \"77\": 5, \"78\": 4, \"79\": 3, \"80\": 5, \"81\": 4, \"82\": 3, \"83\": 5, \"84\": 4, \"85\": 3, \"86\": 5, \"87\": 4, \"88\": 3, \"89\": 5, \"90\": 4}','2026-01-18 07:14:44.111758',5,49),(206,'{\"1\": 2, \"2\": 1, \"3\": 3, \"4\": 2, \"5\": 1, \"6\": 3, \"7\": 2, \"8\": 1, \"9\": 3, \"10\": 2, \"11\": 1, \"12\": 3, \"13\": 2, \"14\": 1, \"15\": 3, \"16\": 2, \"17\": 1, \"18\": 3, \"19\": 2, \"20\": 1, \"21\": 3, \"22\": 2, \"23\": 1, \"24\": 3, \"25\": 2, \"26\": 1, \"27\": 3, \"28\": 2, \"29\": 1, \"30\": 3, \"31\": 2, \"32\": 1, \"33\": 3, \"34\": 2, \"35\": 1, \"36\": 3, \"37\": 2, \"38\": 1, \"39\": 3, \"40\": 2, \"41\": 1, \"42\": 3, \"43\": 2, \"44\": 1, \"45\": 3, \"46\": 2, \"47\": 1, \"48\": 3, \"49\": 2, \"50\": 1, \"51\": 3, \"52\": 2, \"53\": 1, \"54\": 3, \"55\": 2, \"56\": 1, \"57\": 3, \"58\": 2, \"59\": 1, \"60\": 3, \"61\": 2, \"62\": 1, \"63\": 3, \"64\": 2, \"65\": 1, \"66\": 3, \"67\": 2, \"68\": 1, \"69\": 3, \"70\": 2, \"71\": 1, \"72\": 3, \"73\": 2, \"74\": 1, \"75\": 3, \"76\": 2, \"77\": 1, \"78\": 3, \"79\": 2, \"80\": 1, \"81\": 3, \"82\": 2, \"83\": 1, \"84\": 3, \"85\": 2, \"86\": 1, \"87\": 3, \"88\": 2, \"89\": 1, \"90\": 3}','2026-01-17 07:14:44.111758',5,50),(207,'{\"1\": 3, \"2\": 2, \"3\": 1, \"4\": 3, \"5\": 2, \"6\": 1, \"7\": 3, \"8\": 2, \"9\": 1, \"10\": 3, \"11\": 2, \"12\": 1, \"13\": 3, \"14\": 2, \"15\": 1, \"16\": 3, \"17\": 2, \"18\": 1, \"19\": 3, \"20\": 2, \"21\": 1, \"22\": 3, \"23\": 2, \"24\": 1, \"25\": 3, \"26\": 2, \"27\": 1, \"28\": 3, \"29\": 2, \"30\": 1, \"31\": 3, \"32\": 2, \"33\": 1, \"34\": 3, \"35\": 2, \"36\": 1, \"37\": 3, \"38\": 2, \"39\": 1, \"40\": 3, \"41\": 2, \"42\": 1, \"43\": 3, \"44\": 2, \"45\": 1, \"46\": 3, \"47\": 2, \"48\": 1, \"49\": 3, \"50\": 2, \"51\": 1, \"52\": 3, \"53\": 2, \"54\": 1, \"55\": 3, \"56\": 2, \"57\": 1, \"58\": 3, \"59\": 2, \"60\": 1, \"61\": 3, \"62\": 2, \"63\": 1, \"64\": 3, \"65\": 2, \"66\": 1, \"67\": 3, \"68\": 2, \"69\": 1, \"70\": 3, \"71\": 2, \"72\": 1, \"73\": 3, \"74\": 2, \"75\": 1, \"76\": 3, \"77\": 2, \"78\": 1, \"79\": 3, \"80\": 2, \"81\": 1, \"82\": 3, \"83\": 2, \"84\": 1, \"85\": 3, \"86\": 2, \"87\": 1, \"88\": 3, \"89\": 2, \"90\": 1}','2026-01-16 07:14:44.111758',5,51),(208,'{\"1\": 1, \"2\": 3, \"3\": 2, \"4\": 1, \"5\": 3, \"6\": 2, \"7\": 1, \"8\": 3, \"9\": 2, \"10\": 1, \"11\": 3, \"12\": 2, \"13\": 1, \"14\": 3, \"15\": 2, \"16\": 1, \"17\": 3, \"18\": 2, \"19\": 1, \"20\": 3, \"21\": 2, \"22\": 1, \"23\": 3, \"24\": 2, \"25\": 1, \"26\": 3, \"27\": 2, \"28\": 1, \"29\": 3, \"30\": 2, \"31\": 1, \"32\": 3, \"33\": 2, \"34\": 1, \"35\": 3, \"36\": 2, \"37\": 1, \"38\": 3, \"39\": 2, \"40\": 1, \"41\": 3, \"42\": 2, \"43\": 1, \"44\": 3, \"45\": 2, \"46\": 1, \"47\": 3, \"48\": 2, \"49\": 1, \"50\": 3, \"51\": 2, \"52\": 1, \"53\": 3, \"54\": 2, \"55\": 1, \"56\": 3, \"57\": 2, \"58\": 1, \"59\": 3, \"60\": 2, \"61\": 1, \"62\": 3, \"63\": 2, \"64\": 1, \"65\": 3, \"66\": 2, \"67\": 1, \"68\": 3, \"69\": 2, \"70\": 1, \"71\": 3, \"72\": 2, \"73\": 1, \"74\": 3, \"75\": 2, \"76\": 1, \"77\": 3, \"78\": 2, \"79\": 1, \"80\": 3, \"81\": 2, \"82\": 1, \"83\": 3, \"84\": 2, \"85\": 1, \"86\": 3, \"87\": 2, \"88\": 1, \"89\": 3, \"90\": 2}','2026-01-15 07:14:44.111758',5,52),(209,'{\"1\": 2, \"2\": 1, \"3\": 3, \"4\": 2, \"5\": 1, \"6\": 3, \"7\": 2, \"8\": 1, \"9\": 3, \"10\": 2, \"11\": 1, \"12\": 3, \"13\": 2, \"14\": 1, \"15\": 3, \"16\": 2, \"17\": 1, \"18\": 3, \"19\": 2, \"20\": 1, \"21\": 3, \"22\": 2, \"23\": 1, \"24\": 3, \"25\": 2, \"26\": 1, \"27\": 3, \"28\": 2, \"29\": 1, \"30\": 3, \"31\": 2, \"32\": 1, \"33\": 3, \"34\": 2, \"35\": 1, \"36\": 3, \"37\": 2, \"38\": 1, \"39\": 3, \"40\": 2, \"41\": 1, \"42\": 3, \"43\": 2, \"44\": 1, \"45\": 3, \"46\": 2, \"47\": 1, \"48\": 3, \"49\": 2, \"50\": 1, \"51\": 3, \"52\": 2, \"53\": 1, \"54\": 3, \"55\": 2, \"56\": 1, \"57\": 3, \"58\": 2, \"59\": 1, \"60\": 3, \"61\": 2, \"62\": 1, \"63\": 3, \"64\": 2, \"65\": 1, \"66\": 3, \"67\": 2, \"68\": 1, \"69\": 3, \"70\": 2, \"71\": 1, \"72\": 3, \"73\": 2, \"74\": 1, \"75\": 3, \"76\": 2, \"77\": 1, \"78\": 3, \"79\": 2, \"80\": 1, \"81\": 3, \"82\": 2, \"83\": 1, \"84\": 3, \"85\": 2, \"86\": 1, \"87\": 3, \"88\": 2, \"89\": 1, \"90\": 3}','2026-01-14 07:14:44.111758',5,53),(210,'{\"1\": 2, \"2\": 3, \"3\": 2, \"4\": 3, \"5\": 2, \"6\": 3, \"7\": 2, \"8\": 3, \"9\": 2, \"10\": 3, \"11\": 2, \"12\": 3, \"13\": 2, \"14\": 3, \"15\": 2, \"16\": 3, \"17\": 2, \"18\": 3, \"19\": 2, \"20\": 3}','2026-01-20 06:14:44.111758',6,46),(211,'{\"1\": 2, \"2\": 3, \"3\": 2, \"4\": 3, \"5\": 2, \"6\": 3, \"7\": 2, \"8\": 3, \"9\": 2, \"10\": 3, \"11\": 2, \"12\": 3, \"13\": 2, \"14\": 3, \"15\": 2, \"16\": 3, \"17\": 2, \"18\": 3, \"19\": 2, \"20\": 3}','2026-01-19 06:14:44.111758',6,47),(212,'{\"1\": 3, \"2\": 4, \"3\": 3, \"4\": 4, \"5\": 3, \"6\": 4, \"7\": 3, \"8\": 4, \"9\": 3, \"10\": 4, \"11\": 3, \"12\": 4, \"13\": 3, \"14\": 4, \"15\": 3, \"16\": 4, \"17\": 3, \"18\": 4, \"19\": 3, \"20\": 4}','2026-01-18 06:14:44.111758',6,48),(213,'{\"1\": 1, \"2\": 2, \"3\": 1, \"4\": 2, \"5\": 1, \"6\": 2, \"7\": 1, \"8\": 2, \"9\": 1, \"10\": 2, \"11\": 1, \"12\": 2, \"13\": 1, \"14\": 2, \"15\": 1, \"16\": 2, \"17\": 1, \"18\": 2, \"19\": 1, \"20\": 2}','2026-01-17 06:14:44.111758',6,49),(214,'{\"1\": 1, \"2\": 2, \"3\": 1, \"4\": 2, \"5\": 1, \"6\": 2, \"7\": 1, \"8\": 2, \"9\": 1, \"10\": 2, \"11\": 1, \"12\": 2, \"13\": 1, \"14\": 2, \"15\": 1, \"16\": 2, \"17\": 1, \"18\": 2, \"19\": 1, \"20\": 2}','2026-01-16 06:14:44.111758',6,50),(215,'{\"1\": 1, \"2\": 2, \"3\": 1, \"4\": 2, \"5\": 1, \"6\": 2, \"7\": 1, \"8\": 2, \"9\": 1, \"10\": 2, \"11\": 1, \"12\": 2, \"13\": 1, \"14\": 2, \"15\": 1, \"16\": 2, \"17\": 1, \"18\": 2, \"19\": 1, \"20\": 2}','2026-01-15 06:14:44.111758',6,51),(216,'{\"1\": 1, \"2\": 2, \"3\": 1, \"4\": 2, \"5\": 1, \"6\": 2, \"7\": 1, \"8\": 2, \"9\": 1, \"10\": 2, \"11\": 1, \"12\": 2, \"13\": 1, \"14\": 2, \"15\": 1, \"16\": 2, \"17\": 1, \"18\": 2, \"19\": 1, \"20\": 2}','2026-01-14 06:14:44.111758',6,52),(217,'{\"1\": 1, \"2\": 2, \"3\": 1, \"4\": 2, \"5\": 1, \"6\": 2, \"7\": 1, \"8\": 2, \"9\": 1, \"10\": 2, \"11\": 1, \"12\": 2, \"13\": 1, \"14\": 2, \"15\": 1, \"16\": 2, \"17\": 1, \"18\": 2, \"19\": 1, \"20\": 2}','2026-01-13 06:14:44.111758',6,53),(218,'{\"1\": 3, \"2\": 2, \"3\": 3, \"4\": 2, \"5\": 3, \"6\": 2, \"7\": 3, \"8\": 2, \"9\": 3, \"10\": 2, \"11\": 3, \"12\": 2, \"13\": 3, \"14\": 2, \"15\": 3, \"16\": 2, \"17\": 3, \"18\": 2, \"19\": 3, \"20\": 2}','2026-01-19 11:14:44.111758',7,46),(219,'{\"1\": 4, \"2\": 3, \"3\": 4, \"4\": 3, \"5\": 4, \"6\": 3, \"7\": 4, \"8\": 3, \"9\": 4, \"10\": 3, \"11\": 4, \"12\": 3, \"13\": 4, \"14\": 3, \"15\": 4, \"16\": 3, \"17\": 4, \"18\": 3, \"19\": 4, \"20\": 3}','2026-01-18 11:14:44.111758',7,47),(220,'{\"1\": 2, \"2\": 1, \"3\": 2, \"4\": 1, \"5\": 2, \"6\": 1, \"7\": 2, \"8\": 1, \"9\": 2, \"10\": 1, \"11\": 2, \"12\": 1, \"13\": 2, \"14\": 1, \"15\": 2, \"16\": 1, \"17\": 2, \"18\": 1, \"19\": 2, \"20\": 1}','2026-01-17 11:14:44.111758',7,48),(221,'{\"1\": 2, \"2\": 1, \"3\": 2, \"4\": 1, \"5\": 2, \"6\": 1, \"7\": 2, \"8\": 1, \"9\": 2, \"10\": 1, \"11\": 2, \"12\": 1, \"13\": 2, \"14\": 1, \"15\": 2, \"16\": 1, \"17\": 2, \"18\": 1, \"19\": 2, \"20\": 1}','2026-01-16 11:14:44.111758',7,49),(222,'{\"1\": 2, \"2\": 1, \"3\": 2, \"4\": 1, \"5\": 2, \"6\": 1, \"7\": 2, \"8\": 1, \"9\": 2, \"10\": 1, \"11\": 2, \"12\": 1, \"13\": 2, \"14\": 1, \"15\": 2, \"16\": 1, \"17\": 2, \"18\": 1, \"19\": 2, \"20\": 1}','2026-01-15 11:14:44.111758',7,50),(223,'{\"1\": 2, \"2\": 1, \"3\": 2, \"4\": 1, \"5\": 2, \"6\": 1, \"7\": 2, \"8\": 1, \"9\": 2, \"10\": 1, \"11\": 2, \"12\": 1, \"13\": 2, \"14\": 1, \"15\": 2, \"16\": 1, \"17\": 2, \"18\": 1, \"19\": 2, \"20\": 1}','2026-01-14 11:14:44.111758',7,51),(224,'{\"1\": 2, \"2\": 1, \"3\": 2, \"4\": 1, \"5\": 2, \"6\": 1, \"7\": 2, \"8\": 1, \"9\": 2, \"10\": 1, \"11\": 2, \"12\": 1, \"13\": 2, \"14\": 1, \"15\": 2, \"16\": 1, \"17\": 2, \"18\": 1, \"19\": 2, \"20\": 1}','2026-01-13 11:14:44.111758',7,52),(225,'{\"1\": 2, \"2\": 1, \"3\": 2, \"4\": 1, \"5\": 2, \"6\": 1, \"7\": 2, \"8\": 1, \"9\": 2, \"10\": 1, \"11\": 2, \"12\": 1, \"13\": 2, \"14\": 1, \"15\": 2, \"16\": 1, \"17\": 2, \"18\": 1, \"19\": 2, \"20\": 1}','2026-01-12 11:14:44.111758',7,53),(226,'{\"1\": 4, \"2\": 3, \"3\": 5, \"4\": 4, \"5\": 3, \"6\": 5, \"7\": 4, \"8\": 3, \"9\": 5, \"10\": 4, \"11\": 3, \"12\": 5, \"13\": 4, \"14\": 3, \"15\": 5, \"16\": 4, \"17\": 3, \"18\": 5, \"19\": 4, \"20\": 3, \"21\": 5, \"22\": 4, \"23\": 3, \"24\": 5, \"25\": 4, \"26\": 3, \"27\": 5, \"28\": 4, \"29\": 3, \"30\": 5, \"31\": 4, \"32\": 3, \"33\": 5, \"34\": 4, \"35\": 3, \"36\": 5, \"37\": 4, \"38\": 3, \"39\": 5, \"40\": 4, \"41\": 3, \"42\": 5, \"43\": 4, \"44\": 3, \"45\": 5, \"46\": 4, \"47\": 3, \"48\": 5, \"49\": 4, \"50\": 3, \"51\": 5, \"52\": 4, \"53\": 3, \"54\": 5, \"55\": 4, \"56\": 3, \"57\": 5, \"58\": 4, \"59\": 3, \"60\": 5, \"61\": 4, \"62\": 3, \"63\": 5, \"64\": 4, \"65\": 3, \"66\": 5, \"67\": 4, \"68\": 3, \"69\": 5, \"70\": 4, \"71\": 3, \"72\": 5, \"73\": 4, \"74\": 3, \"75\": 5, \"76\": 4, \"77\": 3, \"78\": 5, \"79\": 4, \"80\": 3, \"81\": 5, \"82\": 4, \"83\": 3, \"84\": 5, \"85\": 4, \"86\": 3, \"87\": 5, \"88\": 4, \"89\": 3, \"90\": 5}','2026-01-18 10:14:44.111758',8,69),(227,'{\"1\": 3, \"2\": 2, \"3\": 1, \"4\": 3, \"5\": 2, \"6\": 1, \"7\": 3, \"8\": 2, \"9\": 1, \"10\": 3, \"11\": 2, \"12\": 1, \"13\": 3, \"14\": 2, \"15\": 1, \"16\": 3, \"17\": 2, \"18\": 1, \"19\": 3, \"20\": 2, \"21\": 1, \"22\": 3, \"23\": 2, \"24\": 1, \"25\": 3, \"26\": 2, \"27\": 1, \"28\": 3, \"29\": 2, \"30\": 1, \"31\": 3, \"32\": 2, \"33\": 1, \"34\": 3, \"35\": 2, \"36\": 1, \"37\": 3, \"38\": 2, \"39\": 1, \"40\": 3, \"41\": 2, \"42\": 1, \"43\": 3, \"44\": 2, \"45\": 1, \"46\": 3, \"47\": 2, \"48\": 1, \"49\": 3, \"50\": 2, \"51\": 1, \"52\": 3, \"53\": 2, \"54\": 1, \"55\": 3, \"56\": 2, \"57\": 1, \"58\": 3, \"59\": 2, \"60\": 1, \"61\": 3, \"62\": 2, \"63\": 1, \"64\": 3, \"65\": 2, \"66\": 1, \"67\": 3, \"68\": 2, \"69\": 1, \"70\": 3, \"71\": 2, \"72\": 1, \"73\": 3, \"74\": 2, \"75\": 1, \"76\": 3, \"77\": 2, \"78\": 1, \"79\": 3, \"80\": 2, \"81\": 1, \"82\": 3, \"83\": 2, \"84\": 1, \"85\": 3, \"86\": 2, \"87\": 1, \"88\": 3, \"89\": 2, \"90\": 1}','2026-01-17 10:14:44.111758',8,70),(228,'{\"1\": 1, \"2\": 3, \"3\": 2, \"4\": 1, \"5\": 3, \"6\": 2, \"7\": 1, \"8\": 3, \"9\": 2, \"10\": 1, \"11\": 3, \"12\": 2, \"13\": 1, \"14\": 3, \"15\": 2, \"16\": 1, \"17\": 3, \"18\": 2, \"19\": 1, \"20\": 3, \"21\": 2, \"22\": 1, \"23\": 3, \"24\": 2, \"25\": 1, \"26\": 3, \"27\": 2, \"28\": 1, \"29\": 3, \"30\": 2, \"31\": 1, \"32\": 3, \"33\": 2, \"34\": 1, \"35\": 3, \"36\": 2, \"37\": 1, \"38\": 3, \"39\": 2, \"40\": 1, \"41\": 3, \"42\": 2, \"43\": 1, \"44\": 3, \"45\": 2, \"46\": 1, \"47\": 3, \"48\": 2, \"49\": 1, \"50\": 3, \"51\": 2, \"52\": 1, \"53\": 3, \"54\": 2, \"55\": 1, \"56\": 3, \"57\": 2, \"58\": 1, \"59\": 3, \"60\": 2, \"61\": 1, \"62\": 3, \"63\": 2, \"64\": 1, \"65\": 3, \"66\": 2, \"67\": 1, \"68\": 3, \"69\": 2, \"70\": 1, \"71\": 3, \"72\": 2, \"73\": 1, \"74\": 3, \"75\": 2, \"76\": 1, \"77\": 3, \"78\": 2, \"79\": 1, \"80\": 3, \"81\": 2, \"82\": 1, \"83\": 3, \"84\": 2, \"85\": 1, \"86\": 3, \"87\": 2, \"88\": 1, \"89\": 3, \"90\": 2}','2026-01-16 10:14:44.111758',8,71),(229,'{\"1\": 2, \"2\": 1, \"3\": 3, \"4\": 2, \"5\": 1, \"6\": 3, \"7\": 2, \"8\": 1, \"9\": 3, \"10\": 2, \"11\": 1, \"12\": 3, \"13\": 2, \"14\": 1, \"15\": 3, \"16\": 2, \"17\": 1, \"18\": 3, \"19\": 2, \"20\": 1, \"21\": 3, \"22\": 2, \"23\": 1, \"24\": 3, \"25\": 2, \"26\": 1, \"27\": 3, \"28\": 2, \"29\": 1, \"30\": 3, \"31\": 2, \"32\": 1, \"33\": 3, \"34\": 2, \"35\": 1, \"36\": 3, \"37\": 2, \"38\": 1, \"39\": 3, \"40\": 2, \"41\": 1, \"42\": 3, \"43\": 2, \"44\": 1, \"45\": 3, \"46\": 2, \"47\": 1, \"48\": 3, \"49\": 2, \"50\": 1, \"51\": 3, \"52\": 2, \"53\": 1, \"54\": 3, \"55\": 2, \"56\": 1, \"57\": 3, \"58\": 2, \"59\": 1, \"60\": 3, \"61\": 2, \"62\": 1, \"63\": 3, \"64\": 2, \"65\": 1, \"66\": 3, \"67\": 2, \"68\": 1, \"69\": 3, \"70\": 2, \"71\": 1, \"72\": 3, \"73\": 2, \"74\": 1, \"75\": 3, \"76\": 2, \"77\": 1, \"78\": 3, \"79\": 2, \"80\": 1, \"81\": 3, \"82\": 2, \"83\": 1, \"84\": 3, \"85\": 2, \"86\": 1, \"87\": 3, \"88\": 2, \"89\": 1, \"90\": 3}','2026-01-15 10:14:44.111758',8,72),(230,'{\"1\": 3, \"2\": 2, \"3\": 1, \"4\": 3, \"5\": 2, \"6\": 1, \"7\": 3, \"8\": 2, \"9\": 1, \"10\": 3, \"11\": 2, \"12\": 1, \"13\": 3, \"14\": 2, \"15\": 1, \"16\": 3, \"17\": 2, \"18\": 1, \"19\": 3, \"20\": 2, \"21\": 1, \"22\": 3, \"23\": 2, \"24\": 1, \"25\": 3, \"26\": 2, \"27\": 1, \"28\": 3, \"29\": 2, \"30\": 1, \"31\": 3, \"32\": 2, \"33\": 1, \"34\": 3, \"35\": 2, \"36\": 1, \"37\": 3, \"38\": 2, \"39\": 1, \"40\": 3, \"41\": 2, \"42\": 1, \"43\": 3, \"44\": 2, \"45\": 1, \"46\": 3, \"47\": 2, \"48\": 1, \"49\": 3, \"50\": 2, \"51\": 1, \"52\": 3, \"53\": 2, \"54\": 1, \"55\": 3, \"56\": 2, \"57\": 1, \"58\": 3, \"59\": 2, \"60\": 1, \"61\": 3, \"62\": 2, \"63\": 1, \"64\": 3, \"65\": 2, \"66\": 1, \"67\": 3, \"68\": 2, \"69\": 1, \"70\": 3, \"71\": 2, \"72\": 1, \"73\": 3, \"74\": 2, \"75\": 1, \"76\": 3, \"77\": 2, \"78\": 1, \"79\": 3, \"80\": 2, \"81\": 1, \"82\": 3, \"83\": 2, \"84\": 1, \"85\": 3, \"86\": 2, \"87\": 1, \"88\": 3, \"89\": 2, \"90\": 1}','2026-01-14 10:14:44.111758',8,73),(231,'{\"1\": 1, \"2\": 3, \"3\": 2, \"4\": 1, \"5\": 3, \"6\": 2, \"7\": 1, \"8\": 3, \"9\": 2, \"10\": 1, \"11\": 3, \"12\": 2, \"13\": 1, \"14\": 3, \"15\": 2, \"16\": 1, \"17\": 3, \"18\": 2, \"19\": 1, \"20\": 3, \"21\": 2, \"22\": 1, \"23\": 3, \"24\": 2, \"25\": 1, \"26\": 3, \"27\": 2, \"28\": 1, \"29\": 3, \"30\": 2, \"31\": 1, \"32\": 3, \"33\": 2, \"34\": 1, \"35\": 3, \"36\": 2, \"37\": 1, \"38\": 3, \"39\": 2, \"40\": 1, \"41\": 3, \"42\": 2, \"43\": 1, \"44\": 3, \"45\": 2, \"46\": 1, \"47\": 3, \"48\": 2, \"49\": 1, \"50\": 3, \"51\": 2, \"52\": 1, \"53\": 3, \"54\": 2, \"55\": 1, \"56\": 3, \"57\": 2, \"58\": 1, \"59\": 3, \"60\": 2, \"61\": 1, \"62\": 3, \"63\": 2, \"64\": 1, \"65\": 3, \"66\": 2, \"67\": 1, \"68\": 3, \"69\": 2, \"70\": 1, \"71\": 3, \"72\": 2, \"73\": 1, \"74\": 3, \"75\": 2, \"76\": 1, \"77\": 3, \"78\": 2, \"79\": 1, \"80\": 3, \"81\": 2, \"82\": 1, \"83\": 3, \"84\": 2, \"85\": 1, \"86\": 3, \"87\": 2, \"88\": 1, \"89\": 3, \"90\": 2}','2026-01-13 10:14:44.111758',8,74),(232,'{\"1\": 2, \"2\": 1, \"3\": 3, \"4\": 2, \"5\": 1, \"6\": 3, \"7\": 2, \"8\": 1, \"9\": 3, \"10\": 2, \"11\": 1, \"12\": 3, \"13\": 2, \"14\": 1, \"15\": 3, \"16\": 2, \"17\": 1, \"18\": 3, \"19\": 2, \"20\": 1, \"21\": 3, \"22\": 2, \"23\": 1, \"24\": 3, \"25\": 2, \"26\": 1, \"27\": 3, \"28\": 2, \"29\": 1, \"30\": 3, \"31\": 2, \"32\": 1, \"33\": 3, \"34\": 2, \"35\": 1, \"36\": 3, \"37\": 2, \"38\": 1, \"39\": 3, \"40\": 2, \"41\": 1, \"42\": 3, \"43\": 2, \"44\": 1, \"45\": 3, \"46\": 2, \"47\": 1, \"48\": 3, \"49\": 2, \"50\": 1, \"51\": 3, \"52\": 2, \"53\": 1, \"54\": 3, \"55\": 2, \"56\": 1, \"57\": 3, \"58\": 2, \"59\": 1, \"60\": 3, \"61\": 2, \"62\": 1, \"63\": 3, \"64\": 2, \"65\": 1, \"66\": 3, \"67\": 2, \"68\": 1, \"69\": 3, \"70\": 2, \"71\": 1, \"72\": 3, \"73\": 2, \"74\": 1, \"75\": 3, \"76\": 2, \"77\": 1, \"78\": 3, \"79\": 2, \"80\": 1, \"81\": 3, \"82\": 2, \"83\": 1, \"84\": 3, \"85\": 2, \"86\": 1, \"87\": 3, \"88\": 2, \"89\": 1, \"90\": 3}','2026-01-12 10:14:44.111758',8,75),(233,'{\"1\": 4, \"2\": 3, \"3\": 2, \"4\": 4, \"5\": 3, \"6\": 2, \"7\": 4, \"8\": 3, \"9\": 2, \"10\": 4, \"11\": 3, \"12\": 2, \"13\": 4, \"14\": 3, \"15\": 2, \"16\": 4, \"17\": 3, \"18\": 2, \"19\": 4, \"20\": 3, \"21\": 2, \"22\": 4, \"23\": 3, \"24\": 2, \"25\": 4, \"26\": 3, \"27\": 2, \"28\": 4, \"29\": 3, \"30\": 2, \"31\": 4, \"32\": 3, \"33\": 2, \"34\": 4, \"35\": 3, \"36\": 2, \"37\": 4, \"38\": 3, \"39\": 2, \"40\": 4, \"41\": 3, \"42\": 2, \"43\": 4, \"44\": 3, \"45\": 2, \"46\": 4, \"47\": 3, \"48\": 2, \"49\": 4, \"50\": 3, \"51\": 2, \"52\": 4, \"53\": 3, \"54\": 2, \"55\": 4, \"56\": 3, \"57\": 2, \"58\": 4, \"59\": 3, \"60\": 2, \"61\": 4, \"62\": 3, \"63\": 2, \"64\": 4, \"65\": 3, \"66\": 2, \"67\": 4, \"68\": 3, \"69\": 2, \"70\": 4, \"71\": 3, \"72\": 2, \"73\": 4, \"74\": 3, \"75\": 2, \"76\": 4, \"77\": 3, \"78\": 2, \"79\": 4, \"80\": 3, \"81\": 2, \"82\": 4, \"83\": 3, \"84\": 2, \"85\": 4, \"86\": 3, \"87\": 2, \"88\": 4, \"89\": 3, \"90\": 2}','2026-01-11 10:14:44.111758',8,76),(234,'{\"1\": 1, \"2\": 2, \"3\": 1, \"4\": 2, \"5\": 1, \"6\": 2, \"7\": 1, \"8\": 2, \"9\": 1, \"10\": 2, \"11\": 1, \"12\": 2, \"13\": 1, \"14\": 2, \"15\": 1, \"16\": 2, \"17\": 1, \"18\": 2, \"19\": 1, \"20\": 2}','2026-01-17 09:14:44.111758',9,69),(235,'{\"1\": 1, \"2\": 2, \"3\": 1, \"4\": 2, \"5\": 1, \"6\": 2, \"7\": 1, \"8\": 2, \"9\": 1, \"10\": 2, \"11\": 1, \"12\": 2, \"13\": 1, \"14\": 2, \"15\": 1, \"16\": 2, \"17\": 1, \"18\": 2, \"19\": 1, \"20\": 2}','2026-01-16 09:14:44.111758',9,70),(236,'{\"1\": 1, \"2\": 2, \"3\": 1, \"4\": 2, \"5\": 1, \"6\": 2, \"7\": 1, \"8\": 2, \"9\": 1, \"10\": 2, \"11\": 1, \"12\": 2, \"13\": 1, \"14\": 2, \"15\": 1, \"16\": 2, \"17\": 1, \"18\": 2, \"19\": 1, \"20\": 2}','2026-01-15 09:14:44.111758',9,71),(237,'{\"1\": 1, \"2\": 2, \"3\": 1, \"4\": 2, \"5\": 1, \"6\": 2, \"7\": 1, \"8\": 2, \"9\": 1, \"10\": 2, \"11\": 1, \"12\": 2, \"13\": 1, \"14\": 2, \"15\": 1, \"16\": 2, \"17\": 1, \"18\": 2, \"19\": 1, \"20\": 2}','2026-01-14 09:14:44.111758',9,72),(238,'{\"1\": 1, \"2\": 2, \"3\": 1, \"4\": 2, \"5\": 1, \"6\": 2, \"7\": 1, \"8\": 2, \"9\": 1, \"10\": 2, \"11\": 1, \"12\": 2, \"13\": 1, \"14\": 2, \"15\": 1, \"16\": 2, \"17\": 1, \"18\": 2, \"19\": 1, \"20\": 2}','2026-01-13 09:14:44.111758',9,73),(239,'{\"1\": 1, \"2\": 2, \"3\": 1, \"4\": 2, \"5\": 1, \"6\": 2, \"7\": 1, \"8\": 2, \"9\": 1, \"10\": 2, \"11\": 1, \"12\": 2, \"13\": 1, \"14\": 2, \"15\": 1, \"16\": 2, \"17\": 1, \"18\": 2, \"19\": 1, \"20\": 2}','2026-01-12 09:14:44.111758',9,74),(240,'{\"1\": 2, \"2\": 3, \"3\": 2, \"4\": 3, \"5\": 2, \"6\": 3, \"7\": 2, \"8\": 3, \"9\": 2, \"10\": 3, \"11\": 2, \"12\": 3, \"13\": 2, \"14\": 3, \"15\": 2, \"16\": 3, \"17\": 2, \"18\": 3, \"19\": 2, \"20\": 3}','2026-01-11 09:14:44.111758',9,75),(241,'{\"1\": 2, \"2\": 3, \"3\": 2, \"4\": 3, \"5\": 2, \"6\": 3, \"7\": 2, \"8\": 3, \"9\": 2, \"10\": 3, \"11\": 2, \"12\": 3, \"13\": 2, \"14\": 3, \"15\": 2, \"16\": 3, \"17\": 2, \"18\": 3, \"19\": 2, \"20\": 3}','2026-01-10 09:14:44.111758',9,76),(242,'{\"1\": 2, \"2\": 1, \"3\": 2, \"4\": 1, \"5\": 2, \"6\": 1, \"7\": 2, \"8\": 1, \"9\": 2, \"10\": 1, \"11\": 2, \"12\": 1, \"13\": 2, \"14\": 1, \"15\": 2, \"16\": 1, \"17\": 2, \"18\": 1, \"19\": 2, \"20\": 1}','2026-01-16 08:14:44.111758',10,69),(243,'{\"1\": 2, \"2\": 1, \"3\": 2, \"4\": 1, \"5\": 2, \"6\": 1, \"7\": 2, \"8\": 1, \"9\": 2, \"10\": 1, \"11\": 2, \"12\": 1, \"13\": 2, \"14\": 1, \"15\": 2, \"16\": 1, \"17\": 2, \"18\": 1, \"19\": 2, \"20\": 1}','2026-01-15 08:14:44.111758',10,70),(244,'{\"1\": 2, \"2\": 1, \"3\": 2, \"4\": 1, \"5\": 2, \"6\": 1, \"7\": 2, \"8\": 1, \"9\": 2, \"10\": 1, \"11\": 2, \"12\": 1, \"13\": 2, \"14\": 1, \"15\": 2, \"16\": 1, \"17\": 2, \"18\": 1, \"19\": 2, \"20\": 1}','2026-01-14 08:14:44.111758',10,71),(245,'{\"1\": 2, \"2\": 1, \"3\": 2, \"4\": 1, \"5\": 2, \"6\": 1, \"7\": 2, \"8\": 1, \"9\": 2, \"10\": 1, \"11\": 2, \"12\": 1, \"13\": 2, \"14\": 1, \"15\": 2, \"16\": 1, \"17\": 2, \"18\": 1, \"19\": 2, \"20\": 1}','2026-01-13 08:14:44.111758',10,72),(246,'{\"1\": 2, \"2\": 1, \"3\": 2, \"4\": 1, \"5\": 2, \"6\": 1, \"7\": 2, \"8\": 1, \"9\": 2, \"10\": 1, \"11\": 2, \"12\": 1, \"13\": 2, \"14\": 1, \"15\": 2, \"16\": 1, \"17\": 2, \"18\": 1, \"19\": 2, \"20\": 1}','2026-01-12 08:14:44.111758',10,73),(247,'{\"1\": 3, \"2\": 2, \"3\": 3, \"4\": 2, \"5\": 3, \"6\": 2, \"7\": 3, \"8\": 2, \"9\": 3, \"10\": 2, \"11\": 3, \"12\": 2, \"13\": 3, \"14\": 2, \"15\": 3, \"16\": 2, \"17\": 3, \"18\": 2, \"19\": 3, \"20\": 2}','2026-01-11 08:14:44.111758',10,74),(248,'{\"1\": 3, \"2\": 2, \"3\": 3, \"4\": 2, \"5\": 3, \"6\": 2, \"7\": 3, \"8\": 2, \"9\": 3, \"10\": 2, \"11\": 3, \"12\": 2, \"13\": 3, \"14\": 2, \"15\": 3, \"16\": 2, \"17\": 3, \"18\": 2, \"19\": 3, \"20\": 2}','2026-01-10 08:14:44.111758',10,75),(249,'{\"1\": 3, \"2\": 2, \"3\": 3, \"4\": 2, \"5\": 3, \"6\": 2, \"7\": 3, \"8\": 2, \"9\": 3, \"10\": 2, \"11\": 3, \"12\": 2, \"13\": 3, \"14\": 2, \"15\": 3, \"16\": 2, \"17\": 3, \"18\": 2, \"19\": 3, \"20\": 2}','2026-01-09 08:14:44.111758',10,76),(250,'{\"1\": 3, \"2\": 2, \"3\": 1, \"4\": 3, \"5\": 2, \"6\": 1, \"7\": 3, \"8\": 2, \"9\": 1, \"10\": 3, \"11\": 2, \"12\": 1, \"13\": 3, \"14\": 2, \"15\": 1, \"16\": 3, \"17\": 2, \"18\": 1, \"19\": 3, \"20\": 2, \"21\": 1, \"22\": 3, \"23\": 2, \"24\": 1, \"25\": 3, \"26\": 2, \"27\": 1, \"28\": 3, \"29\": 2, \"30\": 1, \"31\": 3, \"32\": 2, \"33\": 1, \"34\": 3, \"35\": 2, \"36\": 1, \"37\": 3, \"38\": 2, \"39\": 1, \"40\": 3, \"41\": 2, \"42\": 1, \"43\": 3, \"44\": 2, \"45\": 1, \"46\": 3, \"47\": 2, \"48\": 1, \"49\": 3, \"50\": 2, \"51\": 1, \"52\": 3, \"53\": 2, \"54\": 1, \"55\": 3, \"56\": 2, \"57\": 1, \"58\": 3, \"59\": 2, \"60\": 1, \"61\": 3, \"62\": 2, \"63\": 1, \"64\": 3, \"65\": 2, \"66\": 1, \"67\": 3, \"68\": 2, \"69\": 1, \"70\": 3, \"71\": 2, \"72\": 1, \"73\": 3, \"74\": 2, \"75\": 1, \"76\": 3, \"77\": 2, \"78\": 1, \"79\": 3, \"80\": 2, \"81\": 1, \"82\": 3, \"83\": 2, \"84\": 1, \"85\": 3, \"86\": 2, \"87\": 1, \"88\": 3, \"89\": 2, \"90\": 1}','2026-01-15 07:14:44.111758',11,92),(251,'{\"1\": 1, \"2\": 3, \"3\": 2, \"4\": 1, \"5\": 3, \"6\": 2, \"7\": 1, \"8\": 3, \"9\": 2, \"10\": 1, \"11\": 3, \"12\": 2, \"13\": 1, \"14\": 3, \"15\": 2, \"16\": 1, \"17\": 3, \"18\": 2, \"19\": 1, \"20\": 3, \"21\": 2, \"22\": 1, \"23\": 3, \"24\": 2, \"25\": 1, \"26\": 3, \"27\": 2, \"28\": 1, \"29\": 3, \"30\": 2, \"31\": 1, \"32\": 3, \"33\": 2, \"34\": 1, \"35\": 3, \"36\": 2, \"37\": 1, \"38\": 3, \"39\": 2, \"40\": 1, \"41\": 3, \"42\": 2, \"43\": 1, \"44\": 3, \"45\": 2, \"46\": 1, \"47\": 3, \"48\": 2, \"49\": 1, \"50\": 3, \"51\": 2, \"52\": 1, \"53\": 3, \"54\": 2, \"55\": 1, \"56\": 3, \"57\": 2, \"58\": 1, \"59\": 3, \"60\": 2, \"61\": 1, \"62\": 3, \"63\": 2, \"64\": 1, \"65\": 3, \"66\": 2, \"67\": 1, \"68\": 3, \"69\": 2, \"70\": 1, \"71\": 3, \"72\": 2, \"73\": 1, \"74\": 3, \"75\": 2, \"76\": 1, \"77\": 3, \"78\": 2, \"79\": 1, \"80\": 3, \"81\": 2, \"82\": 1, \"83\": 3, \"84\": 2, \"85\": 1, \"86\": 3, \"87\": 2, \"88\": 1, \"89\": 3, \"90\": 2}','2026-01-14 07:14:44.111758',11,93),(252,'{\"1\": 2, \"2\": 1, \"3\": 3, \"4\": 2, \"5\": 1, \"6\": 3, \"7\": 2, \"8\": 1, \"9\": 3, \"10\": 2, \"11\": 1, \"12\": 3, \"13\": 2, \"14\": 1, \"15\": 3, \"16\": 2, \"17\": 1, \"18\": 3, \"19\": 2, \"20\": 1, \"21\": 3, \"22\": 2, \"23\": 1, \"24\": 3, \"25\": 2, \"26\": 1, \"27\": 3, \"28\": 2, \"29\": 1, \"30\": 3, \"31\": 2, \"32\": 1, \"33\": 3, \"34\": 2, \"35\": 1, \"36\": 3, \"37\": 2, \"38\": 1, \"39\": 3, \"40\": 2, \"41\": 1, \"42\": 3, \"43\": 2, \"44\": 1, \"45\": 3, \"46\": 2, \"47\": 1, \"48\": 3, \"49\": 2, \"50\": 1, \"51\": 3, \"52\": 2, \"53\": 1, \"54\": 3, \"55\": 2, \"56\": 1, \"57\": 3, \"58\": 2, \"59\": 1, \"60\": 3, \"61\": 2, \"62\": 1, \"63\": 3, \"64\": 2, \"65\": 1, \"66\": 3, \"67\": 2, \"68\": 1, \"69\": 3, \"70\": 2, \"71\": 1, \"72\": 3, \"73\": 2, \"74\": 1, \"75\": 3, \"76\": 2, \"77\": 1, \"78\": 3, \"79\": 2, \"80\": 1, \"81\": 3, \"82\": 2, \"83\": 1, \"84\": 3, \"85\": 2, \"86\": 1, \"87\": 3, \"88\": 2, \"89\": 1, \"90\": 3}','2026-01-13 07:14:44.111758',11,94),(253,'{\"1\": 3, \"2\": 2, \"3\": 1, \"4\": 3, \"5\": 2, \"6\": 1, \"7\": 3, \"8\": 2, \"9\": 1, \"10\": 3, \"11\": 2, \"12\": 1, \"13\": 3, \"14\": 2, \"15\": 1, \"16\": 3, \"17\": 2, \"18\": 1, \"19\": 3, \"20\": 2, \"21\": 1, \"22\": 3, \"23\": 2, \"24\": 1, \"25\": 3, \"26\": 2, \"27\": 1, \"28\": 3, \"29\": 2, \"30\": 1, \"31\": 3, \"32\": 2, \"33\": 1, \"34\": 3, \"35\": 2, \"36\": 1, \"37\": 3, \"38\": 2, \"39\": 1, \"40\": 3, \"41\": 2, \"42\": 1, \"43\": 3, \"44\": 2, \"45\": 1, \"46\": 3, \"47\": 2, \"48\": 1, \"49\": 3, \"50\": 2, \"51\": 1, \"52\": 3, \"53\": 2, \"54\": 1, \"55\": 3, \"56\": 2, \"57\": 1, \"58\": 3, \"59\": 2, \"60\": 1, \"61\": 3, \"62\": 2, \"63\": 1, \"64\": 3, \"65\": 2, \"66\": 1, \"67\": 3, \"68\": 2, \"69\": 1, \"70\": 3, \"71\": 2, \"72\": 1, \"73\": 3, \"74\": 2, \"75\": 1, \"76\": 3, \"77\": 2, \"78\": 1, \"79\": 3, \"80\": 2, \"81\": 1, \"82\": 3, \"83\": 2, \"84\": 1, \"85\": 3, \"86\": 2, \"87\": 1, \"88\": 3, \"89\": 2, \"90\": 1}','2026-01-12 07:14:44.111758',11,95),(254,'{\"1\": 2, \"2\": 4, \"3\": 3, \"4\": 2, \"5\": 4, \"6\": 3, \"7\": 2, \"8\": 4, \"9\": 3, \"10\": 2, \"11\": 4, \"12\": 3, \"13\": 2, \"14\": 4, \"15\": 3, \"16\": 2, \"17\": 4, \"18\": 3, \"19\": 2, \"20\": 4, \"21\": 3, \"22\": 2, \"23\": 4, \"24\": 3, \"25\": 2, \"26\": 4, \"27\": 3, \"28\": 2, \"29\": 4, \"30\": 3, \"31\": 2, \"32\": 4, \"33\": 3, \"34\": 2, \"35\": 4, \"36\": 3, \"37\": 2, \"38\": 4, \"39\": 3, \"40\": 2, \"41\": 4, \"42\": 3, \"43\": 2, \"44\": 4, \"45\": 3, \"46\": 2, \"47\": 4, \"48\": 3, \"49\": 2, \"50\": 4, \"51\": 3, \"52\": 2, \"53\": 4, \"54\": 3, \"55\": 2, \"56\": 4, \"57\": 3, \"58\": 2, \"59\": 4, \"60\": 3, \"61\": 2, \"62\": 4, \"63\": 3, \"64\": 2, \"65\": 4, \"66\": 3, \"67\": 2, \"68\": 4, \"69\": 3, \"70\": 2, \"71\": 4, \"72\": 3, \"73\": 2, \"74\": 4, \"75\": 3, \"76\": 2, \"77\": 4, \"78\": 3, \"79\": 2, \"80\": 4, \"81\": 3, \"82\": 2, \"83\": 4, \"84\": 3, \"85\": 2, \"86\": 4, \"87\": 3, \"88\": 2, \"89\": 4, \"90\": 3}','2026-01-11 07:14:44.111758',11,96),(255,'{\"1\": 3, \"2\": 2, \"3\": 4, \"4\": 3, \"5\": 2, \"6\": 4, \"7\": 3, \"8\": 2, \"9\": 4, \"10\": 3, \"11\": 2, \"12\": 4, \"13\": 3, \"14\": 2, \"15\": 4, \"16\": 3, \"17\": 2, \"18\": 4, \"19\": 3, \"20\": 2, \"21\": 4, \"22\": 3, \"23\": 2, \"24\": 4, \"25\": 3, \"26\": 2, \"27\": 4, \"28\": 3, \"29\": 2, \"30\": 4, \"31\": 3, \"32\": 2, \"33\": 4, \"34\": 3, \"35\": 2, \"36\": 4, \"37\": 3, \"38\": 2, \"39\": 4, \"40\": 3, \"41\": 2, \"42\": 4, \"43\": 3, \"44\": 2, \"45\": 4, \"46\": 3, \"47\": 2, \"48\": 4, \"49\": 3, \"50\": 2, \"51\": 4, \"52\": 3, \"53\": 2, \"54\": 4, \"55\": 3, \"56\": 2, \"57\": 4, \"58\": 3, \"59\": 2, \"60\": 4, \"61\": 3, \"62\": 2, \"63\": 4, \"64\": 3, \"65\": 2, \"66\": 4, \"67\": 3, \"68\": 2, \"69\": 4, \"70\": 3, \"71\": 2, \"72\": 4, \"73\": 3, \"74\": 2, \"75\": 4, \"76\": 3, \"77\": 2, \"78\": 4, \"79\": 3, \"80\": 2, \"81\": 4, \"82\": 3, \"83\": 2, \"84\": 4, \"85\": 3, \"86\": 2, \"87\": 4, \"88\": 3, \"89\": 2, \"90\": 4}','2026-01-10 07:14:44.111758',11,97),(256,'{\"1\": 4, \"2\": 3, \"3\": 2, \"4\": 4, \"5\": 3, \"6\": 2, \"7\": 4, \"8\": 3, \"9\": 2, \"10\": 4, \"11\": 3, \"12\": 2, \"13\": 4, \"14\": 3, \"15\": 2, \"16\": 4, \"17\": 3, \"18\": 2, \"19\": 4, \"20\": 3, \"21\": 2, \"22\": 4, \"23\": 3, \"24\": 2, \"25\": 4, \"26\": 3, \"27\": 2, \"28\": 4, \"29\": 3, \"30\": 2, \"31\": 4, \"32\": 3, \"33\": 2, \"34\": 4, \"35\": 3, \"36\": 2, \"37\": 4, \"38\": 3, \"39\": 2, \"40\": 4, \"41\": 3, \"42\": 2, \"43\": 4, \"44\": 3, \"45\": 2, \"46\": 4, \"47\": 3, \"48\": 2, \"49\": 4, \"50\": 3, \"51\": 2, \"52\": 4, \"53\": 3, \"54\": 2, \"55\": 4, \"56\": 3, \"57\": 2, \"58\": 4, \"59\": 3, \"60\": 2, \"61\": 4, \"62\": 3, \"63\": 2, \"64\": 4, \"65\": 3, \"66\": 2, \"67\": 4, \"68\": 3, \"69\": 2, \"70\": 4, \"71\": 3, \"72\": 2, \"73\": 4, \"74\": 3, \"75\": 2, \"76\": 4, \"77\": 3, \"78\": 2, \"79\": 4, \"80\": 3, \"81\": 2, \"82\": 4, \"83\": 3, \"84\": 2, \"85\": 4, \"86\": 3, \"87\": 2, \"88\": 4, \"89\": 3, \"90\": 2}','2026-01-09 07:14:44.111758',11,98),(257,'{\"1\": 3, \"2\": 5, \"3\": 4, \"4\": 3, \"5\": 5, \"6\": 4, \"7\": 3, \"8\": 5, \"9\": 4, \"10\": 3, \"11\": 5, \"12\": 4, \"13\": 3, \"14\": 5, \"15\": 4, \"16\": 3, \"17\": 5, \"18\": 4, \"19\": 3, \"20\": 5, \"21\": 4, \"22\": 3, \"23\": 5, \"24\": 4, \"25\": 3, \"26\": 5, \"27\": 4, \"28\": 3, \"29\": 5, \"30\": 4, \"31\": 3, \"32\": 5, \"33\": 4, \"34\": 3, \"35\": 5, \"36\": 4, \"37\": 3, \"38\": 5, \"39\": 4, \"40\": 3, \"41\": 5, \"42\": 4, \"43\": 3, \"44\": 5, \"45\": 4, \"46\": 3, \"47\": 5, \"48\": 4, \"49\": 3, \"50\": 5, \"51\": 4, \"52\": 3, \"53\": 5, \"54\": 4, \"55\": 3, \"56\": 5, \"57\": 4, \"58\": 3, \"59\": 5, \"60\": 4, \"61\": 3, \"62\": 5, \"63\": 4, \"64\": 3, \"65\": 5, \"66\": 4, \"67\": 3, \"68\": 5, \"69\": 4, \"70\": 3, \"71\": 5, \"72\": 4, \"73\": 3, \"74\": 5, \"75\": 4, \"76\": 3, \"77\": 5, \"78\": 4, \"79\": 3, \"80\": 5, \"81\": 4, \"82\": 3, \"83\": 5, \"84\": 4, \"85\": 3, \"86\": 5, \"87\": 4, \"88\": 3, \"89\": 5, \"90\": 4}','2026-01-08 07:14:44.111758',11,99),(258,'{\"1\": 1, \"2\": 2, \"3\": 1, \"4\": 2, \"5\": 1, \"6\": 2, \"7\": 1, \"8\": 2, \"9\": 1, \"10\": 2, \"11\": 1, \"12\": 2, \"13\": 1, \"14\": 2, \"15\": 1, \"16\": 2, \"17\": 1, \"18\": 2, \"19\": 1, \"20\": 2}','2026-01-14 06:14:44.111758',12,92),(259,'{\"1\": 1, \"2\": 2, \"3\": 1, \"4\": 2, \"5\": 1, \"6\": 2, \"7\": 1, \"8\": 2, \"9\": 1, \"10\": 2, \"11\": 1, \"12\": 2, \"13\": 1, \"14\": 2, \"15\": 1, \"16\": 2, \"17\": 1, \"18\": 2, \"19\": 1, \"20\": 2}','2026-01-13 06:14:44.111758',12,93),(260,'{\"1\": 1, \"2\": 2, \"3\": 1, \"4\": 2, \"5\": 1, \"6\": 2, \"7\": 1, \"8\": 2, \"9\": 1, \"10\": 2, \"11\": 1, \"12\": 2, \"13\": 1, \"14\": 2, \"15\": 1, \"16\": 2, \"17\": 1, \"18\": 2, \"19\": 1, \"20\": 2}','2026-01-12 06:14:44.111758',12,94),(261,'{\"1\": 2, \"2\": 3, \"3\": 2, \"4\": 3, \"5\": 2, \"6\": 3, \"7\": 2, \"8\": 3, \"9\": 2, \"10\": 3, \"11\": 2, \"12\": 3, \"13\": 2, \"14\": 3, \"15\": 2, \"16\": 3, \"17\": 2, \"18\": 3, \"19\": 2, \"20\": 3}','2026-01-11 06:14:44.111758',12,95),(262,'{\"1\": 2, \"2\": 3, \"3\": 2, \"4\": 3, \"5\": 2, \"6\": 3, \"7\": 2, \"8\": 3, \"9\": 2, \"10\": 3, \"11\": 2, \"12\": 3, \"13\": 2, \"14\": 3, \"15\": 2, \"16\": 3, \"17\": 2, \"18\": 3, \"19\": 2, \"20\": 3}','2026-01-10 06:14:44.111758',12,96),(263,'{\"1\": 2, \"2\": 3, \"3\": 2, \"4\": 3, \"5\": 2, \"6\": 3, \"7\": 2, \"8\": 3, \"9\": 2, \"10\": 3, \"11\": 2, \"12\": 3, \"13\": 2, \"14\": 3, \"15\": 2, \"16\": 3, \"17\": 2, \"18\": 3, \"19\": 2, \"20\": 3}','2026-01-09 06:14:44.111758',12,97),(264,'{\"1\": 3, \"2\": 4, \"3\": 3, \"4\": 4, \"5\": 3, \"6\": 4, \"7\": 3, \"8\": 4, \"9\": 3, \"10\": 4, \"11\": 3, \"12\": 4, \"13\": 3, \"14\": 4, \"15\": 3, \"16\": 4, \"17\": 3, \"18\": 4, \"19\": 3, \"20\": 4}','2026-01-08 06:14:44.111758',12,98),(265,'{\"1\": 1, \"2\": 2, \"3\": 1, \"4\": 2, \"5\": 1, \"6\": 2, \"7\": 1, \"8\": 2, \"9\": 1, \"10\": 2, \"11\": 1, \"12\": 2, \"13\": 1, \"14\": 2, \"15\": 1, \"16\": 2, \"17\": 1, \"18\": 2, \"19\": 1, \"20\": 2}','2026-01-07 06:14:44.111758',12,99),(266,'{\"1\": 2, \"2\": 1, \"3\": 2, \"4\": 1, \"5\": 2, \"6\": 1, \"7\": 2, \"8\": 1, \"9\": 2, \"10\": 1, \"11\": 2, \"12\": 1, \"13\": 2, \"14\": 1, \"15\": 2, \"16\": 1, \"17\": 2, \"18\": 1, \"19\": 2, \"20\": 1}','2026-01-13 11:14:44.111758',13,92),(267,'{\"1\": 2, \"2\": 1, \"3\": 2, \"4\": 1, \"5\": 2, \"6\": 1, \"7\": 2, \"8\": 1, \"9\": 2, \"10\": 1, \"11\": 2, \"12\": 1, \"13\": 2, \"14\": 1, \"15\": 2, \"16\": 1, \"17\": 2, \"18\": 1, \"19\": 2, \"20\": 1}','2026-01-12 11:14:44.111758',13,93),(268,'{\"1\": 3, \"2\": 2, \"3\": 3, \"4\": 2, \"5\": 3, \"6\": 2, \"7\": 3, \"8\": 2, \"9\": 3, \"10\": 2, \"11\": 3, \"12\": 2, \"13\": 3, \"14\": 2, \"15\": 3, \"16\": 2, \"17\": 3, \"18\": 2, \"19\": 3, \"20\": 2}','2026-01-11 11:14:44.111758',13,94),(269,'{\"1\": 3, \"2\": 2, \"3\": 3, \"4\": 2, \"5\": 3, \"6\": 2, \"7\": 3, \"8\": 2, \"9\": 3, \"10\": 2, \"11\": 3, \"12\": 2, \"13\": 3, \"14\": 2, \"15\": 3, \"16\": 2, \"17\": 3, \"18\": 2, \"19\": 3, \"20\": 2}','2026-01-10 11:14:44.111758',13,95),(270,'{\"1\": 3, \"2\": 2, \"3\": 3, \"4\": 2, \"5\": 3, \"6\": 2, \"7\": 3, \"8\": 2, \"9\": 3, \"10\": 2, \"11\": 3, \"12\": 2, \"13\": 3, \"14\": 2, \"15\": 3, \"16\": 2, \"17\": 3, \"18\": 2, \"19\": 3, \"20\": 2}','2026-01-09 11:14:44.111758',13,96),(271,'{\"1\": 4, \"2\": 3, \"3\": 4, \"4\": 3, \"5\": 4, \"6\": 3, \"7\": 4, \"8\": 3, \"9\": 4, \"10\": 3, \"11\": 4, \"12\": 3, \"13\": 4, \"14\": 3, \"15\": 4, \"16\": 3, \"17\": 4, \"18\": 3, \"19\": 4, \"20\": 3}','2026-01-08 11:14:44.111758',13,97),(272,'{\"1\": 2, \"2\": 1, \"3\": 2, \"4\": 1, \"5\": 2, \"6\": 1, \"7\": 2, \"8\": 1, \"9\": 2, \"10\": 1, \"11\": 2, \"12\": 1, \"13\": 2, \"14\": 1, \"15\": 2, \"16\": 1, \"17\": 2, \"18\": 1, \"19\": 2, \"20\": 1}','2026-01-07 11:14:44.111758',13,98),(273,'{\"1\": 2, \"2\": 1, \"3\": 2, \"4\": 1, \"5\": 2, \"6\": 1, \"7\": 2, \"8\": 1, \"9\": 2, \"10\": 1, \"11\": 2, \"12\": 1, \"13\": 2, \"14\": 1, \"15\": 2, \"16\": 1, \"17\": 2, \"18\": 1, \"19\": 2, \"20\": 1}','2026-01-06 11:14:44.111758',13,99),(274,'{\"1\": 3, \"2\": 2, \"3\": 1, \"4\": 3, \"5\": 2, \"6\": 1, \"7\": 3, \"8\": 2, \"9\": 1, \"10\": 3, \"11\": 2, \"12\": 1, \"13\": 3, \"14\": 2, \"15\": 1, \"16\": 3, \"17\": 2, \"18\": 1, \"19\": 3, \"20\": 2, \"21\": 1, \"22\": 3, \"23\": 2, \"24\": 1, \"25\": 3, \"26\": 2, \"27\": 1, \"28\": 3, \"29\": 2, \"30\": 1, \"31\": 3, \"32\": 2, \"33\": 1, \"34\": 3, \"35\": 2, \"36\": 1, \"37\": 3, \"38\": 2, \"39\": 1, \"40\": 3, \"41\": 2, \"42\": 1, \"43\": 3, \"44\": 2, \"45\": 1, \"46\": 3, \"47\": 2, \"48\": 1, \"49\": 3, \"50\": 2, \"51\": 1, \"52\": 3, \"53\": 2, \"54\": 1, \"55\": 3, \"56\": 2, \"57\": 1, \"58\": 3, \"59\": 2, \"60\": 1, \"61\": 3, \"62\": 2, \"63\": 1, \"64\": 3, \"65\": 2, \"66\": 1, \"67\": 3, \"68\": 2, \"69\": 1, \"70\": 3, \"71\": 2, \"72\": 1, \"73\": 3, \"74\": 2, \"75\": 1, \"76\": 3, \"77\": 2, \"78\": 1, \"79\": 3, \"80\": 2, \"81\": 1, \"82\": 3, \"83\": 2, \"84\": 1, \"85\": 3, \"86\": 2, \"87\": 1, \"88\": 3, \"89\": 2, \"90\": 1}','2026-01-12 10:14:44.111758',14,92),(275,'{\"1\": 2, \"2\": 4, \"3\": 3, \"4\": 2, \"5\": 4, \"6\": 3, \"7\": 2, \"8\": 4, \"9\": 3, \"10\": 2, \"11\": 4, \"12\": 3, \"13\": 2, \"14\": 4, \"15\": 3, \"16\": 2, \"17\": 4, \"18\": 3, \"19\": 2, \"20\": 4, \"21\": 3, \"22\": 2, \"23\": 4, \"24\": 3, \"25\": 2, \"26\": 4, \"27\": 3, \"28\": 2, \"29\": 4, \"30\": 3, \"31\": 2, \"32\": 4, \"33\": 3, \"34\": 2, \"35\": 4, \"36\": 3, \"37\": 2, \"38\": 4, \"39\": 3, \"40\": 2, \"41\": 4, \"42\": 3, \"43\": 2, \"44\": 4, \"45\": 3, \"46\": 2, \"47\": 4, \"48\": 3, \"49\": 2, \"50\": 4, \"51\": 3, \"52\": 2, \"53\": 4, \"54\": 3, \"55\": 2, \"56\": 4, \"57\": 3, \"58\": 2, \"59\": 4, \"60\": 3, \"61\": 2, \"62\": 4, \"63\": 3, \"64\": 2, \"65\": 4, \"66\": 3, \"67\": 2, \"68\": 4, \"69\": 3, \"70\": 2, \"71\": 4, \"72\": 3, \"73\": 2, \"74\": 4, \"75\": 3, \"76\": 2, \"77\": 4, \"78\": 3, \"79\": 2, \"80\": 4, \"81\": 3, \"82\": 2, \"83\": 4, \"84\": 3, \"85\": 2, \"86\": 4, \"87\": 3, \"88\": 2, \"89\": 4, \"90\": 3}','2026-01-11 10:14:44.111758',14,93),(276,'{\"1\": 3, \"2\": 2, \"3\": 4, \"4\": 3, \"5\": 2, \"6\": 4, \"7\": 3, \"8\": 2, \"9\": 4, \"10\": 3, \"11\": 2, \"12\": 4, \"13\": 3, \"14\": 2, \"15\": 4, \"16\": 3, \"17\": 2, \"18\": 4, \"19\": 3, \"20\": 2, \"21\": 4, \"22\": 3, \"23\": 2, \"24\": 4, \"25\": 3, \"26\": 2, \"27\": 4, \"28\": 3, \"29\": 2, \"30\": 4, \"31\": 3, \"32\": 2, \"33\": 4, \"34\": 3, \"35\": 2, \"36\": 4, \"37\": 3, \"38\": 2, \"39\": 4, \"40\": 3, \"41\": 2, \"42\": 4, \"43\": 3, \"44\": 2, \"45\": 4, \"46\": 3, \"47\": 2, \"48\": 4, \"49\": 3, \"50\": 2, \"51\": 4, \"52\": 3, \"53\": 2, \"54\": 4, \"55\": 3, \"56\": 2, \"57\": 4, \"58\": 3, \"59\": 2, \"60\": 4, \"61\": 3, \"62\": 2, \"63\": 4, \"64\": 3, \"65\": 2, \"66\": 4, \"67\": 3, \"68\": 2, \"69\": 4, \"70\": 3, \"71\": 2, \"72\": 4, \"73\": 3, \"74\": 2, \"75\": 4, \"76\": 3, \"77\": 2, \"78\": 4, \"79\": 3, \"80\": 2, \"81\": 4, \"82\": 3, \"83\": 2, \"84\": 4, \"85\": 3, \"86\": 2, \"87\": 4, \"88\": 3, \"89\": 2, \"90\": 4}','2026-01-10 10:14:44.111758',14,94),(277,'{\"1\": 4, \"2\": 3, \"3\": 2, \"4\": 4, \"5\": 3, \"6\": 2, \"7\": 4, \"8\": 3, \"9\": 2, \"10\": 4, \"11\": 3, \"12\": 2, \"13\": 4, \"14\": 3, \"15\": 2, \"16\": 4, \"17\": 3, \"18\": 2, \"19\": 4, \"20\": 3, \"21\": 2, \"22\": 4, \"23\": 3, \"24\": 2, \"25\": 4, \"26\": 3, \"27\": 2, \"28\": 4, \"29\": 3, \"30\": 2, \"31\": 4, \"32\": 3, \"33\": 2, \"34\": 4, \"35\": 3, \"36\": 2, \"37\": 4, \"38\": 3, \"39\": 2, \"40\": 4, \"41\": 3, \"42\": 2, \"43\": 4, \"44\": 3, \"45\": 2, \"46\": 4, \"47\": 3, \"48\": 2, \"49\": 4, \"50\": 3, \"51\": 2, \"52\": 4, \"53\": 3, \"54\": 2, \"55\": 4, \"56\": 3, \"57\": 2, \"58\": 4, \"59\": 3, \"60\": 2, \"61\": 4, \"62\": 3, \"63\": 2, \"64\": 4, \"65\": 3, \"66\": 2, \"67\": 4, \"68\": 3, \"69\": 2, \"70\": 4, \"71\": 3, \"72\": 2, \"73\": 4, \"74\": 3, \"75\": 2, \"76\": 4, \"77\": 3, \"78\": 2, \"79\": 4, \"80\": 3, \"81\": 2, \"82\": 4, \"83\": 3, \"84\": 2, \"85\": 4, \"86\": 3, \"87\": 2, \"88\": 4, \"89\": 3, \"90\": 2}','2026-01-09 10:14:44.111758',14,95),(278,'{\"1\": 3, \"2\": 5, \"3\": 4, \"4\": 3, \"5\": 5, \"6\": 4, \"7\": 3, \"8\": 5, \"9\": 4, \"10\": 3, \"11\": 5, \"12\": 4, \"13\": 3, \"14\": 5, \"15\": 4, \"16\": 3, \"17\": 5, \"18\": 4, \"19\": 3, \"20\": 5, \"21\": 4, \"22\": 3, \"23\": 5, \"24\": 4, \"25\": 3, \"26\": 5, \"27\": 4, \"28\": 3, \"29\": 5, \"30\": 4, \"31\": 3, \"32\": 5, \"33\": 4, \"34\": 3, \"35\": 5, \"36\": 4, \"37\": 3, \"38\": 5, \"39\": 4, \"40\": 3, \"41\": 5, \"42\": 4, \"43\": 3, \"44\": 5, \"45\": 4, \"46\": 3, \"47\": 5, \"48\": 4, \"49\": 3, \"50\": 5, \"51\": 4, \"52\": 3, \"53\": 5, \"54\": 4, \"55\": 3, \"56\": 5, \"57\": 4, \"58\": 3, \"59\": 5, \"60\": 4, \"61\": 3, \"62\": 5, \"63\": 4, \"64\": 3, \"65\": 5, \"66\": 4, \"67\": 3, \"68\": 5, \"69\": 4, \"70\": 3, \"71\": 5, \"72\": 4, \"73\": 3, \"74\": 5, \"75\": 4, \"76\": 3, \"77\": 5, \"78\": 4, \"79\": 3, \"80\": 5, \"81\": 4, \"82\": 3, \"83\": 5, \"84\": 4, \"85\": 3, \"86\": 5, \"87\": 4, \"88\": 3, \"89\": 5, \"90\": 4}','2026-01-08 10:14:44.111758',14,96),(279,'{\"1\": 2, \"2\": 1, \"3\": 3, \"4\": 2, \"5\": 1, \"6\": 3, \"7\": 2, \"8\": 1, \"9\": 3, \"10\": 2, \"11\": 1, \"12\": 3, \"13\": 2, \"14\": 1, \"15\": 3, \"16\": 2, \"17\": 1, \"18\": 3, \"19\": 2, \"20\": 1, \"21\": 3, \"22\": 2, \"23\": 1, \"24\": 3, \"25\": 2, \"26\": 1, \"27\": 3, \"28\": 2, \"29\": 1, \"30\": 3, \"31\": 2, \"32\": 1, \"33\": 3, \"34\": 2, \"35\": 1, \"36\": 3, \"37\": 2, \"38\": 1, \"39\": 3, \"40\": 2, \"41\": 1, \"42\": 3, \"43\": 2, \"44\": 1, \"45\": 3, \"46\": 2, \"47\": 1, \"48\": 3, \"49\": 2, \"50\": 1, \"51\": 3, \"52\": 2, \"53\": 1, \"54\": 3, \"55\": 2, \"56\": 1, \"57\": 3, \"58\": 2, \"59\": 1, \"60\": 3, \"61\": 2, \"62\": 1, \"63\": 3, \"64\": 2, \"65\": 1, \"66\": 3, \"67\": 2, \"68\": 1, \"69\": 3, \"70\": 2, \"71\": 1, \"72\": 3, \"73\": 2, \"74\": 1, \"75\": 3, \"76\": 2, \"77\": 1, \"78\": 3, \"79\": 2, \"80\": 1, \"81\": 3, \"82\": 2, \"83\": 1, \"84\": 3, \"85\": 2, \"86\": 1, \"87\": 3, \"88\": 2, \"89\": 1, \"90\": 3}','2026-01-07 10:14:44.111758',14,97),(280,'{\"1\": 3, \"2\": 2, \"3\": 1, \"4\": 3, \"5\": 2, \"6\": 1, \"7\": 3, \"8\": 2, \"9\": 1, \"10\": 3, \"11\": 2, \"12\": 1, \"13\": 3, \"14\": 2, \"15\": 1, \"16\": 3, \"17\": 2, \"18\": 1, \"19\": 3, \"20\": 2, \"21\": 1, \"22\": 3, \"23\": 2, \"24\": 1, \"25\": 3, \"26\": 2, \"27\": 1, \"28\": 3, \"29\": 2, \"30\": 1, \"31\": 3, \"32\": 2, \"33\": 1, \"34\": 3, \"35\": 2, \"36\": 1, \"37\": 3, \"38\": 2, \"39\": 1, \"40\": 3, \"41\": 2, \"42\": 1, \"43\": 3, \"44\": 2, \"45\": 1, \"46\": 3, \"47\": 2, \"48\": 1, \"49\": 3, \"50\": 2, \"51\": 1, \"52\": 3, \"53\": 2, \"54\": 1, \"55\": 3, \"56\": 2, \"57\": 1, \"58\": 3, \"59\": 2, \"60\": 1, \"61\": 3, \"62\": 2, \"63\": 1, \"64\": 3, \"65\": 2, \"66\": 1, \"67\": 3, \"68\": 2, \"69\": 1, \"70\": 3, \"71\": 2, \"72\": 1, \"73\": 3, \"74\": 2, \"75\": 1, \"76\": 3, \"77\": 2, \"78\": 1, \"79\": 3, \"80\": 2, \"81\": 1, \"82\": 3, \"83\": 2, \"84\": 1, \"85\": 3, \"86\": 2, \"87\": 1, \"88\": 3, \"89\": 2, \"90\": 1}','2026-01-06 10:14:44.111758',14,98),(281,'{\"1\": 1, \"2\": 3, \"3\": 2, \"4\": 1, \"5\": 3, \"6\": 2, \"7\": 1, \"8\": 3, \"9\": 2, \"10\": 1, \"11\": 3, \"12\": 2, \"13\": 1, \"14\": 3, \"15\": 2, \"16\": 1, \"17\": 3, \"18\": 2, \"19\": 1, \"20\": 3, \"21\": 2, \"22\": 1, \"23\": 3, \"24\": 2, \"25\": 1, \"26\": 3, \"27\": 2, \"28\": 1, \"29\": 3, \"30\": 2, \"31\": 1, \"32\": 3, \"33\": 2, \"34\": 1, \"35\": 3, \"36\": 2, \"37\": 1, \"38\": 3, \"39\": 2, \"40\": 1, \"41\": 3, \"42\": 2, \"43\": 1, \"44\": 3, \"45\": 2, \"46\": 1, \"47\": 3, \"48\": 2, \"49\": 1, \"50\": 3, \"51\": 2, \"52\": 1, \"53\": 3, \"54\": 2, \"55\": 1, \"56\": 3, \"57\": 2, \"58\": 1, \"59\": 3, \"60\": 2, \"61\": 1, \"62\": 3, \"63\": 2, \"64\": 1, \"65\": 3, \"66\": 2, \"67\": 1, \"68\": 3, \"69\": 2, \"70\": 1, \"71\": 3, \"72\": 2, \"73\": 1, \"74\": 3, \"75\": 2, \"76\": 1, \"77\": 3, \"78\": 2, \"79\": 1, \"80\": 3, \"81\": 2, \"82\": 1, \"83\": 3, \"84\": 2, \"85\": 1, \"86\": 3, \"87\": 2, \"88\": 1, \"89\": 3, \"90\": 2}','2026-01-05 10:14:44.111758',14,99),(282,'{\"1\": 2.0, \"2\": 3.0, \"3\": 4.0, \"4\": 5.0, \"5\": 2.0, \"6\": 1.0, \"7\": 3.0, \"8\": 4.0, \"9\": 2.0, \"10\": 4.0, \"11\": 5.0, \"12\": 3.0, \"13\": 2.0, \"14\": 1.0, \"15\": 2.0, \"16\": 3.0, \"17\": 4.0, \"18\": 4.0, \"19\": 4.0, \"20\": 4.0}','2026-02-06 11:40:21.490045',3,4),(283,'{\"1\": 4.0}','2026-02-24 19:37:20.857589',14,145),(284,'{\"1\": 4.0, \"2\": 4.0, \"3\": 3.0, \"4\": 3.0, \"5\": 4.0, \"6\": 4.0, \"7\": 3.0, \"8\": 3.0, \"9\": 2.0, \"10\": 2.0}','2026-02-24 21:35:54.397626',14,4),(285,'{\"1\": 5.0, \"2\": 5.0, \"3\": 5.0, \"4\": 5.0, \"5\": 5.0, \"6\": 5.0, \"7\": 5.0, \"8\": 5.0, \"9\": 5.0, \"10\": 5.0}','2026-02-24 21:37:34.856803',14,147),(286,'{\"1\": 5.0, \"2\": 5.0, \"3\": 5.0, \"4\": 5.0, \"5\": 5.0, \"6\": 5.0, \"7\": 5.0, \"8\": 5.0, \"9\": 5.0, \"10\": 5.0, \"11\": 5.0, \"12\": 5.0, \"13\": 5.0, \"14\": 5.0, \"15\": 5.0, \"16\": 5.0, \"17\": 5.0, \"18\": 5.0, \"19\": 5.0, \"20\": 5.0, \"21\": 5.0, \"22\": 5.0, \"23\": 5.0, \"24\": 5.0, \"25\": 5.0, \"26\": 5.0, \"27\": 5.0, \"28\": 5.0, \"29\": 5.0, \"30\": 5.0, \"31\": 5.0, \"32\": 5.0, \"33\": 5.0, \"34\": 5.0, \"35\": 5.0, \"36\": 5.0, \"37\": 5.0, \"38\": 5.0, \"39\": 5.0, \"40\": 5.0, \"41\": 5.0, \"42\": 5.0, \"43\": 5.0, \"44\": 5.0, \"45\": 5.0, \"46\": 5.0, \"47\": 5.0, \"48\": 5.0, \"49\": 5.0, \"50\": 5.0, \"51\": 5.0, \"52\": 5.0, \"53\": 5.0, \"54\": 5.0, \"55\": 5.0, \"56\": 5.0, \"57\": 5.0, \"58\": 5.0, \"59\": 5.0, \"60\": 5.0, \"61\": 5.0, \"62\": 5.0, \"63\": 5.0, \"64\": 5.0, \"65\": 5.0, \"66\": 5.0, \"67\": 5.0, \"68\": 5.0, \"69\": 5.0, \"70\": 5.0, \"71\": 5.0, \"72\": 5.0, \"73\": 5.0, \"74\": 5.0, \"75\": 5.0, \"76\": 5.0, \"77\": 5.0, \"78\": 5.0, \"79\": 5.0, \"80\": 5.0, \"81\": 5.0, \"82\": 5.0, \"83\": 5.0, \"84\": 5.0, \"85\": 5.0, \"86\": 5.0, \"87\": 5.0, \"88\": 5.0, \"89\": 5.0, \"90\": 5.0}','2026-02-24 21:38:43.710712',14,148),(287,'{\"1\": 999.0, \"2\": 999.0, \"3\": 999.0, \"4\": 999.0, \"5\": 999.0, \"6\": 999.0, \"7\": 999.0, \"8\": 999.0, \"9\": 999.0, \"10\": 999.0, \"11\": 999.0, \"12\": 999.0, \"13\": 999.0, \"14\": 999.0, \"15\": 999.0, \"16\": 999.0, \"17\": 999.0, \"18\": 999.0, \"19\": 999.0, \"20\": 999.0, \"21\": 999.0, \"22\": 999.0, \"23\": 999.0, \"24\": 999.0, \"25\": 999.0, \"26\": 999.0, \"27\": 999.0, \"28\": 999.0, \"29\": 999.0, \"30\": 999.0, \"31\": 999.0, \"32\": 999.0, \"33\": 999.0, \"34\": 999.0, \"35\": 999.0, \"36\": 999.0, \"37\": 999.0, \"38\": 999.0, \"39\": 999.0, \"40\": 999.0, \"41\": 999.0, \"42\": 999.0, \"43\": 999.0, \"44\": 999.0, \"45\": 999.0, \"46\": 999.0, \"47\": 999.0, \"48\": 999.0, \"49\": 999.0, \"50\": 999.0, \"51\": 999.0, \"52\": 999.0, \"53\": 999.0, \"54\": 999.0, \"55\": 999.0, \"56\": 999.0, \"57\": 999.0, \"58\": 999.0, \"59\": 999.0, \"60\": 999.0, \"61\": 999.0, \"62\": 999.0, \"63\": 999.0, \"64\": 999.0, \"65\": 999.0, \"66\": 999.0, \"67\": 999.0, \"68\": 999.0, \"69\": 999.0, \"70\": 999.0, \"71\": 999.0, \"72\": 999.0, \"73\": 999.0, \"74\": 999.0, \"75\": 999.0, \"76\": 999.0, \"77\": 999.0, \"78\": 999.0, \"79\": 999.0, \"80\": 999.0, \"81\": 999.0, \"82\": 999.0, \"83\": 999.0, \"84\": 999.0, \"85\": 999.0, \"86\": 999.0, \"87\": 999.0, \"88\": 999.0, \"89\": 999.0, \"90\": 999.0}','2026-02-24 21:38:58.602651',14,149),(288,'{\"1\": 5.0, \"2\": 5.0, \"3\": 5.0, \"4\": 5.0, \"5\": 5.0, \"6\": 5.0, \"7\": 5.0, \"8\": 5.0, \"9\": 5.0, \"10\": 5.0}','2026-02-24 21:40:53.282236',14,150),(289,'{\"1\": 999.0, \"2\": 999.0, \"3\": 999.0, \"4\": 999.0, \"5\": 999.0, \"6\": 999.0, \"7\": 999.0, \"8\": 999.0, \"9\": 999.0, \"10\": 999.0, \"11\": 999.0, \"12\": 999.0, \"13\": 999.0, \"14\": 999.0, \"15\": 999.0, \"16\": 999.0, \"17\": 999.0, \"18\": 999.0, \"19\": 999.0, \"20\": 999.0, \"21\": 999.0, \"22\": 999.0, \"23\": 999.0, \"24\": 999.0, \"25\": 999.0, \"26\": 999.0, \"27\": 999.0, \"28\": 999.0, \"29\": 999.0, \"30\": 999.0, \"31\": 999.0, \"32\": 999.0, \"33\": 999.0, \"34\": 999.0, \"35\": 999.0, \"36\": 999.0, \"37\": 999.0, \"38\": 999.0, \"39\": 999.0, \"40\": 999.0, \"41\": 999.0, \"42\": 999.0, \"43\": 999.0, \"44\": 999.0, \"45\": 999.0, \"46\": 999.0, \"47\": 999.0, \"48\": 999.0, \"49\": 999.0, \"50\": 999.0, \"51\": 999.0, \"52\": 999.0, \"53\": 999.0, \"54\": 999.0, \"55\": 999.0, \"56\": 999.0, \"57\": 999.0, \"58\": 999.0, \"59\": 999.0, \"60\": 999.0, \"61\": 999.0, \"62\": 999.0, \"63\": 999.0, \"64\": 999.0, \"65\": 999.0, \"66\": 999.0, \"67\": 999.0, \"68\": 999.0, \"69\": 999.0, \"70\": 999.0, \"71\": 999.0, \"72\": 999.0, \"73\": 999.0, \"74\": 999.0, \"75\": 999.0, \"76\": 999.0, \"77\": 999.0, \"78\": 999.0, \"79\": 999.0, \"80\": 999.0, \"81\": 999.0, \"82\": 999.0, \"83\": 999.0, \"84\": 999.0, \"85\": 999.0, \"86\": 999.0, \"87\": 999.0, \"88\": 999.0, \"89\": 999.0, \"90\": 999.0}','2026-02-24 21:41:04.477815',14,151),(290,'{\"1\": 1.0, \"2\": 1.0, \"3\": 1.0, \"4\": 1.0, \"5\": 1.0, \"6\": 1.0, \"7\": 1.0, \"8\": 1.0, \"9\": 1.0, \"10\": 1.0, \"11\": 1.0, \"12\": 1.0, \"13\": 1.0, \"14\": 1.0, \"15\": 1.0, \"16\": 1.0, \"17\": 1.0, \"18\": 1.0, \"19\": 1.0, \"20\": 1.0, \"21\": 1.0, \"22\": 1.0, \"23\": 1.0, \"24\": 1.0, \"25\": 1.0, \"26\": 1.0, \"27\": 1.0, \"28\": 1.0, \"29\": 1.0, \"30\": 1.0, \"31\": 1.0, \"32\": 1.0, \"33\": 1.0, \"34\": 1.0, \"35\": 1.0, \"36\": 1.0, \"37\": 1.0, \"38\": 1.0, \"39\": 1.0, \"40\": 1.0, \"41\": 1.0, \"42\": 1.0, \"43\": 1.0, \"44\": 1.0, \"45\": 1.0, \"46\": 1.0, \"47\": 1.0, \"48\": 1.0, \"49\": 1.0, \"50\": 1.0, \"51\": 1.0, \"52\": 1.0, \"53\": 1.0, \"54\": 1.0, \"55\": 1.0, \"56\": 1.0, \"57\": 1.0, \"58\": 1.0, \"59\": 1.0, \"60\": 1.0, \"61\": 1.0, \"62\": 1.0, \"63\": 1.0, \"64\": 1.0, \"65\": 1.0, \"66\": 1.0, \"67\": 1.0, \"68\": 1.0, \"69\": 1.0, \"70\": 1.0, \"71\": 1.0, \"72\": 1.0, \"73\": 1.0, \"74\": 1.0, \"75\": 1.0, \"76\": 1.0, \"77\": 1.0, \"78\": 1.0, \"79\": 1.0, \"80\": 1.0, \"81\": 1.0, \"82\": 1.0, \"83\": 1.0, \"84\": 1.0, \"85\": 1.0, \"86\": 1.0, \"87\": 1.0, \"88\": 1.0, \"89\": 1.0, \"90\": 1.0}','2026-02-24 22:13:27.161630',2,4),(291,'{\"1\": 3.0, \"2\": 3.0, \"3\": 3.0, \"4\": 3.0, \"5\": 3.0, \"6\": 3.0, \"7\": 3.0, \"8\": 3.0, \"9\": 3.0, \"10\": 3.0, \"11\": 3.0, \"12\": 3.0, \"13\": 3.0, \"14\": 3.0, \"15\": 3.0, \"16\": 3.0, \"17\": 3.0, \"18\": 3.0, \"19\": 3.0, \"20\": 3.0, \"21\": 3.0, \"22\": 3.0, \"23\": 3.0, \"24\": 3.0, \"25\": 3.0, \"26\": 3.0, \"27\": 3.0, \"28\": 3.0, \"29\": 3.0, \"30\": 3.0, \"31\": 3.0, \"32\": 3.0, \"33\": 3.0, \"34\": 3.0, \"35\": 3.0, \"36\": 3.0, \"37\": 3.0, \"38\": 3.0, \"39\": 3.0, \"40\": 3.0, \"41\": 3.0, \"42\": 3.0, \"43\": 3.0, \"44\": 3.0, \"45\": 3.0, \"46\": 3.0, \"47\": 3.0, \"48\": 3.0, \"49\": 3.0, \"50\": 3.0, \"51\": 3.0, \"52\": 3.0, \"53\": 3.0, \"54\": 3.0, \"55\": 3.0, \"56\": 3.0, \"57\": 3.0, \"58\": 3.0, \"59\": 3.0, \"60\": 3.0, \"61\": 3.0, \"62\": 3.0, \"63\": 3.0, \"64\": 3.0, \"65\": 3.0, \"66\": 3.0, \"67\": 3.0, \"68\": 3.0, \"69\": 3.0, \"70\": 3.0, \"71\": 3.0, \"72\": 3.0, \"73\": 3.0, \"74\": 3.0, \"75\": 3.0, \"76\": 3.0, \"77\": 3.0, \"78\": 3.0, \"79\": 3.0, \"80\": 3.0, \"81\": 3.0, \"82\": 3.0, \"83\": 3.0, \"84\": 3.0, \"85\": 3.0, \"86\": 3.0, \"87\": 3.0, \"88\": 3.0, \"89\": 3.0, \"90\": 3.0}','2026-02-24 23:33:12.181028',14,5),(292,'{\"1\": 3.0, \"2\": 3.0, \"3\": 3.0, \"4\": 3.0, \"5\": 3.0, \"6\": 3.0, \"7\": 3.0, \"8\": 3.0, \"9\": 3.0, \"10\": 3.0, \"11\": 3.0, \"12\": 3.0, \"13\": 3.0, \"14\": 3.0, \"15\": 3.0, \"16\": 3.0, \"17\": 3.0, \"18\": 3.0, \"19\": 3.0, \"20\": 3.0, \"21\": 3.0, \"22\": 3.0, \"23\": 3.0, \"24\": 3.0, \"25\": 3.0, \"26\": 3.0, \"27\": 3.0, \"28\": 3.0, \"29\": 3.0, \"30\": 3.0, \"31\": 3.0, \"32\": 3.0, \"33\": 3.0, \"34\": 3.0, \"35\": 3.0, \"36\": 3.0, \"37\": 3.0, \"38\": 3.0, \"39\": 3.0, \"40\": 3.0, \"41\": 3.0, \"42\": 3.0, \"43\": 3.0, \"44\": 3.0, \"45\": 3.0, \"46\": 3.0, \"47\": 3.0, \"48\": 3.0, \"49\": 3.0, \"50\": 3.0, \"51\": 3.0, \"52\": 3.0, \"53\": 3.0, \"54\": 3.0, \"55\": 3.0, \"56\": 3.0, \"57\": 3.0, \"58\": 3.0, \"59\": 3.0, \"60\": 3.0, \"61\": 3.0, \"62\": 3.0, \"63\": 3.0, \"64\": 3.0, \"65\": 3.0, \"66\": 3.0, \"67\": 3.0, \"68\": 3.0, \"69\": 3.0, \"70\": 3.0, \"71\": 3.0, \"72\": 3.0, \"73\": 3.0, \"74\": 3.0, \"75\": 3.0, \"76\": 3.0, \"77\": 3.0, \"78\": 3.0, \"79\": 3.0, \"80\": 3.0, \"81\": 3.0, \"82\": 3.0, \"83\": 3.0, \"84\": 3.0, \"85\": 3.0, \"86\": 3.0, \"87\": 3.0, \"88\": 3.0, \"89\": 3.0, \"90\": 3.0}','2026-02-24 23:38:05.352550',14,4);
/*!40000 ALTER TABLE `surveys_questionnaireresponse` ENABLE KEYS */;
UNLOCK TABLES;

--
-- Table structure for table `surveys_questionnaireretesttask`
--

DROP TABLE IF EXISTS `surveys_questionnaireretesttask`;
/*!40101 SET @saved_cs_client     = @@character_set_client */;
/*!50503 SET character_set_client = utf8mb4 */;
CREATE TABLE `surveys_questionnaireretesttask` (
  `id` bigint NOT NULL AUTO_INCREMENT,
  `reason` varchar(240) COLLATE utf8mb4_unicode_ci NOT NULL,
  `due_date` date DEFAULT NULL,
  `status` varchar(16) COLLATE utf8mb4_unicode_ci NOT NULL,
  `completed_at` datetime(6) DEFAULT NULL,
  `created_at` datetime(6) NOT NULL,
  `updated_at` datetime(6) NOT NULL,
  `created_by_id` bigint DEFAULT NULL,
  `questionnaire_id` bigint NOT NULL,
  `student_id` bigint NOT NULL,
  PRIMARY KEY (`id`),
  KEY `surveys_questionnair_created_by_id_9596fb20_fk_accounts_` (`created_by_id`),
  KEY `surveys_questionnair_questionnaire_id_3fc46399_fk_surveys_q` (`questionnaire_id`),
  KEY `surveys_questionnair_student_id_0f97a88f_fk_accounts_` (`student_id`),
  CONSTRAINT `surveys_questionnair_created_by_id_9596fb20_fk_accounts_` FOREIGN KEY (`created_by_id`) REFERENCES `accounts_user` (`id`),
  CONSTRAINT `surveys_questionnair_questionnaire_id_3fc46399_fk_surveys_q` FOREIGN KEY (`questionnaire_id`) REFERENCES `surveys_questionnaire` (`id`),
  CONSTRAINT `surveys_questionnair_student_id_0f97a88f_fk_accounts_` FOREIGN KEY (`student_id`) REFERENCES `accounts_user` (`id`)
) ENGINE=InnoDB AUTO_INCREMENT=2 DEFAULT CHARSET=utf8mb4 COLLATE=utf8mb4_unicode_ci;
/*!40101 SET character_set_client = @saved_cs_client */;

--
-- Dumping data for table `surveys_questionnaireretesttask`
--

LOCK TABLES `surveys_questionnaireretesttask` WRITE;
/*!40000 ALTER TABLE `surveys_questionnaireretesttask` DISABLE KEYS */;
INSERT INTO `surveys_questionnaireretesttask` VALUES (1,'复测冒烟',NULL,'completed','2026-02-24 23:38:05.376976','2026-02-24 23:38:05.216658','2026-02-24 23:38:05.377071',3,14,4);
/*!40000 ALTER TABLE `surveys_questionnaireretesttask` ENABLE KEYS */;
UNLOCK TABLES;

--
-- Table structure for table `surveys_questionnairetemplate`
--

DROP TABLE IF EXISTS `surveys_questionnairetemplate`;
/*!40101 SET @saved_cs_client     = @@character_set_client */;
/*!50503 SET character_set_client = utf8mb4 */;
CREATE TABLE `surveys_questionnairetemplate` (
  `id` bigint NOT NULL AUTO_INCREMENT,
  `name` varchar(100) CHARACTER SET utf8mb4 COLLATE utf8mb4_unicode_ci NOT NULL,
  `scale_type` varchar(32) CHARACTER SET utf8mb4 COLLATE utf8mb4_unicode_ci NOT NULL,
  `description` varchar(240) CHARACTER SET utf8mb4 COLLATE utf8mb4_unicode_ci NOT NULL,
  `questions` json NOT NULL,
  `created_at` datetime(6) NOT NULL,
  PRIMARY KEY (`id`),
  UNIQUE KEY `name` (`name`)
) ENGINE=InnoDB AUTO_INCREMENT=5 DEFAULT CHARSET=utf8mb4 COLLATE=utf8mb4_unicode_ci;
/*!40101 SET character_set_client = @saved_cs_client */;

--
-- Dumping data for table `surveys_questionnairetemplate`
--

LOCK TABLES `surveys_questionnairetemplate` WRITE;
/*!40000 ALTER TABLE `surveys_questionnairetemplate` DISABLE KEYS */;
INSERT INTO `surveys_questionnairetemplate` VALUES (1,'SCL-90 示例（10题）','scl90_sample','用于演示系统闭环的示例问卷（非正式量表题干）。','[{\"id\": 1, \"max\": 5, \"min\": 1, \"text\": \"示例题：最近我感到紧张不安。\", \"weight\": 1, \"dimension\": \"anxiety\"}, {\"id\": 2, \"max\": 5, \"min\": 1, \"text\": \"示例题：我很难放松下来。\", \"weight\": 1, \"dimension\": \"anxiety\"}, {\"id\": 3, \"max\": 5, \"min\": 1, \"text\": \"示例题：我对以前感兴趣的事提不起劲。\", \"weight\": 1, \"dimension\": \"depression\"}, {\"id\": 4, \"max\": 5, \"min\": 1, \"text\": \"示例题：我觉得做什么都很累。\", \"weight\": 1, \"dimension\": \"depression\"}, {\"id\": 5, \"max\": 5, \"min\": 1, \"text\": \"示例题：我最近睡眠质量不佳。\", \"weight\": 1, \"dimension\": \"sleep\"}, {\"id\": 6, \"max\": 5, \"min\": 1, \"text\": \"示例题：我经常难以入睡或易醒。\", \"weight\": 1, \"dimension\": \"sleep\"}, {\"id\": 7, \"max\": 5, \"min\": 1, \"text\": \"示例题：我在人际相处中感到压力。\", \"weight\": 1, \"dimension\": \"social\"}, {\"id\": 8, \"max\": 5, \"min\": 1, \"text\": \"示例题：我担心别人对我的看法。\", \"weight\": 1, \"dimension\": \"social\"}, {\"id\": 9, \"max\": 5, \"min\": 1, \"text\": \"示例题：我最近食欲变化明显。\", \"weight\": 1, \"dimension\": \"somatic\"}, {\"id\": 10, \"max\": 5, \"min\": 1, \"text\": \"示例题：我常感到身体不适但查不出原因。\", \"weight\": 1, \"dimension\": \"somatic\"}]','2026-01-31 23:54:50.737305'),(2,'SCL-90 结构化模拟量表（90题）','scl90_sample','结构化模拟题库（非版权原题），用于流程联调与模型接口验证。','[{\"id\": 1, \"max\": 5, \"min\": 1, \"text\": \"SCL90模拟题01：最近一周我常有不明原因的头痛或身体酸痛。\", \"weight\": 1, \"dimension\": \"somatization\"}, {\"id\": 2, \"max\": 5, \"min\": 1, \"text\": \"SCL90模拟题02：最近一周我会反复感到胃部不适或食欲异常。\", \"weight\": 1, \"dimension\": \"somatization\"}, {\"id\": 3, \"max\": 5, \"min\": 1, \"text\": \"SCL90模拟题03：最近一周我容易出现心慌、胸闷等身体反应。\", \"weight\": 1, \"dimension\": \"somatization\"}, {\"id\": 4, \"max\": 5, \"min\": 1, \"text\": \"SCL90模拟题04：最近一周我经常感觉精力不足、身体沉重。\", \"weight\": 1, \"dimension\": \"somatization\"}, {\"id\": 5, \"max\": 5, \"min\": 1, \"text\": \"SCL90模拟题05：最近一周我会担心自己身体出现严重问题。\", \"weight\": 1, \"dimension\": \"somatization\"}, {\"id\": 6, \"max\": 5, \"min\": 1, \"text\": \"SCL90模拟题06：最近一周我会因为身体小毛病而明显紧张。\", \"weight\": 1, \"dimension\": \"somatization\"}, {\"id\": 7, \"max\": 5, \"min\": 1, \"text\": \"SCL90模拟题07：最近一周我常感到四肢乏力或发软。\", \"weight\": 1, \"dimension\": \"somatization\"}, {\"id\": 8, \"max\": 5, \"min\": 1, \"text\": \"SCL90模拟题08：最近一周我会被睡眠相关的身体不适困扰。\", \"weight\": 1, \"dimension\": \"somatization\"}, {\"id\": 9, \"max\": 5, \"min\": 1, \"text\": \"SCL90模拟题09：最近一周我的身体状态影响了学习/生活节奏。\", \"weight\": 1, \"dimension\": \"somatization\"}, {\"id\": 10, \"max\": 5, \"min\": 1, \"text\": \"SCL90模拟题10：最近一周我会反复检查同一件事是否完成。\", \"weight\": 1, \"dimension\": \"compulsive\"}, {\"id\": 11, \"max\": 5, \"min\": 1, \"text\": \"SCL90模拟题11：最近一周我很难停止脑中重复出现的念头。\", \"weight\": 1, \"dimension\": \"compulsive\"}, {\"id\": 12, \"max\": 5, \"min\": 1, \"text\": \"SCL90模拟题12：最近一周我做事会过度追求完美而拖延。\", \"weight\": 1, \"dimension\": \"compulsive\"}, {\"id\": 13, \"max\": 5, \"min\": 1, \"text\": \"SCL90模拟题13：最近一周我常因担心出错而重复确认细节。\", \"weight\": 1, \"dimension\": \"compulsive\"}, {\"id\": 14, \"max\": 5, \"min\": 1, \"text\": \"SCL90模拟题14：最近一周我会反复回想已发生的小失误。\", \"weight\": 1, \"dimension\": \"compulsive\"}, {\"id\": 15, \"max\": 5, \"min\": 1, \"text\": \"SCL90模拟题15：最近一周我在学习时常被“必须这样做”困住。\", \"weight\": 1, \"dimension\": \"compulsive\"}, {\"id\": 16, \"max\": 5, \"min\": 1, \"text\": \"SCL90模拟题16：最近一周我会因反复犹豫而难以下决定。\", \"weight\": 1, \"dimension\": \"compulsive\"}, {\"id\": 17, \"max\": 5, \"min\": 1, \"text\": \"SCL90模拟题17：最近一周我会按固定顺序做事，否则不安。\", \"weight\": 1, \"dimension\": \"compulsive\"}, {\"id\": 18, \"max\": 5, \"min\": 1, \"text\": \"SCL90模拟题18：最近一周我会因反复整理/重做而耗费很多时间。\", \"weight\": 1, \"dimension\": \"compulsive\"}, {\"id\": 19, \"max\": 5, \"min\": 1, \"text\": \"SCL90模拟题19：最近一周我在人际互动中容易紧张或不自在。\", \"weight\": 1, \"dimension\": \"interpersonal\"}, {\"id\": 20, \"max\": 5, \"min\": 1, \"text\": \"SCL90模拟题20：最近一周我会过度在意别人对我的看法。\", \"weight\": 1, \"dimension\": \"interpersonal\"}, {\"id\": 21, \"max\": 5, \"min\": 1, \"text\": \"SCL90模拟题21：最近一周我与同学沟通时担心被否定。\", \"weight\": 1, \"dimension\": \"interpersonal\"}, {\"id\": 22, \"max\": 5, \"min\": 1, \"text\": \"SCL90模拟题22：最近一周我会因为社交场合而感到明显压力。\", \"weight\": 1, \"dimension\": \"interpersonal\"}, {\"id\": 23, \"max\": 5, \"min\": 1, \"text\": \"SCL90模拟题23：最近一周我在人多场景里容易感到拘谨。\", \"weight\": 1, \"dimension\": \"interpersonal\"}, {\"id\": 24, \"max\": 5, \"min\": 1, \"text\": \"SCL90模拟题24：最近一周我会避免主动表达自己的真实想法。\", \"weight\": 1, \"dimension\": \"interpersonal\"}, {\"id\": 25, \"max\": 5, \"min\": 1, \"text\": \"SCL90模拟题25：最近一周我在人际冲突后会持续自责。\", \"weight\": 1, \"dimension\": \"interpersonal\"}, {\"id\": 26, \"max\": 5, \"min\": 1, \"text\": \"SCL90模拟题26：最近一周我感觉自己不太容易被他人理解。\", \"weight\": 1, \"dimension\": \"interpersonal\"}, {\"id\": 27, \"max\": 5, \"min\": 1, \"text\": \"SCL90模拟题27：最近一周我与他人相处时常感到被比较或被评判。\", \"weight\": 1, \"dimension\": \"interpersonal\"}, {\"id\": 28, \"max\": 5, \"min\": 1, \"text\": \"SCL90模拟题28：最近一周我对原本感兴趣的事情提不起劲。\", \"weight\": 1, \"dimension\": \"depression\"}, {\"id\": 29, \"max\": 5, \"min\": 1, \"text\": \"SCL90模拟题29：最近一周我经常感到情绪低落或无助。\", \"weight\": 1, \"dimension\": \"depression\"}, {\"id\": 30, \"max\": 5, \"min\": 1, \"text\": \"SCL90模拟题30：最近一周我会觉得做什么都没有意义。\", \"weight\": 1, \"dimension\": \"depression\"}, {\"id\": 31, \"max\": 5, \"min\": 1, \"text\": \"SCL90模拟题31：最近一周我比平时更容易疲惫、动力不足。\", \"weight\": 1, \"dimension\": \"depression\"}, {\"id\": 32, \"max\": 5, \"min\": 1, \"text\": \"SCL90模拟题32：最近一周我会对自己产生明显否定感。\", \"weight\": 1, \"dimension\": \"depression\"}, {\"id\": 33, \"max\": 5, \"min\": 1, \"text\": \"SCL90模拟题33：最近一周我常觉得未来看起来缺乏希望。\", \"weight\": 1, \"dimension\": \"depression\"}, {\"id\": 34, \"max\": 5, \"min\": 1, \"text\": \"SCL90模拟题34：最近一周我难以从日常小事中感到愉快。\", \"weight\": 1, \"dimension\": \"depression\"}, {\"id\": 35, \"max\": 5, \"min\": 1, \"text\": \"SCL90模拟题35：最近一周我会持续处在压抑的心情中。\", \"weight\": 1, \"dimension\": \"depression\"}, {\"id\": 36, \"max\": 5, \"min\": 1, \"text\": \"SCL90模拟题36：最近一周我会因为情绪问题影响学习效率。\", \"weight\": 1, \"dimension\": \"depression\"}, {\"id\": 37, \"max\": 5, \"min\": 1, \"text\": \"SCL90模拟题37：最近一周我经常感到紧张、担忧难以放松。\", \"weight\": 1, \"dimension\": \"anxiety\"}, {\"id\": 38, \"max\": 5, \"min\": 1, \"text\": \"SCL90模拟题38：最近一周我会因为小事反复焦虑。\", \"weight\": 1, \"dimension\": \"anxiety\"}, {\"id\": 39, \"max\": 5, \"min\": 1, \"text\": \"SCL90模拟题39：最近一周我容易出现坐立不安的状态。\", \"weight\": 1, \"dimension\": \"anxiety\"}, {\"id\": 40, \"max\": 5, \"min\": 1, \"text\": \"SCL90模拟题40：最近一周我会对未发生的事情提前担心。\", \"weight\": 1, \"dimension\": \"anxiety\"}, {\"id\": 41, \"max\": 5, \"min\": 1, \"text\": \"SCL90模拟题41：最近一周我在压力情境下容易慌乱。\", \"weight\": 1, \"dimension\": \"anxiety\"}, {\"id\": 42, \"max\": 5, \"min\": 1, \"text\": \"SCL90模拟题42：最近一周我难以让自己平静下来。\", \"weight\": 1, \"dimension\": \"anxiety\"}, {\"id\": 43, \"max\": 5, \"min\": 1, \"text\": \"SCL90模拟题43：最近一周我会因学习任务产生持续焦虑感。\", \"weight\": 1, \"dimension\": \"anxiety\"}, {\"id\": 44, \"max\": 5, \"min\": 1, \"text\": \"SCL90模拟题44：最近一周我在夜间更容易出现担心和烦躁。\", \"weight\": 1, \"dimension\": \"anxiety\"}, {\"id\": 45, \"max\": 5, \"min\": 1, \"text\": \"SCL90模拟题45：最近一周焦虑情绪已影响我的专注与休息。\", \"weight\": 1, \"dimension\": \"anxiety\"}, {\"id\": 46, \"max\": 5, \"min\": 1, \"text\": \"SCL90模拟题46：最近一周我比平时更容易烦躁或发脾气。\", \"weight\": 1, \"dimension\": \"hostility\"}, {\"id\": 47, \"max\": 5, \"min\": 1, \"text\": \"SCL90模拟题47：最近一周我会对他人的言行产生明显不满。\", \"weight\": 1, \"dimension\": \"hostility\"}, {\"id\": 48, \"max\": 5, \"min\": 1, \"text\": \"SCL90模拟题48：最近一周我常有“容易被激怒”的体验。\", \"weight\": 1, \"dimension\": \"hostility\"}, {\"id\": 49, \"max\": 5, \"min\": 1, \"text\": \"SCL90模拟题49：最近一周我在人际摩擦中更难控制情绪。\", \"weight\": 1, \"dimension\": \"hostility\"}, {\"id\": 50, \"max\": 5, \"min\": 1, \"text\": \"SCL90模拟题50：最近一周我会因小冲突持续生气。\", \"weight\": 1, \"dimension\": \"hostility\"}, {\"id\": 51, \"max\": 5, \"min\": 1, \"text\": \"SCL90模拟题51：最近一周我对周围环境更容易产生敌意。\", \"weight\": 1, \"dimension\": \"hostility\"}, {\"id\": 52, \"max\": 5, \"min\": 1, \"text\": \"SCL90模拟题52：最近一周我会在沟通中不自觉提高语气。\", \"weight\": 1, \"dimension\": \"hostility\"}, {\"id\": 53, \"max\": 5, \"min\": 1, \"text\": \"SCL90模拟题53：最近一周我会因压力大而迁怒他人。\", \"weight\": 1, \"dimension\": \"hostility\"}, {\"id\": 54, \"max\": 5, \"min\": 1, \"text\": \"SCL90模拟题54：最近一周我经常感觉心里憋闷、想发泄。\", \"weight\": 1, \"dimension\": \"hostility\"}, {\"id\": 55, \"max\": 5, \"min\": 1, \"text\": \"SCL90模拟题55：最近一周我在特定场景会出现明显害怕感。\", \"weight\": 1, \"dimension\": \"phobic\"}, {\"id\": 56, \"max\": 5, \"min\": 1, \"text\": \"SCL90模拟题56：最近一周我会因为陌生环境而回避出行。\", \"weight\": 1, \"dimension\": \"phobic\"}, {\"id\": 57, \"max\": 5, \"min\": 1, \"text\": \"SCL90模拟题57：最近一周我在公开场合容易紧张到想逃离。\", \"weight\": 1, \"dimension\": \"phobic\"}, {\"id\": 58, \"max\": 5, \"min\": 1, \"text\": \"SCL90模拟题58：最近一周我会担心某些情境发生失控。\", \"weight\": 1, \"dimension\": \"phobic\"}, {\"id\": 59, \"max\": 5, \"min\": 1, \"text\": \"SCL90模拟题59：最近一周我会因恐惧而主动减少社交活动。\", \"weight\": 1, \"dimension\": \"phobic\"}, {\"id\": 60, \"max\": 5, \"min\": 1, \"text\": \"SCL90模拟题60：最近一周我在人群密集处会明显不安。\", \"weight\": 1, \"dimension\": \"phobic\"}, {\"id\": 61, \"max\": 5, \"min\": 1, \"text\": \"SCL90模拟题61：最近一周我会回避自己觉得“危险”的地点。\", \"weight\": 1, \"dimension\": \"phobic\"}, {\"id\": 62, \"max\": 5, \"min\": 1, \"text\": \"SCL90模拟题62：最近一周我在考试/汇报前会出现强烈害怕。\", \"weight\": 1, \"dimension\": \"phobic\"}, {\"id\": 63, \"max\": 5, \"min\": 1, \"text\": \"SCL90模拟题63：最近一周恐惧情绪已影响我正常安排。\", \"weight\": 1, \"dimension\": \"phobic\"}, {\"id\": 64, \"max\": 5, \"min\": 1, \"text\": \"SCL90模拟题64：最近一周我会怀疑他人对我有负面意图。\", \"weight\": 1, \"dimension\": \"paranoid\"}, {\"id\": 65, \"max\": 5, \"min\": 1, \"text\": \"SCL90模拟题65：最近一周我容易把中性言行理解成针对我。\", \"weight\": 1, \"dimension\": \"paranoid\"}, {\"id\": 66, \"max\": 5, \"min\": 1, \"text\": \"SCL90模拟题66：最近一周我会担心别人背后议论自己。\", \"weight\": 1, \"dimension\": \"paranoid\"}, {\"id\": 67, \"max\": 5, \"min\": 1, \"text\": \"SCL90模拟题67：最近一周我在人际中更容易保持防备状态。\", \"weight\": 1, \"dimension\": \"paranoid\"}, {\"id\": 68, \"max\": 5, \"min\": 1, \"text\": \"SCL90模拟题68：最近一周我会对他人评价过度敏感。\", \"weight\": 1, \"dimension\": \"paranoid\"}, {\"id\": 69, \"max\": 5, \"min\": 1, \"text\": \"SCL90模拟题69：最近一周我常担心自己被误解或被针对。\", \"weight\": 1, \"dimension\": \"paranoid\"}, {\"id\": 70, \"max\": 5, \"min\": 1, \"text\": \"SCL90模拟题70：最近一周我对周围人的信任感有所下降。\", \"weight\": 1, \"dimension\": \"paranoid\"}, {\"id\": 71, \"max\": 5, \"min\": 1, \"text\": \"SCL90模拟题71：最近一周我会反复揣测他人的真实想法。\", \"weight\": 1, \"dimension\": \"paranoid\"}, {\"id\": 72, \"max\": 5, \"min\": 1, \"text\": \"SCL90模拟题72：最近一周我在团队协作中更难放松。\", \"weight\": 1, \"dimension\": \"paranoid\"}, {\"id\": 73, \"max\": 5, \"min\": 1, \"text\": \"SCL90模拟题73：最近一周我会感到与周围人有明显疏离感。\", \"weight\": 1, \"dimension\": \"psychoticism\"}, {\"id\": 74, \"max\": 5, \"min\": 1, \"text\": \"SCL90模拟题74：最近一周我偶尔会有不真实或恍惚的感觉。\", \"weight\": 1, \"dimension\": \"psychoticism\"}, {\"id\": 75, \"max\": 5, \"min\": 1, \"text\": \"SCL90模拟题75：最近一周我会觉得自己的想法难被理解。\", \"weight\": 1, \"dimension\": \"psychoticism\"}, {\"id\": 76, \"max\": 5, \"min\": 1, \"text\": \"SCL90模拟题76：最近一周我感到思路有时变得混乱。\", \"weight\": 1, \"dimension\": \"psychoticism\"}, {\"id\": 77, \"max\": 5, \"min\": 1, \"text\": \"SCL90模拟题77：最近一周我会出现难以描述的怪异不适感。\", \"weight\": 1, \"dimension\": \"psychoticism\"}, {\"id\": 78, \"max\": 5, \"min\": 1, \"text\": \"SCL90模拟题78：最近一周我会因心理压力感到“脱节”。\", \"weight\": 1, \"dimension\": \"psychoticism\"}, {\"id\": 79, \"max\": 5, \"min\": 1, \"text\": \"SCL90模拟题79：最近一周我在情绪波动时会有失控担忧。\", \"weight\": 1, \"dimension\": \"psychoticism\"}, {\"id\": 80, \"max\": 5, \"min\": 1, \"text\": \"SCL90模拟题80：最近一周我会觉得自己和环境不太协调。\", \"weight\": 1, \"dimension\": \"psychoticism\"}, {\"id\": 81, \"max\": 5, \"min\": 1, \"text\": \"SCL90模拟题81：最近一周我经常感到内心紧绷又难以言说。\", \"weight\": 1, \"dimension\": \"psychoticism\"}, {\"id\": 82, \"max\": 5, \"min\": 1, \"text\": \"SCL90模拟题82：最近一周我的睡眠质量明显下降。\", \"weight\": 1, \"dimension\": \"additional\"}, {\"id\": 83, \"max\": 5, \"min\": 1, \"text\": \"SCL90模拟题83：最近一周我在起床后仍感到疲惫。\", \"weight\": 1, \"dimension\": \"additional\"}, {\"id\": 84, \"max\": 5, \"min\": 1, \"text\": \"SCL90模拟题84：最近一周我的食欲较平时变化明显。\", \"weight\": 1, \"dimension\": \"additional\"}, {\"id\": 85, \"max\": 5, \"min\": 1, \"text\": \"SCL90模拟题85：最近一周我会因情绪问题影响日常效率。\", \"weight\": 1, \"dimension\": \"additional\"}, {\"id\": 86, \"max\": 5, \"min\": 1, \"text\": \"SCL90模拟题86：最近一周我更容易因小问题反复担忧。\", \"weight\": 1, \"dimension\": \"additional\"}, {\"id\": 87, \"max\": 5, \"min\": 1, \"text\": \"SCL90模拟题87：最近一周我会对未来安排感到迷茫。\", \"weight\": 1, \"dimension\": \"additional\"}, {\"id\": 88, \"max\": 5, \"min\": 1, \"text\": \"SCL90模拟题88：最近一周我难以维持稳定的学习节奏。\", \"weight\": 1, \"dimension\": \"additional\"}, {\"id\": 89, \"max\": 5, \"min\": 1, \"text\": \"SCL90模拟题89：最近一周我会觉得身心都处在高压状态。\", \"weight\": 1, \"dimension\": \"additional\"}, {\"id\": 90, \"max\": 5, \"min\": 1, \"text\": \"SCL90模拟题90：最近一周我需要更多支持才能维持状态。\", \"weight\": 1, \"dimension\": \"additional\"}]','2026-02-06 11:12:16.194748'),(3,'SAS 结构化模拟量表（20题）','sas_sample','结构化模拟题库（非版权原题），包含反向计分标记。','[{\"id\": 1, \"max\": 4, \"min\": 1, \"text\": \"SAS模拟题01：我会无明显原因地感到紧张不安。\", \"weight\": 1, \"dimension\": \"anxiety\"}, {\"id\": 2, \"max\": 4, \"min\": 1, \"text\": \"SAS模拟题02：我容易因为小事而心里发慌。\", \"weight\": 1, \"dimension\": \"anxiety\"}, {\"id\": 3, \"max\": 4, \"min\": 1, \"text\": \"SAS模拟题03：我在安静时也会感到难以放松。\", \"weight\": 1, \"dimension\": \"anxiety\"}, {\"id\": 4, \"max\": 4, \"min\": 1, \"text\": \"SAS模拟题04：我常担心不好的事情会发生在自己身上。\", \"weight\": 1, \"dimension\": \"anxiety\"}, {\"id\": 5, \"max\": 4, \"min\": 1, \"text\": \"SAS模拟题05：我在学习任务前会过度紧张。\", \"weight\": 1, \"reverse\": true, \"dimension\": \"anxiety\"}, {\"id\": 6, \"max\": 4, \"min\": 1, \"text\": \"SAS模拟题06：我会出现坐立不安、难以静下来的情况。\", \"weight\": 1, \"dimension\": \"anxiety\"}, {\"id\": 7, \"max\": 4, \"min\": 1, \"text\": \"SAS模拟题07：我常觉得心跳加快或有紧迫感。\", \"weight\": 1, \"dimension\": \"anxiety\"}, {\"id\": 8, \"max\": 4, \"min\": 1, \"text\": \"SAS模拟题08：我会因未来不确定而持续担忧。\", \"weight\": 1, \"dimension\": \"anxiety\"}, {\"id\": 9, \"max\": 4, \"min\": 1, \"text\": \"SAS模拟题09：我容易因为他人评价而焦虑。\", \"weight\": 1, \"reverse\": true, \"dimension\": \"anxiety\"}, {\"id\": 10, \"max\": 4, \"min\": 1, \"text\": \"SAS模拟题10：我在睡前常因担心而难以入睡。\", \"weight\": 1, \"dimension\": \"anxiety\"}, {\"id\": 11, \"max\": 4, \"min\": 1, \"text\": \"SAS模拟题11：我经常感觉神经绷得很紧。\", \"weight\": 1, \"dimension\": \"anxiety\"}, {\"id\": 12, \"max\": 4, \"min\": 1, \"text\": \"SAS模拟题12：我在压力下会明显烦躁。\", \"weight\": 1, \"dimension\": \"anxiety\"}, {\"id\": 13, \"max\": 4, \"min\": 1, \"text\": \"SAS模拟题13：我会反复思考同一件担心的事。\", \"weight\": 1, \"reverse\": true, \"dimension\": \"anxiety\"}, {\"id\": 14, \"max\": 4, \"min\": 1, \"text\": \"SAS模拟题14：我在公共场合容易紧张。\", \"weight\": 1, \"dimension\": \"anxiety\"}, {\"id\": 15, \"max\": 4, \"min\": 1, \"text\": \"SAS模拟题15：我会因学习节奏而感到持续焦虑。\", \"weight\": 1, \"dimension\": \"anxiety\"}, {\"id\": 16, \"max\": 4, \"min\": 1, \"text\": \"SAS模拟题16：我常担心自己表现不够好。\", \"weight\": 1, \"dimension\": \"anxiety\"}, {\"id\": 17, \"max\": 4, \"min\": 1, \"text\": \"SAS模拟题17：我在突发变化面前容易慌乱。\", \"weight\": 1, \"reverse\": true, \"dimension\": \"anxiety\"}, {\"id\": 18, \"max\": 4, \"min\": 1, \"text\": \"SAS模拟题18：我近期更容易疲惫且难以恢复。\", \"weight\": 1, \"dimension\": \"anxiety\"}, {\"id\": 19, \"max\": 4, \"min\": 1, \"text\": \"SAS模拟题19：我会因焦虑影响专注力。\", \"weight\": 1, \"reverse\": true, \"dimension\": \"anxiety\"}, {\"id\": 20, \"max\": 4, \"min\": 1, \"text\": \"SAS模拟题20：我总体上感觉焦虑程度较高。\", \"weight\": 1, \"dimension\": \"anxiety\"}]','2026-02-06 11:12:22.566808'),(4,'SDS 结构化模拟量表（20题）','sds_sample','结构化模拟题库（非版权原题），包含反向计分标记。','[{\"id\": 1, \"max\": 4, \"min\": 1, \"text\": \"SDS模拟题01：我最近情绪低落的时间变多了。\", \"weight\": 1, \"dimension\": \"depression\"}, {\"id\": 2, \"max\": 4, \"min\": 1, \"text\": \"SDS模拟题02：我对曾经喜欢的事情兴趣下降。\", \"weight\": 1, \"reverse\": true, \"dimension\": \"depression\"}, {\"id\": 3, \"max\": 4, \"min\": 1, \"text\": \"SDS模拟题03：我会觉得做事提不起精神。\", \"weight\": 1, \"dimension\": \"depression\"}, {\"id\": 4, \"max\": 4, \"min\": 1, \"text\": \"SDS模拟题04：我常感到疲惫、动力不足。\", \"weight\": 1, \"dimension\": \"depression\"}, {\"id\": 5, \"max\": 4, \"min\": 1, \"text\": \"SDS模拟题05：我会觉得自己价值感降低。\", \"weight\": 1, \"reverse\": true, \"dimension\": \"depression\"}, {\"id\": 6, \"max\": 4, \"min\": 1, \"text\": \"SDS模拟题06：我对未来有时缺乏希望。\", \"weight\": 1, \"reverse\": true, \"dimension\": \"depression\"}, {\"id\": 7, \"max\": 4, \"min\": 1, \"text\": \"SDS模拟题07：我在学习中容易感到无力。\", \"weight\": 1, \"dimension\": \"depression\"}, {\"id\": 8, \"max\": 4, \"min\": 1, \"text\": \"SDS模拟题08：我比平时更想独处。\", \"weight\": 1, \"dimension\": \"depression\"}, {\"id\": 9, \"max\": 4, \"min\": 1, \"text\": \"SDS模拟题09：我在社交中变得被动。\", \"weight\": 1, \"dimension\": \"depression\"}, {\"id\": 10, \"max\": 4, \"min\": 1, \"text\": \"SDS模拟题10：我会出现持续性的消极想法。\", \"weight\": 1, \"dimension\": \"depression\"}, {\"id\": 11, \"max\": 4, \"min\": 1, \"text\": \"SDS模拟题11：我最近做事效率明显下降。\", \"weight\": 1, \"reverse\": true, \"dimension\": \"depression\"}, {\"id\": 12, \"max\": 4, \"min\": 1, \"text\": \"SDS模拟题12：我会因情绪问题影响作息。\", \"weight\": 1, \"reverse\": true, \"dimension\": \"depression\"}, {\"id\": 13, \"max\": 4, \"min\": 1, \"text\": \"SDS模拟题13：我常觉得开心变得困难。\", \"weight\": 1, \"dimension\": \"depression\"}, {\"id\": 14, \"max\": 4, \"min\": 1, \"text\": \"SDS模拟题14：我会否定自己的能力与表现。\", \"weight\": 1, \"reverse\": true, \"dimension\": \"depression\"}, {\"id\": 15, \"max\": 4, \"min\": 1, \"text\": \"SDS模拟题15：我有时觉得生活缺少意义感。\", \"weight\": 1, \"dimension\": \"depression\"}, {\"id\": 16, \"max\": 4, \"min\": 1, \"text\": \"SDS模拟题16：我面对压力时更容易沮丧。\", \"weight\": 1, \"reverse\": true, \"dimension\": \"depression\"}, {\"id\": 17, \"max\": 4, \"min\": 1, \"text\": \"SDS模拟题17：我最近容易陷入自责情绪。\", \"weight\": 1, \"reverse\": true, \"dimension\": \"depression\"}, {\"id\": 18, \"max\": 4, \"min\": 1, \"text\": \"SDS模拟题18：我会因小挫折而情绪下滑很久。\", \"weight\": 1, \"reverse\": true, \"dimension\": \"depression\"}, {\"id\": 19, \"max\": 4, \"min\": 1, \"text\": \"SDS模拟题19：我总体上感到情绪较压抑。\", \"weight\": 1, \"dimension\": \"depression\"}, {\"id\": 20, \"max\": 4, \"min\": 1, \"text\": \"SDS模拟题20：我感觉需要外部支持来调整状态。\", \"weight\": 1, \"reverse\": true, \"dimension\": \"depression\"}]','2026-02-06 11:12:23.308933');
/*!40000 ALTER TABLE `surveys_questionnairetemplate` ENABLE KEYS */;
UNLOCK TABLES;
/*!40103 SET TIME_ZONE=@OLD_TIME_ZONE */;

/*!40101 SET SQL_MODE=@OLD_SQL_MODE */;
/*!40014 SET FOREIGN_KEY_CHECKS=@OLD_FOREIGN_KEY_CHECKS */;
/*!40014 SET UNIQUE_CHECKS=@OLD_UNIQUE_CHECKS */;
/*!40101 SET CHARACTER_SET_CLIENT=@OLD_CHARACTER_SET_CLIENT */;
/*!40101 SET CHARACTER_SET_RESULTS=@OLD_CHARACTER_SET_RESULTS */;
/*!40101 SET COLLATION_CONNECTION=@OLD_COLLATION_CONNECTION */;
/*!40111 SET SQL_NOTES=@OLD_SQL_NOTES */;

-- Dump completed on 2026-02-25  0:12:01
